ISO-10303-21;
HEADER;
FILE_DESCRIPTION(('KiCad electronic assembly'),'2;1');
FILE_NAME('ORCATemplate.step','2026-06-19T12:06:17',('Pcbnew'),('Kicad')
  ,'Open CASCADE STEP processor 7.9','KiCad to STEP converter','Unknown'
  );
FILE_SCHEMA(('AUTOMOTIVE_DESIGN { 1 0 10303 214 1 1 1 1 }'));
ENDSEC;
DATA;
#1 = APPLICATION_PROTOCOL_DEFINITION('international standard',
  'automotive_design',2000,#2);
#2 = APPLICATION_CONTEXT(
  'core data for automotive mechanical design processes');
#3 = SHAPE_DEFINITION_REPRESENTATION(#4,#10);
#4 = PRODUCT_DEFINITION_SHAPE('','',#5);
#5 = PRODUCT_DEFINITION('design','',#6,#9);
#6 = PRODUCT_DEFINITION_FORMATION('','',#7);
#7 = PRODUCT('ORCATemplate 1','ORCATemplate 1','',(#8));
#8 = PRODUCT_CONTEXT('',#2,'mechanical');
#9 = PRODUCT_DEFINITION_CONTEXT('part definition',#2,'design');
#10 = SHAPE_REPRESENTATION('',(#11,#15,#19,#23),#27);
#11 = AXIS2_PLACEMENT_3D('',#12,#13,#14);
#12 = CARTESIAN_POINT('',(0.,0.,0.));
#13 = DIRECTION('',(0.,0.,1.));
#14 = DIRECTION('',(1.,0.,-0.));
#15 = AXIS2_PLACEMENT_3D('',#16,#17,#18);
#16 = CARTESIAN_POINT('',(126.01,-108.75,4.540000714));
#17 = DIRECTION('',(1.110223024625E-16,1.,1.110223024625E-16));
#18 = DIRECTION('',(1.232595164408E-32,1.110223024625E-16,-1.));
#19 = AXIS2_PLACEMENT_3D('',#20,#21,#22);
#20 = CARTESIAN_POINT('',(126.01,-124.04,4.540000714));
#21 = DIRECTION('',(1.110223024625E-16,1.,1.110223024625E-16));
#22 = DIRECTION('',(1.232595164408E-32,1.110223024625E-16,-1.));
#23 = AXIS2_PLACEMENT_3D('',#24,#25,#26);
#24 = CARTESIAN_POINT('',(0.,0.,0.));
#25 = DIRECTION('',(0.,0.,1.));
#26 = DIRECTION('',(1.,0.,-0.));
#27 = ( GEOMETRIC_REPRESENTATION_CONTEXT(3) 
GLOBAL_UNCERTAINTY_ASSIGNED_CONTEXT((#31)) GLOBAL_UNIT_ASSIGNED_CONTEXT(
(#28,#29,#30)) REPRESENTATION_CONTEXT('Context #1',
  '3D Context with UNIT and UNCERTAINTY') );
#28 = ( LENGTH_UNIT() NAMED_UNIT(*) SI_UNIT(.MILLI.,.METRE.) );
#29 = ( NAMED_UNIT(*) PLANE_ANGLE_UNIT() SI_UNIT($,.RADIAN.) );
#30 = ( NAMED_UNIT(*) SI_UNIT($,.STERADIAN.) SOLID_ANGLE_UNIT() );
#31 = UNCERTAINTY_MEASURE_WITH_UNIT(LENGTH_MEASURE(2.E-05),#28,
  'distance_accuracy_value','confusion accuracy');
#32 = PRODUCT_RELATED_PRODUCT_CATEGORY('part',$,(#7));
#33 = SHAPE_DEFINITION_REPRESENTATION(#34,#40);
#34 = PRODUCT_DEFINITION_SHAPE('','',#35);
#35 = PRODUCT_DEFINITION('design','',#36,#39);
#36 = PRODUCT_DEFINITION_FORMATION('','',#37);
#37 = PRODUCT('SFH11-xxPC-D10-RA-BK','SFH11-xxPC-D10-RA-BK','',(#38));
#38 = PRODUCT_CONTEXT('',#2,'mechanical');
#39 = PRODUCT_DEFINITION_CONTEXT('part definition',#2,'design');
#40 = SHAPE_REPRESENTATION('',(#11,#41),#45);
#41 = AXIS2_PLACEMENT_3D('',#42,#43,#44);
#42 = CARTESIAN_POINT('',(0.,0.,0.));
#43 = DIRECTION('',(0.,0.,1.));
#44 = DIRECTION('',(1.,0.,-0.));
#45 = ( GEOMETRIC_REPRESENTATION_CONTEXT(3) 
GLOBAL_UNCERTAINTY_ASSIGNED_CONTEXT((#49)) GLOBAL_UNIT_ASSIGNED_CONTEXT(
(#46,#47,#48)) REPRESENTATION_CONTEXT('Context #1',
  '3D Context with UNIT and UNCERTAINTY') );
#46 = ( LENGTH_UNIT() NAMED_UNIT(*) SI_UNIT(.MILLI.,.METRE.) );
#47 = ( NAMED_UNIT(*) PLANE_ANGLE_UNIT() SI_UNIT($,.RADIAN.) );
#48 = ( NAMED_UNIT(*) SI_UNIT($,.STERADIAN.) SOLID_ANGLE_UNIT() );
#49 = UNCERTAINTY_MEASURE_WITH_UNIT(LENGTH_MEASURE(2.E-05),#46,
  'distance_accuracy_value','confusion accuracy');
#50 = CONTEXT_DEPENDENT_SHAPE_REPRESENTATION(#51,#53);
#51 = ( REPRESENTATION_RELATIONSHIP('','',#40,#10) 
REPRESENTATION_RELATIONSHIP_WITH_TRANSFORMATION(#52) 
SHAPE_REPRESENTATION_RELATIONSHIP() );
#52 = ITEM_DEFINED_TRANSFORMATION('','',#11,#15);
#53 = PRODUCT_DEFINITION_SHAPE('Placement','Placement of an item',#54);
#54 = NEXT_ASSEMBLY_USAGE_OCCURRENCE('15','IDC_1','',#5,#35,$);
#55 = PRODUCT_RELATED_PRODUCT_CATEGORY('part',$,(#37));
#56 = SHAPE_DEFINITION_REPRESENTATION(#57,#63);
#57 = PRODUCT_DEFINITION_SHAPE('','',#58);
#58 = PRODUCT_DEFINITION('design','',#59,#62);
#59 = PRODUCT_DEFINITION_FORMATION('','',#60);
#60 = PRODUCT('SFH11-xxPC-D10-RA-BK','SFH11-xxPC-D10-RA-BK','',(#61));
#61 = PRODUCT_CONTEXT('',#2,'mechanical');
#62 = PRODUCT_DEFINITION_CONTEXT('part definition',#2,'design');
#63 = SHAPE_REPRESENTATION('',(#11,#64,#68,#72,#76,#80,#84,#88,#92,#96,
    #100,#104,#108,#112),#116);
#64 = AXIS2_PLACEMENT_3D('',#65,#66,#67);
#65 = CARTESIAN_POINT('',(0.,0.,0.));
#66 = DIRECTION('',(0.,0.,1.));
#67 = DIRECTION('',(1.,0.,0.));
#68 = AXIS2_PLACEMENT_3D('',#69,#70,#71);
#69 = CARTESIAN_POINT('',(-4.336808689942E-16,-4.05,-3.73));
#70 = DIRECTION('',(1.,1.043544591017E-16,-1.38506827535E-17));
#71 = DIRECTION('',(-1.38506827535E-17,5.548295790223E-17,-1.));
#72 = AXIS2_PLACEMENT_3D('',#73,#74,#75);
#73 = CARTESIAN_POINT('',(4.336808689942E-16,0.,2.54));
#74 = DIRECTION('',(0.,0.,1.));
#75 = DIRECTION('',(1.,0.,0.));
#76 = AXIS2_PLACEMENT_3D('',#77,#78,#79);
#77 = CARTESIAN_POINT('',(8.673617379884E-16,0.,5.08));
#78 = DIRECTION('',(0.,0.,1.));
#79 = DIRECTION('',(1.,0.,0.));
#80 = AXIS2_PLACEMENT_3D('',#81,#82,#83);
#81 = CARTESIAN_POINT('',(3.469446951954E-15,-4.05,26.59));
#82 = DIRECTION('',(-1.,5.551115123126E-17,5.721526111814E-18));
#83 = DIRECTION('',(5.721526111814E-18,-7.410473724905E-18,1.));
#84 = AXIS2_PLACEMENT_3D('',#85,#86,#87);
#85 = CARTESIAN_POINT('',(1.301042606983E-15,0.,7.62));
#86 = DIRECTION('',(0.,0.,1.));
#87 = DIRECTION('',(1.,0.,0.));
#88 = AXIS2_PLACEMENT_3D('',#89,#90,#91);
#89 = CARTESIAN_POINT('',(1.734723475977E-15,0.,10.16));
#90 = DIRECTION('',(0.,0.,1.));
#91 = DIRECTION('',(1.,0.,0.));
#92 = AXIS2_PLACEMENT_3D('',#93,#94,#95);
#93 = CARTESIAN_POINT('',(2.168404344971E-15,0.,12.7));
#94 = DIRECTION('',(0.,0.,1.));
#95 = DIRECTION('',(1.,0.,0.));
#96 = AXIS2_PLACEMENT_3D('',#97,#98,#99);
#97 = CARTESIAN_POINT('',(2.602085213965E-15,0.,15.24));
#98 = DIRECTION('',(0.,0.,1.));
#99 = DIRECTION('',(1.,0.,0.));
#100 = AXIS2_PLACEMENT_3D('',#101,#102,#103);
#101 = CARTESIAN_POINT('',(3.035766082959E-15,0.,17.78));
#102 = DIRECTION('',(0.,0.,1.));
#103 = DIRECTION('',(1.,0.,0.));
#104 = AXIS2_PLACEMENT_3D('',#105,#106,#107);
#105 = CARTESIAN_POINT('',(3.469446951954E-15,0.,20.32));
#106 = DIRECTION('',(0.,0.,1.));
#107 = DIRECTION('',(1.,0.,0.));
#108 = AXIS2_PLACEMENT_3D('',#109,#110,#111);
#109 = CARTESIAN_POINT('',(3.903127820948E-15,0.,22.86));
#110 = DIRECTION('',(0.,0.,1.));
#111 = DIRECTION('',(1.,0.,0.));
#112 = AXIS2_PLACEMENT_3D('',#113,#114,#115);
#113 = CARTESIAN_POINT('',(-2.9,-6.930890052356,11.446833862433));
#114 = DIRECTION('',(-1.,2.470246229791E-15,-1.70740499604E-16));
#115 = DIRECTION('',(-1.70740499604E-16,-5.551115123126E-17,1.));
#116 = ( GEOMETRIC_REPRESENTATION_CONTEXT(3) 
GLOBAL_UNCERTAINTY_ASSIGNED_CONTEXT((#120)) GLOBAL_UNIT_ASSIGNED_CONTEXT
((#117,#118,#119)) REPRESENTATION_CONTEXT('Context #1',
  '3D Context with UNIT and UNCERTAINTY') );
#117 = ( LENGTH_UNIT() NAMED_UNIT(*) SI_UNIT(.MILLI.,.METRE.) );
#118 = ( NAMED_UNIT(*) PLANE_ANGLE_UNIT() SI_UNIT($,.RADIAN.) );
#119 = ( NAMED_UNIT(*) SI_UNIT($,.STERADIAN.) SOLID_ANGLE_UNIT() );
#120 = UNCERTAINTY_MEASURE_WITH_UNIT(LENGTH_MEASURE(2.E-05),#117,
  'distance_accuracy_value','confusion accuracy');
#121 = CONTEXT_DEPENDENT_SHAPE_REPRESENTATION(#122,#124);
#122 = ( REPRESENTATION_RELATIONSHIP('','',#63,#40) 
REPRESENTATION_RELATIONSHIP_WITH_TRANSFORMATION(#123) 
SHAPE_REPRESENTATION_RELATIONSHIP() );
#123 = ITEM_DEFINED_TRANSFORMATION('','',#11,#41);
#124 = PRODUCT_DEFINITION_SHAPE('Placement','Placement of an item',#125
  );
#125 = NEXT_ASSEMBLY_USAGE_OCCURRENCE('14','=>[0:1:1:3]','',#35,#58,$);
#126 = PRODUCT_RELATED_PRODUCT_CATEGORY('part',$,(#60));
#127 = SHAPE_DEFINITION_REPRESENTATION(#128,#134);
#128 = PRODUCT_DEFINITION_SHAPE('','',#129);
#129 = PRODUCT_DEFINITION('design','',#130,#133);
#130 = PRODUCT_DEFINITION_FORMATION('','',#131);
#131 = PRODUCT('body section with RA gold pins',
  'body section with RA gold pins','',(#132));
#132 = PRODUCT_CONTEXT('',#2,'mechanical');
#133 = PRODUCT_DEFINITION_CONTEXT('part definition',#2,'design');
#134 = SHAPE_REPRESENTATION('',(#11,#135,#3101,#4195),#5289);
#135 = MANIFOLD_SOLID_BREP('',#136);
#136 = CLOSED_SHELL('',(#137,#189,#241,#293,#345,#385,#561,#601,#718,
    #749,#857,#897,#937,#977,#1017,#1057,#1097,#1137,#1175,#1213,#1253,
    #1293,#1333,#1373,#1413,#1453,#1491,#1531,#1569,#1591,#1613,#1635,
    #1657,#1669,#1681,#1693,#1705,#1717,#1729,#1741,#1753,#1771,#1797,
    #1829,#1848,#1866,#1890,#1908,#1927,#1951,#1983,#2009,#2035,#2067,
    #2085,#2103,#2121,#2145,#2163,#2181,#2199,#2223,#2240,#2266,#2292,
    #2309,#2327,#2345,#2363,#2381,#2398,#2415,#2427,#2451,#2483,#2515,
    #2527,#2545,#2569,#2587,#2605,#2623,#2649,#2681,#2713,#2739,#2758,
    #2776,#2794,#2818,#2836,#2854,#2873,#2897,#2923,#2940,#2957,#2983,
    #3001,#3019,#3037,#3055,#3072,#3089));
#137 = ADVANCED_FACE('',(#138),#176,.T.);
#138 = FACE_BOUND('',#139,.T.);
#139 = EDGE_LOOP('',(#140,#151,#160,#169));
#140 = ORIENTED_EDGE('',*,*,#141,.T.);
#141 = EDGE_CURVE('',#142,#144,#146,.T.);
#142 = VERTEX_POINT('',#143);
#143 = CARTESIAN_POINT('',(2.086421356237,0.,-0.675));
#144 = VERTEX_POINT('',#145);
#145 = CARTESIAN_POINT('',(2.048527618041,1.355252715607E-17,
    -0.778527618041));
#146 = ( BOUNDED_CURVE() B_SPLINE_CURVE(3,(#147,#148,#149,#150),
.UNSPECIFIED.,.F.,.F.) B_SPLINE_CURVE_WITH_KNOTS((4,4),(5.759586531581,
6.28318530718),.PIECEWISE_BEZIER_KNOTS.) CURVE() 
GEOMETRIC_REPRESENTATION_ITEM() RATIONAL_B_SPLINE_CURVE((1.,
0.977283884193,0.977283884193,1.)) REPRESENTATION_ITEM('') );
#147 = CARTESIAN_POINT('',(2.086421356237,0.,-0.675));
#148 = CARTESIAN_POINT('',(2.086421356237,1.355252715607E-17,
    -0.718247385703));
#149 = CARTESIAN_POINT('',(2.073496507818,1.355252715607E-17,
    -0.753558728264));
#150 = CARTESIAN_POINT('',(2.048527618041,1.355252715607E-17,
    -0.778527618041));
#151 = ORIENTED_EDGE('',*,*,#152,.T.);
#152 = EDGE_CURVE('',#144,#153,#155,.T.);
#153 = VERTEX_POINT('',#154);
#154 = CARTESIAN_POINT('',(2.007702788995,-1.835034190723E-02,
    -0.737702788995));
#155 = CIRCLE('',#156,0.1);
#156 = AXIS2_PLACEMENT_3D('',#157,#158,#159);
#157 = CARTESIAN_POINT('',(2.048527618041,-1.E-01,-0.778527618041));
#158 = DIRECTION('',(0.707106781187,-0.,0.707106781187));
#159 = DIRECTION('',(0.707106781187,0.,-0.707106781187));
#160 = ORIENTED_EDGE('',*,*,#161,.F.);
#161 = EDGE_CURVE('',#162,#153,#164,.T.);
#162 = VERTEX_POINT('',#163);
#163 = CARTESIAN_POINT('',(2.015710678119,-2.928932188135E-02,-0.675));
#164 = ( BOUNDED_CURVE() B_SPLINE_CURVE(3,(#165,#166,#167,#168),
.UNSPECIFIED.,.F.,.F.) B_SPLINE_CURVE_WITH_KNOTS((4,4),(5.759586531581,
6.28318530718),.PIECEWISE_BEZIER_KNOTS.) CURVE() 
GEOMETRIC_REPRESENTATION_ITEM() RATIONAL_B_SPLINE_CURVE((1.,
0.977283884193,0.977283884193,1.)) REPRESENTATION_ITEM('') );
#165 = CARTESIAN_POINT('',(2.015710678119,-2.928932188135E-02,-0.675));
#166 = CARTESIAN_POINT('',(2.022918575736,-2.208142426417E-02,
    -0.703831590469));
#167 = CARTESIAN_POINT('',(2.020187233883,-1.835034190723E-02,
    -0.725218344106));
#168 = CARTESIAN_POINT('',(2.007702788995,-1.835034190723E-02,
    -0.737702788995));
#169 = ORIENTED_EDGE('',*,*,#170,.T.);
#170 = EDGE_CURVE('',#162,#142,#171,.T.);
#171 = CIRCLE('',#172,1.E-01);
#172 = AXIS2_PLACEMENT_3D('',#173,#174,#175);
#173 = CARTESIAN_POINT('',(2.086421356237,-0.1,-0.675));
#174 = DIRECTION('',(0.,0.,-1.));
#175 = DIRECTION('',(-1.,0.,0.));
#176 = ( BOUNDED_SURFACE() B_SPLINE_SURFACE(3,2,(
    (#177,#178,#179)
    ,(#180,#181,#182)
    ,(#183,#184,#185)
    ,(#186,#187,#188
)),.UNSPECIFIED.,.F.,.F.,.F.) B_SPLINE_SURFACE_WITH_KNOTS((4,4),(3,3),(
    5.759586531581,6.28318530718),(0.,1.),.PIECEWISE_BEZIER_KNOTS.) 
GEOMETRIC_REPRESENTATION_ITEM() RATIONAL_B_SPLINE_SURFACE((
    (1.,0.923879532511,1.)
    ,(1.,0.943176268845,1.)
    ,(1.,0.953036376009,1.)
,(1.,0.953020613871,1.))) REPRESENTATION_ITEM('') SURFACE() );
#177 = CARTESIAN_POINT('',(2.086421356237,1.355252715607E-17,-0.675));
#178 = CARTESIAN_POINT('',(2.045,0.,-0.675));
#179 = CARTESIAN_POINT('',(2.015710678119,-2.928932188135E-02,-0.675));
#180 = CARTESIAN_POINT('',(2.086421355395,1.355252715607E-17,
    -0.717874315701));
#181 = CARTESIAN_POINT('',(2.050805265261,-8.547336321995E-16,
    -0.708835843903));
#182 = CARTESIAN_POINT('',(2.022862379783,-2.213762021726E-02,
    -0.703606807921));
#183 = CARTESIAN_POINT('',(2.073270328108,1.355252715607E-17,
    -0.753784905296));
#184 = CARTESIAN_POINT('',(2.043997389932,2.715036135835E-15,
    -0.738108868962));
#185 = CARTESIAN_POINT('',(2.020080883741,-1.835034280052E-02,
    -0.725324692462));
#186 = CARTESIAN_POINT('',(2.048527618041,1.355252715607E-17,
    -0.778527618041));
#187 = CARTESIAN_POINT('',(2.026053130902,-1.355252715607E-17,
    -0.756053130902));
#188 = CARTESIAN_POINT('',(2.007702788995,-1.835034190723E-02,
    -0.737702788995));
#189 = ADVANCED_FACE('',(#190),#228,.T.);
#190 = FACE_BOUND('',#191,.T.);
#191 = EDGE_LOOP('',(#192,#203,#212,#221));
#192 = ORIENTED_EDGE('',*,*,#193,.T.);
#193 = EDGE_CURVE('',#194,#196,#198,.T.);
#194 = VERTEX_POINT('',#195);
#195 = CARTESIAN_POINT('',(1.945,0.,0.816421356237));
#196 = VERTEX_POINT('',#197);
#197 = CARTESIAN_POINT('',(2.048527618041,1.355252715607E-17,
    0.778527618041));
#198 = ( BOUNDED_CURVE() B_SPLINE_CURVE(3,(#199,#200,#201,#202),
.UNSPECIFIED.,.F.,.F.) B_SPLINE_CURVE_WITH_KNOTS((4,4),(5.759586531581,
6.28318530718),.PIECEWISE_BEZIER_KNOTS.) CURVE() 
GEOMETRIC_REPRESENTATION_ITEM() RATIONAL_B_SPLINE_CURVE((1.,
0.977283884193,0.977283884193,1.)) REPRESENTATION_ITEM('') );
#199 = CARTESIAN_POINT('',(1.945,0.,0.816421356237));
#200 = CARTESIAN_POINT('',(1.988247385703,1.355252715607E-17,
    0.816421356237));
#201 = CARTESIAN_POINT('',(2.023558728264,1.355252715607E-17,
    0.803496507818));
#202 = CARTESIAN_POINT('',(2.048527618041,1.355252715607E-17,
    0.778527618041));
#203 = ORIENTED_EDGE('',*,*,#204,.T.);
#204 = EDGE_CURVE('',#196,#205,#207,.T.);
#205 = VERTEX_POINT('',#206);
#206 = CARTESIAN_POINT('',(2.007702788995,-1.835034190723E-02,
    0.737702788995));
#207 = CIRCLE('',#208,0.1);
#208 = AXIS2_PLACEMENT_3D('',#209,#210,#211);
#209 = CARTESIAN_POINT('',(2.048527618041,-1.E-01,0.778527618041));
#210 = DIRECTION('',(-0.707106781187,-0.,0.707106781187));
#211 = DIRECTION('',(0.707106781187,0.,0.707106781187));
#212 = ORIENTED_EDGE('',*,*,#213,.F.);
#213 = EDGE_CURVE('',#214,#205,#216,.T.);
#214 = VERTEX_POINT('',#215);
#215 = CARTESIAN_POINT('',(1.945,-2.928932188135E-02,0.745710678119));
#216 = ( BOUNDED_CURVE() B_SPLINE_CURVE(3,(#217,#218,#219,#220),
.UNSPECIFIED.,.F.,.F.) B_SPLINE_CURVE_WITH_KNOTS((4,4),(5.759586531581,
6.28318530718),.PIECEWISE_BEZIER_KNOTS.) CURVE() 
GEOMETRIC_REPRESENTATION_ITEM() RATIONAL_B_SPLINE_CURVE((1.,
0.977283884193,0.977283884193,1.)) REPRESENTATION_ITEM('') );
#217 = CARTESIAN_POINT('',(1.945,-2.928932188135E-02,0.745710678119));
#218 = CARTESIAN_POINT('',(1.973831590469,-2.208142426417E-02,
    0.752918575736));
#219 = CARTESIAN_POINT('',(1.995218344106,-1.835034190723E-02,
    0.750187233883));
#220 = CARTESIAN_POINT('',(2.007702788995,-1.835034190723E-02,
    0.737702788995));
#221 = ORIENTED_EDGE('',*,*,#222,.T.);
#222 = EDGE_CURVE('',#214,#194,#223,.T.);
#223 = CIRCLE('',#224,0.1);
#224 = AXIS2_PLACEMENT_3D('',#225,#226,#227);
#225 = CARTESIAN_POINT('',(1.945,-1.E-01,0.816421356237));
#226 = DIRECTION('',(1.,-0.,0.));
#227 = DIRECTION('',(0.,0.,-1.));
#228 = ( BOUNDED_SURFACE() B_SPLINE_SURFACE(3,2,(
    (#229,#230,#231)
    ,(#232,#233,#234)
    ,(#235,#236,#237)
    ,(#238,#239,#240
)),.UNSPECIFIED.,.F.,.F.,.F.) B_SPLINE_SURFACE_WITH_KNOTS((4,4),(3,3),(
    5.759586531581,6.28318530718),(0.,1.),.PIECEWISE_BEZIER_KNOTS.) 
GEOMETRIC_REPRESENTATION_ITEM() RATIONAL_B_SPLINE_SURFACE((
    (1.,0.923879532511,1.)
    ,(1.,0.943176268845,1.)
    ,(1.,0.953036376009,1.)
,(1.,0.953020613871,1.))) REPRESENTATION_ITEM('') SURFACE() );
#229 = CARTESIAN_POINT('',(1.945,1.355252715607E-17,0.816421356237));
#230 = CARTESIAN_POINT('',(1.945,6.776263578034E-18,0.775));
#231 = CARTESIAN_POINT('',(1.945,-2.928932188135E-02,0.745710678119));
#232 = CARTESIAN_POINT('',(1.987874315701,1.355252715607E-17,
    0.816421355395));
#233 = CARTESIAN_POINT('',(1.978835843903,-5.630461578897E-16,
    0.780805265261));
#234 = CARTESIAN_POINT('',(1.973606807921,-2.213762021727E-02,
    0.752862379783));
#235 = CARTESIAN_POINT('',(2.023784905296,1.355252715607E-17,
    0.803270328108));
#236 = CARTESIAN_POINT('',(2.008108868962,-5.067393139014E-15,
    0.773997389932));
#237 = CARTESIAN_POINT('',(1.995324692462,-1.835034280052E-02,
    0.750080883741));
#238 = CARTESIAN_POINT('',(2.048527618041,1.355252715607E-17,
    0.778527618041));
#239 = CARTESIAN_POINT('',(2.026053130902,3.388131789017E-17,
    0.756053130902));
#240 = CARTESIAN_POINT('',(2.007702788995,-1.835034190723E-02,
    0.737702788995));
#241 = ADVANCED_FACE('',(#242),#280,.T.);
#242 = FACE_BOUND('',#243,.T.);
#243 = EDGE_LOOP('',(#244,#255,#264,#273));
#244 = ORIENTED_EDGE('',*,*,#245,.T.);
#245 = EDGE_CURVE('',#246,#248,#250,.T.);
#246 = VERTEX_POINT('',#247);
#247 = CARTESIAN_POINT('',(-0.453578643763,0.,-0.675));
#248 = VERTEX_POINT('',#249);
#249 = CARTESIAN_POINT('',(-0.491472381959,0.,-0.778527618041));
#250 = ( BOUNDED_CURVE() B_SPLINE_CURVE(3,(#251,#252,#253,#254),
.UNSPECIFIED.,.F.,.F.) B_SPLINE_CURVE_WITH_KNOTS((4,4),(5.759586531581,
6.28318530718),.PIECEWISE_BEZIER_KNOTS.) CURVE() 
GEOMETRIC_REPRESENTATION_ITEM() RATIONAL_B_SPLINE_CURVE((1.,
0.977283884193,0.977283884193,1.)) REPRESENTATION_ITEM('') );
#251 = CARTESIAN_POINT('',(-0.453578643763,0.,-0.675));
#252 = CARTESIAN_POINT('',(-0.453578643763,0.,-0.718247385703));
#253 = CARTESIAN_POINT('',(-0.466503492182,0.,-0.753558728264));
#254 = CARTESIAN_POINT('',(-0.491472381959,0.,-0.778527618041));
#255 = ORIENTED_EDGE('',*,*,#256,.T.);
#256 = EDGE_CURVE('',#248,#257,#259,.T.);
#257 = VERTEX_POINT('',#258);
#258 = CARTESIAN_POINT('',(-0.532297211005,-1.835034190723E-02,
    -0.737702788995));
#259 = CIRCLE('',#260,0.1);
#260 = AXIS2_PLACEMENT_3D('',#261,#262,#263);
#261 = CARTESIAN_POINT('',(-0.491472381959,-0.1,-0.778527618041));
#262 = DIRECTION('',(0.707106781187,-0.,0.707106781187));
#263 = DIRECTION('',(0.707106781187,0.,-0.707106781187));
#264 = ORIENTED_EDGE('',*,*,#265,.F.);
#265 = EDGE_CURVE('',#266,#257,#268,.T.);
#266 = VERTEX_POINT('',#267);
#267 = CARTESIAN_POINT('',(-0.524289321881,-2.928932188135E-02,-0.675));
#268 = ( BOUNDED_CURVE() B_SPLINE_CURVE(3,(#269,#270,#271,#272),
.UNSPECIFIED.,.F.,.F.) B_SPLINE_CURVE_WITH_KNOTS((4,4),(5.759586531581,
6.28318530718),.PIECEWISE_BEZIER_KNOTS.) CURVE() 
GEOMETRIC_REPRESENTATION_ITEM() RATIONAL_B_SPLINE_CURVE((1.,
0.977283884193,0.977283884193,1.)) REPRESENTATION_ITEM('') );
#269 = CARTESIAN_POINT('',(-0.524289321881,-2.928932188135E-02,-0.675));
#270 = CARTESIAN_POINT('',(-0.517081424264,-2.208142426417E-02,
    -0.703831590469));
#271 = CARTESIAN_POINT('',(-0.519812766117,-1.835034190723E-02,
    -0.725218344106));
#272 = CARTESIAN_POINT('',(-0.532297211005,-1.835034190723E-02,
    -0.737702788995));
#273 = ORIENTED_EDGE('',*,*,#274,.T.);
#274 = EDGE_CURVE('',#266,#246,#275,.T.);
#275 = CIRCLE('',#276,1.E-01);
#276 = AXIS2_PLACEMENT_3D('',#277,#278,#279);
#277 = CARTESIAN_POINT('',(-0.453578643763,-0.1,-0.675));
#278 = DIRECTION('',(0.,0.,-1.));
#279 = DIRECTION('',(-1.,0.,0.));
#280 = ( BOUNDED_SURFACE() B_SPLINE_SURFACE(3,2,(
    (#281,#282,#283)
    ,(#284,#285,#286)
    ,(#287,#288,#289)
    ,(#290,#291,#292
)),.UNSPECIFIED.,.F.,.F.,.F.) B_SPLINE_SURFACE_WITH_KNOTS((4,4),(3,3),(
    5.759586531581,6.28318530718),(0.,1.),.PIECEWISE_BEZIER_KNOTS.) 
GEOMETRIC_REPRESENTATION_ITEM() RATIONAL_B_SPLINE_SURFACE((
    (1.,0.923879532511,1.)
    ,(1.,0.943176268845,1.)
    ,(1.,0.953036376009,1.)
,(1.,0.953020613871,1.))) REPRESENTATION_ITEM('') SURFACE() );
#281 = CARTESIAN_POINT('',(-0.453578643763,0.,-0.675));
#282 = CARTESIAN_POINT('',(-0.495,1.355252715607E-17,-0.675));
#283 = CARTESIAN_POINT('',(-0.524289321881,-2.928932188135E-02,-0.675));
#284 = CARTESIAN_POINT('',(-0.453578644605,0.,-0.717874315701));
#285 = CARTESIAN_POINT('',(-0.489194734739,-2.978015185545E-15,
    -0.708835843903));
#286 = CARTESIAN_POINT('',(-0.517137620217,-2.213762021726E-02,
    -0.703606807921));
#287 = CARTESIAN_POINT('',(-0.466729671892,0.,-0.753784905296));
#288 = CARTESIAN_POINT('',(-0.496002610068,4.2505056383E-15,
    -0.738108868962));
#289 = CARTESIAN_POINT('',(-0.519919116259,-1.835034280053E-02,
    -0.725324692462));
#290 = CARTESIAN_POINT('',(-0.491472381959,0.,-0.778527618041));
#291 = CARTESIAN_POINT('',(-0.513946869098,-2.03287907341E-17,
    -0.756053130902));
#292 = CARTESIAN_POINT('',(-0.532297211005,-1.835034190723E-02,
    -0.737702788995));
#293 = ADVANCED_FACE('',(#294),#332,.T.);
#294 = FACE_BOUND('',#295,.T.);
#295 = EDGE_LOOP('',(#296,#307,#316,#325));
#296 = ORIENTED_EDGE('',*,*,#297,.T.);
#297 = EDGE_CURVE('',#298,#300,#302,.T.);
#298 = VERTEX_POINT('',#299);
#299 = CARTESIAN_POINT('',(-0.595,0.,0.816421356237));
#300 = VERTEX_POINT('',#301);
#301 = CARTESIAN_POINT('',(-0.491472381959,2.03287907341E-17,
    0.778527618041));
#302 = ( BOUNDED_CURVE() B_SPLINE_CURVE(3,(#303,#304,#305,#306),
.UNSPECIFIED.,.F.,.F.) B_SPLINE_CURVE_WITH_KNOTS((4,4),(5.759586531581,
6.28318530718),.PIECEWISE_BEZIER_KNOTS.) CURVE() 
GEOMETRIC_REPRESENTATION_ITEM() RATIONAL_B_SPLINE_CURVE((1.,
0.977283884193,0.977283884193,1.)) REPRESENTATION_ITEM('') );
#303 = CARTESIAN_POINT('',(-0.595,0.,0.816421356237));
#304 = CARTESIAN_POINT('',(-0.551752614297,1.355252715607E-17,
    0.816421356237));
#305 = CARTESIAN_POINT('',(-0.516441271736,1.355252715607E-17,
    0.803496507818));
#306 = CARTESIAN_POINT('',(-0.491472381959,2.03287907341E-17,
    0.778527618041));
#307 = ORIENTED_EDGE('',*,*,#308,.T.);
#308 = EDGE_CURVE('',#300,#309,#311,.T.);
#309 = VERTEX_POINT('',#310);
#310 = CARTESIAN_POINT('',(-0.532297211005,-1.835034190723E-02,
    0.737702788995));
#311 = CIRCLE('',#312,1.E-01);
#312 = AXIS2_PLACEMENT_3D('',#313,#314,#315);
#313 = CARTESIAN_POINT('',(-0.491472381959,-1.E-01,0.778527618041));
#314 = DIRECTION('',(-0.707106781187,-0.,0.707106781187));
#315 = DIRECTION('',(0.707106781187,0.,0.707106781187));
#316 = ORIENTED_EDGE('',*,*,#317,.F.);
#317 = EDGE_CURVE('',#318,#309,#320,.T.);
#318 = VERTEX_POINT('',#319);
#319 = CARTESIAN_POINT('',(-0.595,-2.928932188135E-02,0.745710678119));
#320 = ( BOUNDED_CURVE() B_SPLINE_CURVE(3,(#321,#322,#323,#324),
.UNSPECIFIED.,.F.,.F.) B_SPLINE_CURVE_WITH_KNOTS((4,4),(5.759586531581,
6.28318530718),.PIECEWISE_BEZIER_KNOTS.) CURVE() 
GEOMETRIC_REPRESENTATION_ITEM() RATIONAL_B_SPLINE_CURVE((1.,
0.977283884193,0.977283884193,1.)) REPRESENTATION_ITEM('') );
#321 = CARTESIAN_POINT('',(-0.595,-2.928932188135E-02,0.745710678119));
#322 = CARTESIAN_POINT('',(-0.566168409531,-2.208142426417E-02,
    0.752918575736));
#323 = CARTESIAN_POINT('',(-0.544781655894,-1.835034190723E-02,
    0.750187233883));
#324 = CARTESIAN_POINT('',(-0.532297211005,-1.835034190723E-02,
    0.737702788995));
#325 = ORIENTED_EDGE('',*,*,#326,.F.);
#326 = EDGE_CURVE('',#298,#318,#327,.T.);
#327 = CIRCLE('',#328,0.1);
#328 = AXIS2_PLACEMENT_3D('',#329,#330,#331);
#329 = CARTESIAN_POINT('',(-0.595,-0.1,0.816421356237));
#330 = DIRECTION('',(-1.,0.,-0.));
#331 = DIRECTION('',(0.,9.486769009248E-16,-1.));
#332 = ( BOUNDED_SURFACE() B_SPLINE_SURFACE(3,2,(
    (#333,#334,#335)
    ,(#336,#337,#338)
    ,(#339,#340,#341)
    ,(#342,#343,#344
)),.UNSPECIFIED.,.F.,.F.,.F.) B_SPLINE_SURFACE_WITH_KNOTS((4,4),(3,3),(
    5.759586531581,6.28318530718),(0.,1.),.PIECEWISE_BEZIER_KNOTS.) 
GEOMETRIC_REPRESENTATION_ITEM() RATIONAL_B_SPLINE_SURFACE((
    (1.,0.923879532511,1.)
    ,(1.,0.943176268845,1.)
    ,(1.,0.953036376009,1.)
,(1.,0.953020613871,1.))) REPRESENTATION_ITEM('') SURFACE() );
#333 = CARTESIAN_POINT('',(-0.595,1.355252715607E-17,0.816421356237));
#334 = CARTESIAN_POINT('',(-0.595,6.776263578034E-17,0.775));
#335 = CARTESIAN_POINT('',(-0.595,-2.928932188135E-02,0.745710678119));
#336 = CARTESIAN_POINT('',(-0.552125684299,1.355252715607E-17,
    0.816421355395));
#337 = CARTESIAN_POINT('',(-0.561164156097,-4.063449919859E-15,
    0.780805265261));
#338 = CARTESIAN_POINT('',(-0.566393192079,-2.213762021726E-02,
    0.752862379783));
#339 = CARTESIAN_POINT('',(-0.516215094704,1.355252715607E-17,
    0.803270328108));
#340 = CARTESIAN_POINT('',(-0.531891131038,1.450716530658E-15,
    0.773997389932));
#341 = CARTESIAN_POINT('',(-0.544675307538,-1.835034280053E-02,
    0.750080883741));
#342 = CARTESIAN_POINT('',(-0.491472381959,1.355252715607E-17,
    0.778527618041));
#343 = CARTESIAN_POINT('',(-0.513946869098,2.710505431214E-17,
    0.756053130902));
#344 = CARTESIAN_POINT('',(-0.532297211005,-1.835034190723E-02,
    0.737702788995));
#345 = ADVANCED_FACE('',(#346),#380,.F.);
#346 = FACE_BOUND('',#347,.T.);
#347 = EDGE_LOOP('',(#348,#358,#366,#374));
#348 = ORIENTED_EDGE('',*,*,#349,.F.);
#349 = EDGE_CURVE('',#350,#352,#354,.T.);
#350 = VERTEX_POINT('',#351);
#351 = CARTESIAN_POINT('',(2.3,-8.1,-1.27));
#352 = VERTEX_POINT('',#353);
#353 = CARTESIAN_POINT('',(-2.3,-8.1,-1.27));
#354 = LINE('',#355,#356);
#355 = CARTESIAN_POINT('',(-3.,-8.1,-1.27));
#356 = VECTOR('',#357,1.);
#357 = DIRECTION('',(-1.,-0.,-0.));
#358 = ORIENTED_EDGE('',*,*,#359,.T.);
#359 = EDGE_CURVE('',#350,#360,#362,.T.);
#360 = VERTEX_POINT('',#361);
#361 = CARTESIAN_POINT('',(2.3,-8.1,1.27));
#362 = LINE('',#363,#364);
#363 = CARTESIAN_POINT('',(2.3,-8.1,1.27));
#364 = VECTOR('',#365,1.);
#365 = DIRECTION('',(-1.70740499604E-16,-0.,1.));
#366 = ORIENTED_EDGE('',*,*,#367,.F.);
#367 = EDGE_CURVE('',#368,#360,#370,.T.);
#368 = VERTEX_POINT('',#369);
#369 = CARTESIAN_POINT('',(-2.3,-8.1,1.27));
#370 = LINE('',#371,#372);
#371 = CARTESIAN_POINT('',(-3.,-8.1,1.27));
#372 = VECTOR('',#373,1.);
#373 = DIRECTION('',(1.,0.,0.));
#374 = ORIENTED_EDGE('',*,*,#375,.T.);
#375 = EDGE_CURVE('',#368,#352,#376,.T.);
#376 = LINE('',#377,#378);
#377 = CARTESIAN_POINT('',(-2.3,-8.1,-1.27));
#378 = VECTOR('',#379,1.);
#379 = DIRECTION('',(1.70740499604E-16,-0.,-1.));
#380 = PLANE('',#381);
#381 = AXIS2_PLACEMENT_3D('',#382,#383,#384);
#382 = CARTESIAN_POINT('',(0.,-8.1,0.));
#383 = DIRECTION('',(0.,1.,0.));
#384 = DIRECTION('',(0.,-0.,1.));
#385 = ADVANCED_FACE('',(#386,#454,#522),#556,.T.);
#386 = FACE_BOUND('',#387,.T.);
#387 = EDGE_LOOP('',(#388,#389,#397,#404,#405,#413,#422,#430,#439,#447)
  );
#388 = ORIENTED_EDGE('',*,*,#141,.F.);
#389 = ORIENTED_EDGE('',*,*,#390,.T.);
#390 = EDGE_CURVE('',#142,#391,#393,.T.);
#391 = VERTEX_POINT('',#392);
#392 = CARTESIAN_POINT('',(2.086421356237,0.,0.675));
#393 = LINE('',#394,#395);
#394 = CARTESIAN_POINT('',(2.086421356237,0.,-6.032273512407E-16));
#395 = VECTOR('',#396,1.);
#396 = DIRECTION('',(2.891205793295E-16,-0.,1.));
#397 = ORIENTED_EDGE('',*,*,#398,.F.);
#398 = EDGE_CURVE('',#196,#391,#399,.T.);
#399 = ( BOUNDED_CURVE() B_SPLINE_CURVE(3,(#400,#401,#402,#403),
.UNSPECIFIED.,.F.,.F.) B_SPLINE_CURVE_WITH_KNOTS((4,4),(
9.486769009248E-16,0.523598775598),.PIECEWISE_BEZIER_KNOTS.) CURVE() 
GEOMETRIC_REPRESENTATION_ITEM() RATIONAL_B_SPLINE_CURVE((1.,
0.977283884193,0.977283884193,1.)) REPRESENTATION_ITEM('') );
#400 = CARTESIAN_POINT('',(2.048527618041,1.355252715607E-17,
    0.778527618041));
#401 = CARTESIAN_POINT('',(2.073496507818,1.355252715607E-17,
    0.753558728264));
#402 = CARTESIAN_POINT('',(2.086421356237,1.355252715607E-17,
    0.718247385703));
#403 = CARTESIAN_POINT('',(2.086421356237,0.,0.675));
#404 = ORIENTED_EDGE('',*,*,#193,.F.);
#405 = ORIENTED_EDGE('',*,*,#406,.T.);
#406 = EDGE_CURVE('',#194,#407,#409,.T.);
#407 = VERTEX_POINT('',#408);
#408 = CARTESIAN_POINT('',(0.595,0.,0.816421356237));
#409 = LINE('',#410,#411);
#410 = CARTESIAN_POINT('',(0.,0.,0.816421356237));
#411 = VECTOR('',#412,1.);
#412 = DIRECTION('',(-1.,0.,0.));
#413 = ORIENTED_EDGE('',*,*,#414,.F.);
#414 = EDGE_CURVE('',#415,#407,#417,.T.);
#415 = VERTEX_POINT('',#416);
#416 = CARTESIAN_POINT('',(0.453578643763,0.,0.675));
#417 = ( BOUNDED_CURVE() B_SPLINE_CURVE(3,(#418,#419,#420,#421),
.UNSPECIFIED.,.F.,.F.) B_SPLINE_CURVE_WITH_KNOTS((4,4),(2.617993877991,
3.665191429188),.PIECEWISE_BEZIER_KNOTS.) CURVE() 
GEOMETRIC_REPRESENTATION_ITEM() RATIONAL_B_SPLINE_CURVE((1.,
0.910683602523,0.910683602523,1.)) REPRESENTATION_ITEM('') );
#418 = CARTESIAN_POINT('',(0.453578643763,0.,0.675));
#419 = CARTESIAN_POINT('',(0.453578643763,1.355252715607E-17,
    0.764657547217));
#420 = CARTESIAN_POINT('',(0.505342452783,1.355252715607E-17,
    0.816421356237));
#421 = CARTESIAN_POINT('',(0.595,0.,0.816421356237));
#422 = ORIENTED_EDGE('',*,*,#423,.T.);
#423 = EDGE_CURVE('',#415,#424,#426,.T.);
#424 = VERTEX_POINT('',#425);
#425 = CARTESIAN_POINT('',(0.453578643763,0.,-0.675));
#426 = LINE('',#427,#428);
#427 = CARTESIAN_POINT('',(0.453578643763,0.,-1.311389202561E-16));
#428 = VECTOR('',#429,1.);
#429 = DIRECTION('',(-2.891205793295E-16,0.,-1.));
#430 = ORIENTED_EDGE('',*,*,#431,.F.);
#431 = EDGE_CURVE('',#432,#424,#434,.T.);
#432 = VERTEX_POINT('',#433);
#433 = CARTESIAN_POINT('',(0.595,0.,-0.816421356237));
#434 = ( BOUNDED_CURVE() B_SPLINE_CURVE(3,(#435,#436,#437,#438),
.UNSPECIFIED.,.F.,.F.) B_SPLINE_CURVE_WITH_KNOTS((4,4),(2.617993877991,
3.665191429188),.PIECEWISE_BEZIER_KNOTS.) CURVE() 
GEOMETRIC_REPRESENTATION_ITEM() RATIONAL_B_SPLINE_CURVE((1.,
0.910683602523,0.910683602523,1.)) REPRESENTATION_ITEM('') );
#435 = CARTESIAN_POINT('',(0.595,0.,-0.816421356237));
#436 = CARTESIAN_POINT('',(0.505342452783,1.355252715607E-17,
    -0.816421356237));
#437 = CARTESIAN_POINT('',(0.453578643763,1.355252715607E-17,
    -0.764657547217));
#438 = CARTESIAN_POINT('',(0.453578643763,0.,-0.675));
#439 = ORIENTED_EDGE('',*,*,#440,.T.);
#440 = EDGE_CURVE('',#432,#441,#443,.T.);
#441 = VERTEX_POINT('',#442);
#442 = CARTESIAN_POINT('',(1.945,0.,-0.816421356237));
#443 = LINE('',#444,#445);
#444 = CARTESIAN_POINT('',(0.,0.,-0.816421356237));
#445 = VECTOR('',#446,1.);
#446 = DIRECTION('',(1.,0.,0.));
#447 = ORIENTED_EDGE('',*,*,#448,.F.);
#448 = EDGE_CURVE('',#144,#441,#449,.T.);
#449 = ( BOUNDED_CURVE() B_SPLINE_CURVE(3,(#450,#451,#452,#453),
.UNSPECIFIED.,.F.,.F.) B_SPLINE_CURVE_WITH_KNOTS((4,4),(0.,
0.523598775598),.PIECEWISE_BEZIER_KNOTS.) CURVE() 
GEOMETRIC_REPRESENTATION_ITEM() RATIONAL_B_SPLINE_CURVE((1.,
0.977283884193,0.977283884193,1.)) REPRESENTATION_ITEM('') );
#450 = CARTESIAN_POINT('',(2.048527618041,1.355252715607E-17,
    -0.778527618041));
#451 = CARTESIAN_POINT('',(2.023558728264,1.355252715607E-17,
    -0.803496507818));
#452 = CARTESIAN_POINT('',(1.988247385703,1.355252715607E-17,
    -0.816421356237));
#453 = CARTESIAN_POINT('',(1.945,0.,-0.816421356237));
#454 = FACE_BOUND('',#455,.T.);
#455 = EDGE_LOOP('',(#456,#457,#465,#472,#473,#481,#490,#498,#507,#515)
  );
#456 = ORIENTED_EDGE('',*,*,#245,.F.);
#457 = ORIENTED_EDGE('',*,*,#458,.T.);
#458 = EDGE_CURVE('',#246,#459,#461,.T.);
#459 = VERTEX_POINT('',#460);
#460 = CARTESIAN_POINT('',(-0.453578643763,0.,0.675));
#461 = LINE('',#462,#463);
#462 = CARTESIAN_POINT('',(-0.453578643763,0.,-1.311389202561E-16));
#463 = VECTOR('',#464,1.);
#464 = DIRECTION('',(-2.891205793295E-16,-0.,1.));
#465 = ORIENTED_EDGE('',*,*,#466,.F.);
#466 = EDGE_CURVE('',#300,#459,#467,.T.);
#467 = ( BOUNDED_CURVE() B_SPLINE_CURVE(3,(#468,#469,#470,#471),
.UNSPECIFIED.,.F.,.F.) B_SPLINE_CURVE_WITH_KNOTS((4,4),(
1.355252715607E-16,0.523598775598),.PIECEWISE_BEZIER_KNOTS.) CURVE() 
GEOMETRIC_REPRESENTATION_ITEM() RATIONAL_B_SPLINE_CURVE((1.,
0.977283884193,0.977283884193,1.)) REPRESENTATION_ITEM('') );
#468 = CARTESIAN_POINT('',(-0.491472381959,2.03287907341E-17,
    0.778527618041));
#469 = CARTESIAN_POINT('',(-0.466503492182,1.355252715607E-17,
    0.753558728264));
#470 = CARTESIAN_POINT('',(-0.453578643763,1.355252715607E-17,
    0.718247385703));
#471 = CARTESIAN_POINT('',(-0.453578643763,0.,0.675));
#472 = ORIENTED_EDGE('',*,*,#297,.F.);
#473 = ORIENTED_EDGE('',*,*,#474,.T.);
#474 = EDGE_CURVE('',#298,#475,#477,.T.);
#475 = VERTEX_POINT('',#476);
#476 = CARTESIAN_POINT('',(-1.945,0.,0.816421356237));
#477 = LINE('',#478,#479);
#478 = CARTESIAN_POINT('',(0.,0.,0.816421356237));
#479 = VECTOR('',#480,1.);
#480 = DIRECTION('',(-1.,-0.,0.));
#481 = ORIENTED_EDGE('',*,*,#482,.F.);
#482 = EDGE_CURVE('',#483,#475,#485,.T.);
#483 = VERTEX_POINT('',#484);
#484 = CARTESIAN_POINT('',(-2.086421356237,0.,0.675));
#485 = ( BOUNDED_CURVE() B_SPLINE_CURVE(3,(#486,#487,#488,#489),
.UNSPECIFIED.,.F.,.F.) B_SPLINE_CURVE_WITH_KNOTS((4,4),(2.617993877991,
3.665191429188),.PIECEWISE_BEZIER_KNOTS.) CURVE() 
GEOMETRIC_REPRESENTATION_ITEM() RATIONAL_B_SPLINE_CURVE((1.,
0.910683602523,0.910683602523,1.)) REPRESENTATION_ITEM('') );
#486 = CARTESIAN_POINT('',(-2.086421356237,0.,0.675));
#487 = CARTESIAN_POINT('',(-2.086421356237,1.355252715607E-17,
    0.764657547217));
#488 = CARTESIAN_POINT('',(-2.034657547217,1.355252715607E-17,
    0.816421356237));
#489 = CARTESIAN_POINT('',(-1.945,0.,0.816421356237));
#490 = ORIENTED_EDGE('',*,*,#491,.T.);
#491 = EDGE_CURVE('',#483,#492,#494,.T.);
#492 = VERTEX_POINT('',#493);
#493 = CARTESIAN_POINT('',(-2.086421356237,0.,-0.675));
#494 = LINE('',#495,#496);
#495 = CARTESIAN_POINT('',(-2.086421356237,0.,-6.032273512407E-16));
#496 = VECTOR('',#497,1.);
#497 = DIRECTION('',(2.891205793295E-16,-0.,-1.));
#498 = ORIENTED_EDGE('',*,*,#499,.F.);
#499 = EDGE_CURVE('',#500,#492,#502,.T.);
#500 = VERTEX_POINT('',#501);
#501 = CARTESIAN_POINT('',(-1.945,0.,-0.816421356237));
#502 = ( BOUNDED_CURVE() B_SPLINE_CURVE(3,(#503,#504,#505,#506),
.UNSPECIFIED.,.F.,.F.) B_SPLINE_CURVE_WITH_KNOTS((4,4),(2.617993877991,
3.665191429188),.PIECEWISE_BEZIER_KNOTS.) CURVE() 
GEOMETRIC_REPRESENTATION_ITEM() RATIONAL_B_SPLINE_CURVE((1.,
0.910683602523,0.910683602523,1.)) REPRESENTATION_ITEM('') );
#503 = CARTESIAN_POINT('',(-1.945,0.,-0.816421356237));
#504 = CARTESIAN_POINT('',(-2.034657547217,0.,-0.816421356237));
#505 = CARTESIAN_POINT('',(-2.086421356237,0.,-0.764657547217));
#506 = CARTESIAN_POINT('',(-2.086421356237,0.,-0.675));
#507 = ORIENTED_EDGE('',*,*,#508,.T.);
#508 = EDGE_CURVE('',#500,#509,#511,.T.);
#509 = VERTEX_POINT('',#510);
#510 = CARTESIAN_POINT('',(-0.595,0.,-0.816421356237));
#511 = LINE('',#512,#513);
#512 = CARTESIAN_POINT('',(0.,0.,-0.816421356237));
#513 = VECTOR('',#514,1.);
#514 = DIRECTION('',(1.,-0.,-0.));
#515 = ORIENTED_EDGE('',*,*,#516,.F.);
#516 = EDGE_CURVE('',#248,#509,#517,.T.);
#517 = ( BOUNDED_CURVE() B_SPLINE_CURVE(3,(#518,#519,#520,#521),
.UNSPECIFIED.,.F.,.F.) B_SPLINE_CURVE_WITH_KNOTS((4,4),(0.,
0.523598775598),.PIECEWISE_BEZIER_KNOTS.) CURVE() 
GEOMETRIC_REPRESENTATION_ITEM() RATIONAL_B_SPLINE_CURVE((1.,
0.977283884193,0.977283884193,1.)) REPRESENTATION_ITEM('') );
#518 = CARTESIAN_POINT('',(-0.491472381959,0.,-0.778527618041));
#519 = CARTESIAN_POINT('',(-0.516441271736,0.,-0.803496507818));
#520 = CARTESIAN_POINT('',(-0.551752614297,0.,-0.816421356237));
#521 = CARTESIAN_POINT('',(-0.595,0.,-0.816421356237));
#522 = FACE_BOUND('',#523,.T.);
#523 = EDGE_LOOP('',(#524,#534,#542,#550));
#524 = ORIENTED_EDGE('',*,*,#525,.T.);
#525 = EDGE_CURVE('',#526,#528,#530,.T.);
#526 = VERTEX_POINT('',#527);
#527 = CARTESIAN_POINT('',(2.9,0.,-1.27));
#528 = VERTEX_POINT('',#529);
#529 = CARTESIAN_POINT('',(-2.9,0.,-1.27));
#530 = LINE('',#531,#532);
#531 = CARTESIAN_POINT('',(-3.,0.,-1.27));
#532 = VECTOR('',#533,1.);
#533 = DIRECTION('',(-1.,-0.,-0.));
#534 = ORIENTED_EDGE('',*,*,#535,.T.);
#535 = EDGE_CURVE('',#528,#536,#538,.T.);
#536 = VERTEX_POINT('',#537);
#537 = CARTESIAN_POINT('',(-2.9,0.,1.27));
#538 = LINE('',#539,#540);
#539 = CARTESIAN_POINT('',(-2.9,0.,-4.951474488516E-16));
#540 = VECTOR('',#541,1.);
#541 = DIRECTION('',(-1.70740499604E-16,0.,1.));
#542 = ORIENTED_EDGE('',*,*,#543,.T.);
#543 = EDGE_CURVE('',#536,#544,#546,.T.);
#544 = VERTEX_POINT('',#545);
#545 = CARTESIAN_POINT('',(2.9,0.,1.27));
#546 = LINE('',#547,#548);
#547 = CARTESIAN_POINT('',(-3.,0.,1.27));
#548 = VECTOR('',#549,1.);
#549 = DIRECTION('',(1.,0.,0.));
#550 = ORIENTED_EDGE('',*,*,#551,.T.);
#551 = EDGE_CURVE('',#544,#526,#552,.T.);
#552 = LINE('',#553,#554);
#553 = CARTESIAN_POINT('',(2.9,0.,-4.951474488516E-16));
#554 = VECTOR('',#555,1.);
#555 = DIRECTION('',(-1.70740499604E-16,0.,-1.));
#556 = PLANE('',#557);
#557 = AXIS2_PLACEMENT_3D('',#558,#559,#560);
#558 = CARTESIAN_POINT('',(0.,0.,0.));
#559 = DIRECTION('',(0.,1.,0.));
#560 = DIRECTION('',(0.,-0.,1.));
#561 = ADVANCED_FACE('',(#562),#596,.T.);
#562 = FACE_BOUND('',#563,.T.);
#563 = EDGE_LOOP('',(#564,#574,#582,#590));
#564 = ORIENTED_EDGE('',*,*,#565,.T.);
#565 = EDGE_CURVE('',#566,#568,#570,.T.);
#566 = VERTEX_POINT('',#567);
#567 = CARTESIAN_POINT('',(3.,-8.4,-1.27));
#568 = VERTEX_POINT('',#569);
#569 = CARTESIAN_POINT('',(3.,-1.E-01,-1.27));
#570 = LINE('',#571,#572);
#571 = CARTESIAN_POINT('',(3.,-8.1,-1.27));
#572 = VECTOR('',#573,1.);
#573 = DIRECTION('',(0.,1.,0.));
#574 = ORIENTED_EDGE('',*,*,#575,.T.);
#575 = EDGE_CURVE('',#568,#576,#578,.T.);
#576 = VERTEX_POINT('',#577);
#577 = CARTESIAN_POINT('',(3.,-1.E-01,1.27));
#578 = LINE('',#579,#580);
#579 = CARTESIAN_POINT('',(3.,-1.E-01,-1.27));
#580 = VECTOR('',#581,1.);
#581 = DIRECTION('',(1.70740499604E-16,-0.,1.));
#582 = ORIENTED_EDGE('',*,*,#583,.F.);
#583 = EDGE_CURVE('',#584,#576,#586,.T.);
#584 = VERTEX_POINT('',#585);
#585 = CARTESIAN_POINT('',(3.,-8.4,1.27));
#586 = LINE('',#587,#588);
#587 = CARTESIAN_POINT('',(3.,-8.1,1.27));
#588 = VECTOR('',#589,1.);
#589 = DIRECTION('',(0.,1.,0.));
#590 = ORIENTED_EDGE('',*,*,#591,.T.);
#591 = EDGE_CURVE('',#584,#566,#592,.T.);
#592 = LINE('',#593,#594);
#593 = CARTESIAN_POINT('',(3.,-8.4,-1.27));
#594 = VECTOR('',#595,1.);
#595 = DIRECTION('',(-1.70740499604E-16,-0.,-1.));
#596 = PLANE('',#597);
#597 = AXIS2_PLACEMENT_3D('',#598,#599,#600);
#598 = CARTESIAN_POINT('',(3.,-8.1,-1.27));
#599 = DIRECTION('',(1.,0.,-1.70740499604E-16));
#600 = DIRECTION('',(-1.70740499604E-16,0.,-1.));
#601 = ADVANCED_FACE('',(#602),#713,.T.);
#602 = FACE_BOUND('',#603,.T.);
#603 = EDGE_LOOP('',(#604,#614,#623,#631,#638,#639,#646,#647,#656,#664,
    #673,#681,#690,#698,#705,#706));
#604 = ORIENTED_EDGE('',*,*,#605,.F.);
#605 = EDGE_CURVE('',#606,#608,#610,.T.);
#606 = VERTEX_POINT('',#607);
#607 = CARTESIAN_POINT('',(2.4,-8.4,1.27));
#608 = VERTEX_POINT('',#609);
#609 = CARTESIAN_POINT('',(2.4,-8.2,1.27));
#610 = LINE('',#611,#612);
#611 = CARTESIAN_POINT('',(2.4,-8.5,1.27));
#612 = VECTOR('',#613,1.);
#613 = DIRECTION('',(-0.,1.,-0.));
#614 = ORIENTED_EDGE('',*,*,#615,.T.);
#615 = EDGE_CURVE('',#606,#616,#618,.T.);
#616 = VERTEX_POINT('',#617);
#617 = CARTESIAN_POINT('',(2.5,-8.5,1.27));
#618 = CIRCLE('',#619,1.E-01);
#619 = AXIS2_PLACEMENT_3D('',#620,#621,#622);
#620 = CARTESIAN_POINT('',(2.5,-8.4,1.27));
#621 = DIRECTION('',(0.,0.,1.));
#622 = DIRECTION('',(1.,0.,-0.));
#623 = ORIENTED_EDGE('',*,*,#624,.F.);
#624 = EDGE_CURVE('',#625,#616,#627,.T.);
#625 = VERTEX_POINT('',#626);
#626 = CARTESIAN_POINT('',(2.9,-8.5,1.27));
#627 = LINE('',#628,#629);
#628 = CARTESIAN_POINT('',(3.,-8.5,1.27));
#629 = VECTOR('',#630,1.);
#630 = DIRECTION('',(-1.,0.,0.));
#631 = ORIENTED_EDGE('',*,*,#632,.T.);
#632 = EDGE_CURVE('',#625,#584,#633,.T.);
#633 = CIRCLE('',#634,1.E-01);
#634 = AXIS2_PLACEMENT_3D('',#635,#636,#637);
#635 = CARTESIAN_POINT('',(2.9,-8.4,1.27));
#636 = DIRECTION('',(0.,0.,1.));
#637 = DIRECTION('',(1.,0.,-0.));
#638 = ORIENTED_EDGE('',*,*,#583,.T.);
#639 = ORIENTED_EDGE('',*,*,#640,.T.);
#640 = EDGE_CURVE('',#576,#544,#641,.T.);
#641 = CIRCLE('',#642,1.E-01);
#642 = AXIS2_PLACEMENT_3D('',#643,#644,#645);
#643 = CARTESIAN_POINT('',(2.9,-0.1,1.27));
#644 = DIRECTION('',(0.,0.,1.));
#645 = DIRECTION('',(1.,0.,-0.));
#646 = ORIENTED_EDGE('',*,*,#543,.F.);
#647 = ORIENTED_EDGE('',*,*,#648,.T.);
#648 = EDGE_CURVE('',#536,#649,#651,.T.);
#649 = VERTEX_POINT('',#650);
#650 = CARTESIAN_POINT('',(-3.,-1.E-01,1.27));
#651 = CIRCLE('',#652,1.E-01);
#652 = AXIS2_PLACEMENT_3D('',#653,#654,#655);
#653 = CARTESIAN_POINT('',(-2.9,-0.1,1.27));
#654 = DIRECTION('',(0.,0.,1.));
#655 = DIRECTION('',(1.,0.,-0.));
#656 = ORIENTED_EDGE('',*,*,#657,.F.);
#657 = EDGE_CURVE('',#658,#649,#660,.T.);
#658 = VERTEX_POINT('',#659);
#659 = CARTESIAN_POINT('',(-3.,-8.4,1.27));
#660 = LINE('',#661,#662);
#661 = CARTESIAN_POINT('',(-3.,-8.1,1.27));
#662 = VECTOR('',#663,1.);
#663 = DIRECTION('',(0.,1.,0.));
#664 = ORIENTED_EDGE('',*,*,#665,.T.);
#665 = EDGE_CURVE('',#658,#666,#668,.T.);
#666 = VERTEX_POINT('',#667);
#667 = CARTESIAN_POINT('',(-2.9,-8.5,1.27));
#668 = CIRCLE('',#669,1.E-01);
#669 = AXIS2_PLACEMENT_3D('',#670,#671,#672);
#670 = CARTESIAN_POINT('',(-2.9,-8.4,1.27));
#671 = DIRECTION('',(0.,0.,1.));
#672 = DIRECTION('',(1.,0.,-0.));
#673 = ORIENTED_EDGE('',*,*,#674,.F.);
#674 = EDGE_CURVE('',#675,#666,#677,.T.);
#675 = VERTEX_POINT('',#676);
#676 = CARTESIAN_POINT('',(-2.5,-8.5,1.27));
#677 = LINE('',#678,#679);
#678 = CARTESIAN_POINT('',(-3.,-8.5,1.27));
#679 = VECTOR('',#680,1.);
#680 = DIRECTION('',(-1.,-0.,-0.));
#681 = ORIENTED_EDGE('',*,*,#682,.T.);
#682 = EDGE_CURVE('',#675,#683,#685,.T.);
#683 = VERTEX_POINT('',#684);
#684 = CARTESIAN_POINT('',(-2.4,-8.4,1.27));
#685 = CIRCLE('',#686,1.E-01);
#686 = AXIS2_PLACEMENT_3D('',#687,#688,#689);
#687 = CARTESIAN_POINT('',(-2.5,-8.4,1.27));
#688 = DIRECTION('',(0.,0.,1.));
#689 = DIRECTION('',(1.,0.,-0.));
#690 = ORIENTED_EDGE('',*,*,#691,.T.);
#691 = EDGE_CURVE('',#683,#692,#694,.T.);
#692 = VERTEX_POINT('',#693);
#693 = CARTESIAN_POINT('',(-2.4,-8.2,1.27));
#694 = LINE('',#695,#696);
#695 = CARTESIAN_POINT('',(-2.4,-8.5,1.27));
#696 = VECTOR('',#697,1.);
#697 = DIRECTION('',(-0.,1.,-0.));
#698 = ORIENTED_EDGE('',*,*,#699,.T.);
#699 = EDGE_CURVE('',#692,#368,#700,.T.);
#700 = CIRCLE('',#701,1.E-01);
#701 = AXIS2_PLACEMENT_3D('',#702,#703,#704);
#702 = CARTESIAN_POINT('',(-2.3,-8.2,1.27));
#703 = DIRECTION('',(0.,0.,-1.));
#704 = DIRECTION('',(1.,0.,0.));
#705 = ORIENTED_EDGE('',*,*,#367,.T.);
#706 = ORIENTED_EDGE('',*,*,#707,.T.);
#707 = EDGE_CURVE('',#360,#608,#708,.T.);
#708 = CIRCLE('',#709,1.E-01);
#709 = AXIS2_PLACEMENT_3D('',#710,#711,#712);
#710 = CARTESIAN_POINT('',(2.3,-8.2,1.27));
#711 = DIRECTION('',(0.,0.,-1.));
#712 = DIRECTION('',(1.,0.,0.));
#713 = PLANE('',#714);
#714 = AXIS2_PLACEMENT_3D('',#715,#716,#717);
#715 = CARTESIAN_POINT('',(-3.,-8.1,1.27));
#716 = DIRECTION('',(0.,0.,1.));
#717 = DIRECTION('',(1.,0.,-0.));
#718 = ADVANCED_FACE('',(#719),#744,.T.);
#719 = FACE_BOUND('',#720,.T.);
#720 = EDGE_LOOP('',(#721,#731,#737,#738));
#721 = ORIENTED_EDGE('',*,*,#722,.F.);
#722 = EDGE_CURVE('',#723,#725,#727,.T.);
#723 = VERTEX_POINT('',#724);
#724 = CARTESIAN_POINT('',(-3.,-8.4,-1.27));
#725 = VERTEX_POINT('',#726);
#726 = CARTESIAN_POINT('',(-3.,-1.E-01,-1.27));
#727 = LINE('',#728,#729);
#728 = CARTESIAN_POINT('',(-3.,-8.1,-1.27));
#729 = VECTOR('',#730,1.);
#730 = DIRECTION('',(0.,1.,0.));
#731 = ORIENTED_EDGE('',*,*,#732,.T.);
#732 = EDGE_CURVE('',#723,#658,#733,.T.);
#733 = LINE('',#734,#735);
#734 = CARTESIAN_POINT('',(-3.,-8.4,-1.27));
#735 = VECTOR('',#736,1.);
#736 = DIRECTION('',(-1.70740499604E-16,-0.,1.));
#737 = ORIENTED_EDGE('',*,*,#657,.T.);
#738 = ORIENTED_EDGE('',*,*,#739,.T.);
#739 = EDGE_CURVE('',#649,#725,#740,.T.);
#740 = LINE('',#741,#742);
#741 = CARTESIAN_POINT('',(-3.,-1.E-01,-1.27));
#742 = VECTOR('',#743,1.);
#743 = DIRECTION('',(1.70740499604E-16,-0.,-1.));
#744 = PLANE('',#745);
#745 = AXIS2_PLACEMENT_3D('',#746,#747,#748);
#746 = CARTESIAN_POINT('',(-3.,-8.1,-1.27));
#747 = DIRECTION('',(-1.,0.,-1.70740499604E-16));
#748 = DIRECTION('',(-1.70740499604E-16,0.,1.));
#749 = ADVANCED_FACE('',(#750),#852,.T.);
#750 = FACE_BOUND('',#751,.T.);
#751 = EDGE_LOOP('',(#752,#762,#771,#779,#786,#787,#796,#804,#813,#821,
    #828,#829,#836,#837,#844,#845));
#752 = ORIENTED_EDGE('',*,*,#753,.F.);
#753 = EDGE_CURVE('',#754,#756,#758,.T.);
#754 = VERTEX_POINT('',#755);
#755 = CARTESIAN_POINT('',(2.5,-8.5,-1.27));
#756 = VERTEX_POINT('',#757);
#757 = CARTESIAN_POINT('',(2.9,-8.5,-1.27));
#758 = LINE('',#759,#760);
#759 = CARTESIAN_POINT('',(3.,-8.5,-1.27));
#760 = VECTOR('',#761,1.);
#761 = DIRECTION('',(1.,-0.,-0.));
#762 = ORIENTED_EDGE('',*,*,#763,.T.);
#763 = EDGE_CURVE('',#754,#764,#766,.T.);
#764 = VERTEX_POINT('',#765);
#765 = CARTESIAN_POINT('',(2.4,-8.4,-1.27));
#766 = CIRCLE('',#767,1.E-01);
#767 = AXIS2_PLACEMENT_3D('',#768,#769,#770);
#768 = CARTESIAN_POINT('',(2.5,-8.4,-1.27));
#769 = DIRECTION('',(0.,0.,-1.));
#770 = DIRECTION('',(-1.,0.,0.));
#771 = ORIENTED_EDGE('',*,*,#772,.T.);
#772 = EDGE_CURVE('',#764,#773,#775,.T.);
#773 = VERTEX_POINT('',#774);
#774 = CARTESIAN_POINT('',(2.4,-8.2,-1.27));
#775 = LINE('',#776,#777);
#776 = CARTESIAN_POINT('',(2.4,-8.5,-1.27));
#777 = VECTOR('',#778,1.);
#778 = DIRECTION('',(-0.,1.,-0.));
#779 = ORIENTED_EDGE('',*,*,#780,.T.);
#780 = EDGE_CURVE('',#773,#350,#781,.T.);
#781 = CIRCLE('',#782,1.E-01);
#782 = AXIS2_PLACEMENT_3D('',#783,#784,#785);
#783 = CARTESIAN_POINT('',(2.3,-8.2,-1.27));
#784 = DIRECTION('',(0.,-0.,1.));
#785 = DIRECTION('',(-1.,0.,0.));
#786 = ORIENTED_EDGE('',*,*,#349,.T.);
#787 = ORIENTED_EDGE('',*,*,#788,.T.);
#788 = EDGE_CURVE('',#352,#789,#791,.T.);
#789 = VERTEX_POINT('',#790);
#790 = CARTESIAN_POINT('',(-2.4,-8.2,-1.27));
#791 = CIRCLE('',#792,1.E-01);
#792 = AXIS2_PLACEMENT_3D('',#793,#794,#795);
#793 = CARTESIAN_POINT('',(-2.3,-8.2,-1.27));
#794 = DIRECTION('',(0.,-0.,1.));
#795 = DIRECTION('',(-1.,0.,0.));
#796 = ORIENTED_EDGE('',*,*,#797,.F.);
#797 = EDGE_CURVE('',#798,#789,#800,.T.);
#798 = VERTEX_POINT('',#799);
#799 = CARTESIAN_POINT('',(-2.4,-8.4,-1.27));
#800 = LINE('',#801,#802);
#801 = CARTESIAN_POINT('',(-2.4,-8.5,-1.27));
#802 = VECTOR('',#803,1.);
#803 = DIRECTION('',(-0.,1.,-0.));
#804 = ORIENTED_EDGE('',*,*,#805,.T.);
#805 = EDGE_CURVE('',#798,#806,#808,.T.);
#806 = VERTEX_POINT('',#807);
#807 = CARTESIAN_POINT('',(-2.5,-8.5,-1.27));
#808 = CIRCLE('',#809,1.E-01);
#809 = AXIS2_PLACEMENT_3D('',#810,#811,#812);
#810 = CARTESIAN_POINT('',(-2.5,-8.4,-1.27));
#811 = DIRECTION('',(0.,0.,-1.));
#812 = DIRECTION('',(-1.,0.,0.));
#813 = ORIENTED_EDGE('',*,*,#814,.F.);
#814 = EDGE_CURVE('',#815,#806,#817,.T.);
#815 = VERTEX_POINT('',#816);
#816 = CARTESIAN_POINT('',(-2.9,-8.5,-1.27));
#817 = LINE('',#818,#819);
#818 = CARTESIAN_POINT('',(-3.,-8.5,-1.27));
#819 = VECTOR('',#820,1.);
#820 = DIRECTION('',(1.,0.,0.));
#821 = ORIENTED_EDGE('',*,*,#822,.T.);
#822 = EDGE_CURVE('',#815,#723,#823,.T.);
#823 = CIRCLE('',#824,1.E-01);
#824 = AXIS2_PLACEMENT_3D('',#825,#826,#827);
#825 = CARTESIAN_POINT('',(-2.9,-8.4,-1.27));
#826 = DIRECTION('',(0.,0.,-1.));
#827 = DIRECTION('',(-1.,0.,0.));
#828 = ORIENTED_EDGE('',*,*,#722,.T.);
#829 = ORIENTED_EDGE('',*,*,#830,.T.);
#830 = EDGE_CURVE('',#725,#528,#831,.T.);
#831 = CIRCLE('',#832,1.E-01);
#832 = AXIS2_PLACEMENT_3D('',#833,#834,#835);
#833 = CARTESIAN_POINT('',(-2.9,-0.1,-1.27));
#834 = DIRECTION('',(0.,0.,-1.));
#835 = DIRECTION('',(-1.,0.,0.));
#836 = ORIENTED_EDGE('',*,*,#525,.F.);
#837 = ORIENTED_EDGE('',*,*,#838,.T.);
#838 = EDGE_CURVE('',#526,#568,#839,.T.);
#839 = CIRCLE('',#840,1.E-01);
#840 = AXIS2_PLACEMENT_3D('',#841,#842,#843);
#841 = CARTESIAN_POINT('',(2.9,-0.1,-1.27));
#842 = DIRECTION('',(0.,0.,-1.));
#843 = DIRECTION('',(-1.,0.,0.));
#844 = ORIENTED_EDGE('',*,*,#565,.F.);
#845 = ORIENTED_EDGE('',*,*,#846,.T.);
#846 = EDGE_CURVE('',#566,#756,#847,.T.);
#847 = CIRCLE('',#848,1.E-01);
#848 = AXIS2_PLACEMENT_3D('',#849,#850,#851);
#849 = CARTESIAN_POINT('',(2.9,-8.4,-1.27));
#850 = DIRECTION('',(0.,0.,-1.));
#851 = DIRECTION('',(-1.,0.,0.));
#852 = PLANE('',#853);
#853 = AXIS2_PLACEMENT_3D('',#854,#855,#856);
#854 = CARTESIAN_POINT('',(-3.,-8.1,-1.27));
#855 = DIRECTION('',(0.,0.,-1.));
#856 = DIRECTION('',(-1.,0.,-0.));
#857 = ADVANCED_FACE('',(#858),#892,.F.);
#858 = FACE_BOUND('',#859,.T.);
#859 = EDGE_LOOP('',(#860,#870,#878,#886));
#860 = ORIENTED_EDGE('',*,*,#861,.T.);
#861 = EDGE_CURVE('',#862,#864,#866,.T.);
#862 = VERTEX_POINT('',#863);
#863 = CARTESIAN_POINT('',(1.645,-0.441421356237,-0.275));
#864 = VERTEX_POINT('',#865);
#865 = CARTESIAN_POINT('',(1.645,-6.89,-0.275));
#866 = LINE('',#867,#868);
#867 = CARTESIAN_POINT('',(1.645,-6.99,-0.275));
#868 = VECTOR('',#869,1.);
#869 = DIRECTION('',(0.,-1.,-0.));
#870 = ORIENTED_EDGE('',*,*,#871,.T.);
#871 = EDGE_CURVE('',#864,#872,#874,.T.);
#872 = VERTEX_POINT('',#873);
#873 = CARTESIAN_POINT('',(1.645,-6.89,0.275));
#874 = LINE('',#875,#876);
#875 = CARTESIAN_POINT('',(1.645,-6.89,-0.375));
#876 = VECTOR('',#877,1.);
#877 = DIRECTION('',(2.891205793295E-16,-0.,1.));
#878 = ORIENTED_EDGE('',*,*,#879,.T.);
#879 = EDGE_CURVE('',#872,#880,#882,.T.);
#880 = VERTEX_POINT('',#881);
#881 = CARTESIAN_POINT('',(1.645,-0.441421356237,0.275));
#882 = LINE('',#883,#884);
#883 = CARTESIAN_POINT('',(1.645,-0.4,0.275));
#884 = VECTOR('',#885,1.);
#885 = DIRECTION('',(-0.,1.,0.));
#886 = ORIENTED_EDGE('',*,*,#887,.T.);
#887 = EDGE_CURVE('',#880,#862,#888,.T.);
#888 = LINE('',#889,#890);
#889 = CARTESIAN_POINT('',(1.645,-0.441421356237,-0.375));
#890 = VECTOR('',#891,1.);
#891 = DIRECTION('',(-2.891205793295E-16,-6.972611193684E-32,-1.));
#892 = PLANE('',#893);
#893 = AXIS2_PLACEMENT_3D('',#894,#895,#896);
#894 = CARTESIAN_POINT('',(1.645,-6.99,-0.375));
#895 = DIRECTION('',(1.,0.,-2.891205793295E-16));
#896 = DIRECTION('',(-2.891205793295E-16,0.,-1.));
#897 = ADVANCED_FACE('',(#898),#932,.F.);
#898 = FACE_BOUND('',#899,.T.);
#899 = EDGE_LOOP('',(#900,#910,#918,#926));
#900 = ORIENTED_EDGE('',*,*,#901,.T.);
#901 = EDGE_CURVE('',#902,#904,#906,.T.);
#902 = VERTEX_POINT('',#903);
#903 = CARTESIAN_POINT('',(0.995,-0.441421356237,0.375));
#904 = VERTEX_POINT('',#905);
#905 = CARTESIAN_POINT('',(1.545,-0.441421356237,0.375));
#906 = LINE('',#907,#908);
#907 = CARTESIAN_POINT('',(1.645,-0.441421356237,0.375));
#908 = VECTOR('',#909,1.);
#909 = DIRECTION('',(1.,-0.,0.));
#910 = ORIENTED_EDGE('',*,*,#911,.T.);
#911 = EDGE_CURVE('',#904,#912,#914,.T.);
#912 = VERTEX_POINT('',#913);
#913 = CARTESIAN_POINT('',(1.545,-6.89,0.375));
#914 = LINE('',#915,#916);
#915 = CARTESIAN_POINT('',(1.545,-6.99,0.375));
#916 = VECTOR('',#917,1.);
#917 = DIRECTION('',(-0.,-1.,0.));
#918 = ORIENTED_EDGE('',*,*,#919,.T.);
#919 = EDGE_CURVE('',#912,#920,#922,.T.);
#920 = VERTEX_POINT('',#921);
#921 = CARTESIAN_POINT('',(0.995,-6.89,0.375));
#922 = LINE('',#923,#924);
#923 = CARTESIAN_POINT('',(0.895,-6.89,0.375));
#924 = VECTOR('',#925,1.);
#925 = DIRECTION('',(-1.,-0.,-0.));
#926 = ORIENTED_EDGE('',*,*,#927,.T.);
#927 = EDGE_CURVE('',#920,#902,#928,.T.);
#928 = LINE('',#929,#930);
#929 = CARTESIAN_POINT('',(0.995,-0.4,0.375));
#930 = VECTOR('',#931,1.);
#931 = DIRECTION('',(0.,1.,-0.));
#932 = PLANE('',#933);
#933 = AXIS2_PLACEMENT_3D('',#934,#935,#936);
#934 = CARTESIAN_POINT('',(0.895,-6.99,0.375));
#935 = DIRECTION('',(-0.,0.,1.));
#936 = DIRECTION('',(1.,0.,0.));
#937 = ADVANCED_FACE('',(#938),#972,.F.);
#938 = FACE_BOUND('',#939,.T.);
#939 = EDGE_LOOP('',(#940,#950,#958,#966));
#940 = ORIENTED_EDGE('',*,*,#941,.T.);
#941 = EDGE_CURVE('',#942,#944,#946,.T.);
#942 = VERTEX_POINT('',#943);
#943 = CARTESIAN_POINT('',(0.895,-0.441421356237,0.275));
#944 = VERTEX_POINT('',#945);
#945 = CARTESIAN_POINT('',(0.895,-6.89,0.275));
#946 = LINE('',#947,#948);
#947 = CARTESIAN_POINT('',(0.895,-6.99,0.275));
#948 = VECTOR('',#949,1.);
#949 = DIRECTION('',(-0.,-1.,-0.));
#950 = ORIENTED_EDGE('',*,*,#951,.T.);
#951 = EDGE_CURVE('',#944,#952,#954,.T.);
#952 = VERTEX_POINT('',#953);
#953 = CARTESIAN_POINT('',(0.895,-6.89,-0.275));
#954 = LINE('',#955,#956);
#955 = CARTESIAN_POINT('',(0.895,-6.89,-0.375));
#956 = VECTOR('',#957,1.);
#957 = DIRECTION('',(-2.891205793295E-16,-0.,-1.));
#958 = ORIENTED_EDGE('',*,*,#959,.T.);
#959 = EDGE_CURVE('',#952,#960,#962,.T.);
#960 = VERTEX_POINT('',#961);
#961 = CARTESIAN_POINT('',(0.895,-0.441421356237,-0.275));
#962 = LINE('',#963,#964);
#963 = CARTESIAN_POINT('',(0.895,-0.4,-0.275));
#964 = VECTOR('',#965,1.);
#965 = DIRECTION('',(0.,1.,0.));
#966 = ORIENTED_EDGE('',*,*,#967,.T.);
#967 = EDGE_CURVE('',#960,#942,#968,.T.);
#968 = LINE('',#969,#970);
#969 = CARTESIAN_POINT('',(0.895,-0.441421356237,0.375));
#970 = VECTOR('',#971,1.);
#971 = DIRECTION('',(2.891205793295E-16,-3.486305596842E-32,1.));
#972 = PLANE('',#973);
#973 = AXIS2_PLACEMENT_3D('',#974,#975,#976);
#974 = CARTESIAN_POINT('',(0.895,-6.99,-0.375));
#975 = DIRECTION('',(-1.,0.,2.891205793295E-16));
#976 = DIRECTION('',(2.891205793295E-16,0.,1.));
#977 = ADVANCED_FACE('',(#978),#1012,.F.);
#978 = FACE_BOUND('',#979,.T.);
#979 = EDGE_LOOP('',(#980,#990,#998,#1006));
#980 = ORIENTED_EDGE('',*,*,#981,.T.);
#981 = EDGE_CURVE('',#982,#984,#986,.T.);
#982 = VERTEX_POINT('',#983);
#983 = CARTESIAN_POINT('',(0.995,-0.441421356237,-0.375));
#984 = VERTEX_POINT('',#985);
#985 = CARTESIAN_POINT('',(0.995,-6.89,-0.375));
#986 = LINE('',#987,#988);
#987 = CARTESIAN_POINT('',(0.995,-6.99,-0.375));
#988 = VECTOR('',#989,1.);
#989 = DIRECTION('',(0.,-1.,-0.));
#990 = ORIENTED_EDGE('',*,*,#991,.T.);
#991 = EDGE_CURVE('',#984,#992,#994,.T.);
#992 = VERTEX_POINT('',#993);
#993 = CARTESIAN_POINT('',(1.545,-6.89,-0.375));
#994 = LINE('',#995,#996);
#995 = CARTESIAN_POINT('',(0.895,-6.89,-0.375));
#996 = VECTOR('',#997,1.);
#997 = DIRECTION('',(1.,-0.,-0.));
#998 = ORIENTED_EDGE('',*,*,#999,.T.);
#999 = EDGE_CURVE('',#992,#1000,#1002,.T.);
#1000 = VERTEX_POINT('',#1001);
#1001 = CARTESIAN_POINT('',(1.545,-0.441421356237,-0.375));
#1002 = LINE('',#1003,#1004);
#1003 = CARTESIAN_POINT('',(1.545,-0.4,-0.375));
#1004 = VECTOR('',#1005,1.);
#1005 = DIRECTION('',(-0.,1.,0.));
#1006 = ORIENTED_EDGE('',*,*,#1007,.T.);
#1007 = EDGE_CURVE('',#1000,#982,#1008,.T.);
#1008 = LINE('',#1009,#1010);
#1009 = CARTESIAN_POINT('',(0.895,-0.441421356237,-0.375));
#1010 = VECTOR('',#1011,1.);
#1011 = DIRECTION('',(-1.,0.,0.));
#1012 = PLANE('',#1013);
#1013 = AXIS2_PLACEMENT_3D('',#1014,#1015,#1016);
#1014 = CARTESIAN_POINT('',(0.895,-6.99,-0.375));
#1015 = DIRECTION('',(0.,0.,-1.));
#1016 = DIRECTION('',(-1.,0.,-0.));
#1017 = ADVANCED_FACE('',(#1018),#1052,.T.);
#1018 = FACE_BOUND('',#1019,.T.);
#1019 = EDGE_LOOP('',(#1020,#1030,#1038,#1046));
#1020 = ORIENTED_EDGE('',*,*,#1021,.T.);
#1021 = EDGE_CURVE('',#1022,#1024,#1026,.T.);
#1022 = VERTEX_POINT('',#1023);
#1023 = CARTESIAN_POINT('',(0.995,-6.99,0.275));
#1024 = VERTEX_POINT('',#1025);
#1025 = CARTESIAN_POINT('',(1.545,-6.99,0.275));
#1026 = LINE('',#1027,#1028);
#1027 = CARTESIAN_POINT('',(0.,-6.99,0.275));
#1028 = VECTOR('',#1029,1.);
#1029 = DIRECTION('',(1.,-0.,0.));
#1030 = ORIENTED_EDGE('',*,*,#1031,.T.);
#1031 = EDGE_CURVE('',#1024,#1032,#1034,.T.);
#1032 = VERTEX_POINT('',#1033);
#1033 = CARTESIAN_POINT('',(1.545,-6.99,-0.275));
#1034 = LINE('',#1035,#1036);
#1035 = CARTESIAN_POINT('',(1.545,-6.99,-4.46691295064E-16));
#1036 = VECTOR('',#1037,1.);
#1037 = DIRECTION('',(-2.891205793295E-16,0.,-1.));
#1038 = ORIENTED_EDGE('',*,*,#1039,.T.);
#1039 = EDGE_CURVE('',#1032,#1040,#1042,.T.);
#1040 = VERTEX_POINT('',#1041);
#1041 = CARTESIAN_POINT('',(0.995,-6.99,-0.275));
#1042 = LINE('',#1043,#1044);
#1043 = CARTESIAN_POINT('',(0.,-6.99,-0.275));
#1044 = VECTOR('',#1045,1.);
#1045 = DIRECTION('',(-1.,0.,0.));
#1046 = ORIENTED_EDGE('',*,*,#1047,.T.);
#1047 = EDGE_CURVE('',#1040,#1022,#1048,.T.);
#1048 = LINE('',#1049,#1050);
#1049 = CARTESIAN_POINT('',(0.995,-6.99,-2.876749764328E-16));
#1050 = VECTOR('',#1051,1.);
#1051 = DIRECTION('',(2.891205793295E-16,-0.,1.));
#1052 = PLANE('',#1053);
#1053 = AXIS2_PLACEMENT_3D('',#1054,#1055,#1056);
#1054 = CARTESIAN_POINT('',(0.,-6.99,0.));
#1055 = DIRECTION('',(0.,1.,0.));
#1056 = DIRECTION('',(0.,-0.,1.));
#1057 = ADVANCED_FACE('',(#1058),#1092,.T.);
#1058 = FACE_BOUND('',#1059,.T.);
#1059 = EDGE_LOOP('',(#1060,#1070,#1078,#1086));
#1060 = ORIENTED_EDGE('',*,*,#1061,.T.);
#1061 = EDGE_CURVE('',#1062,#1064,#1066,.T.);
#1062 = VERTEX_POINT('',#1063);
#1063 = CARTESIAN_POINT('',(0.595,-2.928932188135E-02,-0.745710678119));
#1064 = VERTEX_POINT('',#1065);
#1065 = CARTESIAN_POINT('',(0.936421356237,-0.370710678119,
    -0.404289321881));
#1066 = LINE('',#1067,#1068);
#1067 = CARTESIAN_POINT('',(0.942140452079,-0.37642977396,-0.39857022604
    ));
#1068 = VECTOR('',#1069,1.);
#1069 = DIRECTION('',(0.57735026919,-0.57735026919,0.57735026919));
#1070 = ORIENTED_EDGE('',*,*,#1071,.T.);
#1071 = EDGE_CURVE('',#1064,#1072,#1074,.T.);
#1072 = VERTEX_POINT('',#1073);
#1073 = CARTESIAN_POINT('',(1.603578643763,-0.370710678119,
    -0.404289321881));
#1074 = LINE('',#1075,#1076);
#1075 = CARTESIAN_POINT('',(1.645,-0.370710678119,-0.404289321881));
#1076 = VECTOR('',#1077,1.);
#1077 = DIRECTION('',(1.,-0.,-0.));
#1078 = ORIENTED_EDGE('',*,*,#1079,.T.);
#1079 = EDGE_CURVE('',#1072,#1080,#1082,.T.);
#1080 = VERTEX_POINT('',#1081);
#1081 = CARTESIAN_POINT('',(1.945,-2.928932188135E-02,-0.745710678119));
#1082 = LINE('',#1083,#1084);
#1083 = CARTESIAN_POINT('',(1.997859547921,2.357022603955E-02,
    -0.79857022604));
#1084 = VECTOR('',#1085,1.);
#1085 = DIRECTION('',(0.57735026919,0.57735026919,-0.57735026919));
#1086 = ORIENTED_EDGE('',*,*,#1087,.T.);
#1087 = EDGE_CURVE('',#1080,#1062,#1088,.T.);
#1088 = LINE('',#1089,#1090);
#1089 = CARTESIAN_POINT('',(0.895,-2.928932188135E-02,-0.745710678119));
#1090 = VECTOR('',#1091,1.);
#1091 = DIRECTION('',(-1.,-0.,0.));
#1092 = PLANE('',#1093);
#1093 = AXIS2_PLACEMENT_3D('',#1094,#1095,#1096);
#1094 = CARTESIAN_POINT('',(0.895,-0.4,-0.375));
#1095 = DIRECTION('',(0.,0.707106781187,0.707106781187));
#1096 = DIRECTION('',(1.,-0.,0.));
#1097 = ADVANCED_FACE('',(#1098),#1132,.T.);
#1098 = FACE_BOUND('',#1099,.T.);
#1099 = EDGE_LOOP('',(#1100,#1110,#1118,#1126));
#1100 = ORIENTED_EDGE('',*,*,#1101,.T.);
#1101 = EDGE_CURVE('',#1102,#1104,#1106,.T.);
#1102 = VERTEX_POINT('',#1103);
#1103 = CARTESIAN_POINT('',(0.524289321881,-2.928932188135E-02,0.675));
#1104 = VERTEX_POINT('',#1105);
#1105 = CARTESIAN_POINT('',(0.865710678119,-0.370710678119,
    0.333578643763));
#1106 = LINE('',#1107,#1108);
#1107 = CARTESIAN_POINT('',(0.87142977396,-0.37642977396,0.327859547921)
  );
#1108 = VECTOR('',#1109,1.);
#1109 = DIRECTION('',(0.57735026919,-0.57735026919,-0.57735026919));
#1110 = ORIENTED_EDGE('',*,*,#1111,.T.);
#1111 = EDGE_CURVE('',#1104,#1112,#1114,.T.);
#1112 = VERTEX_POINT('',#1113);
#1113 = CARTESIAN_POINT('',(0.865710678119,-0.370710678119,
    -0.333578643763));
#1114 = LINE('',#1115,#1116);
#1115 = CARTESIAN_POINT('',(0.865710678119,-0.370710678119,-0.375));
#1116 = VECTOR('',#1117,1.);
#1117 = DIRECTION('',(-2.891205793295E-16,3.18722785921E-32,-1.));
#1118 = ORIENTED_EDGE('',*,*,#1119,.T.);
#1119 = EDGE_CURVE('',#1112,#1120,#1122,.T.);
#1120 = VERTEX_POINT('',#1121);
#1121 = CARTESIAN_POINT('',(0.524289321881,-2.928932188135E-02,-0.675));
#1122 = LINE('',#1123,#1124);
#1123 = CARTESIAN_POINT('',(0.47142977396,2.357022603955E-02,
    -0.727859547921));
#1124 = VECTOR('',#1125,1.);
#1125 = DIRECTION('',(-0.57735026919,0.57735026919,-0.57735026919));
#1126 = ORIENTED_EDGE('',*,*,#1127,.T.);
#1127 = EDGE_CURVE('',#1120,#1102,#1128,.T.);
#1128 = LINE('',#1129,#1130);
#1129 = CARTESIAN_POINT('',(0.524289321881,-2.928932188135E-02,-0.375));
#1130 = VECTOR('',#1131,1.);
#1131 = DIRECTION('',(2.891205793295E-16,2.465190328816E-32,1.));
#1132 = PLANE('',#1133);
#1133 = AXIS2_PLACEMENT_3D('',#1134,#1135,#1136);
#1134 = CARTESIAN_POINT('',(0.895,-0.4,-0.375));
#1135 = DIRECTION('',(0.707106781187,0.707106781187,-2.044391222244E-16)
  );
#1136 = DIRECTION('',(-2.891205793295E-16,0.,-1.));
#1137 = ADVANCED_FACE('',(#1138),#1170,.T.);
#1138 = FACE_BOUND('',#1139,.T.);
#1139 = EDGE_LOOP('',(#1140,#1148,#1156,#1164));
#1140 = ORIENTED_EDGE('',*,*,#1141,.T.);
#1141 = EDGE_CURVE('',#162,#1142,#1144,.T.);
#1142 = VERTEX_POINT('',#1143);
#1143 = CARTESIAN_POINT('',(1.674289321881,-0.370710678119,
    -0.333578643763));
#1144 = LINE('',#1145,#1146);
#1145 = CARTESIAN_POINT('',(1.66857022604,-0.37642977396,-0.327859547921
    ));
#1146 = VECTOR('',#1147,1.);
#1147 = DIRECTION('',(-0.57735026919,-0.57735026919,0.57735026919));
#1148 = ORIENTED_EDGE('',*,*,#1149,.T.);
#1149 = EDGE_CURVE('',#1142,#1150,#1152,.T.);
#1150 = VERTEX_POINT('',#1151);
#1151 = CARTESIAN_POINT('',(1.674289321881,-0.370710678119,
    0.333578643763));
#1152 = LINE('',#1153,#1154);
#1153 = CARTESIAN_POINT('',(1.674289321881,-0.370710678119,0.375));
#1154 = VECTOR('',#1155,1.);
#1155 = DIRECTION('',(2.891205793295E-16,8.416686254473E-32,1.));
#1156 = ORIENTED_EDGE('',*,*,#1157,.T.);
#1157 = EDGE_CURVE('',#1150,#1158,#1160,.T.);
#1158 = VERTEX_POINT('',#1159);
#1159 = CARTESIAN_POINT('',(2.015710678119,-2.928932188135E-02,0.675));
#1160 = LINE('',#1161,#1162);
#1161 = CARTESIAN_POINT('',(2.06857022604,2.357022603955E-02,
    0.727859547921));
#1162 = VECTOR('',#1163,1.);
#1163 = DIRECTION('',(0.57735026919,0.57735026919,0.57735026919));
#1164 = ORIENTED_EDGE('',*,*,#1165,.T.);
#1165 = EDGE_CURVE('',#1158,#162,#1166,.T.);
#1166 = LINE('',#1167,#1168);
#1167 = CARTESIAN_POINT('',(2.015710678119,-2.928932188135E-02,-0.375));
#1168 = VECTOR('',#1169,1.);
#1169 = DIRECTION('',(-2.891205793295E-16,-0.,-1.));
#1170 = PLANE('',#1171);
#1171 = AXIS2_PLACEMENT_3D('',#1172,#1173,#1174);
#1172 = CARTESIAN_POINT('',(1.645,-0.4,-0.375));
#1173 = DIRECTION('',(-0.707106781187,0.707106781187,2.044391222244E-16)
  );
#1174 = DIRECTION('',(2.891205793295E-16,4.930380657631E-32,1.));
#1175 = ADVANCED_FACE('',(#1176),#1208,.T.);
#1176 = FACE_BOUND('',#1177,.T.);
#1177 = EDGE_LOOP('',(#1178,#1186,#1194,#1202));
#1178 = ORIENTED_EDGE('',*,*,#1179,.T.);
#1179 = EDGE_CURVE('',#1180,#214,#1182,.T.);
#1180 = VERTEX_POINT('',#1181);
#1181 = CARTESIAN_POINT('',(0.595,-2.928932188135E-02,0.745710678119));
#1182 = LINE('',#1183,#1184);
#1183 = CARTESIAN_POINT('',(0.895,-2.928932188135E-02,0.745710678119));
#1184 = VECTOR('',#1185,1.);
#1185 = DIRECTION('',(1.,-0.,-0.));
#1186 = ORIENTED_EDGE('',*,*,#1187,.T.);
#1187 = EDGE_CURVE('',#214,#1188,#1190,.T.);
#1188 = VERTEX_POINT('',#1189);
#1189 = CARTESIAN_POINT('',(1.603578643763,-0.370710678119,
    0.404289321881));
#1190 = LINE('',#1191,#1192);
#1191 = CARTESIAN_POINT('',(1.597859547921,-0.37642977396,0.39857022604)
  );
#1192 = VECTOR('',#1193,1.);
#1193 = DIRECTION('',(-0.57735026919,-0.57735026919,-0.57735026919));
#1194 = ORIENTED_EDGE('',*,*,#1195,.T.);
#1195 = EDGE_CURVE('',#1188,#1196,#1198,.T.);
#1196 = VERTEX_POINT('',#1197);
#1197 = CARTESIAN_POINT('',(0.936421356237,-0.370710678119,
    0.404289321881));
#1198 = LINE('',#1199,#1200);
#1199 = CARTESIAN_POINT('',(0.895,-0.370710678119,0.404289321881));
#1200 = VECTOR('',#1201,1.);
#1201 = DIRECTION('',(-1.,-0.,-0.));
#1202 = ORIENTED_EDGE('',*,*,#1203,.T.);
#1203 = EDGE_CURVE('',#1196,#1180,#1204,.T.);
#1204 = LINE('',#1205,#1206);
#1205 = CARTESIAN_POINT('',(0.542140452079,2.357022603955E-02,
    0.79857022604));
#1206 = VECTOR('',#1207,1.);
#1207 = DIRECTION('',(-0.57735026919,0.57735026919,0.57735026919));
#1208 = PLANE('',#1209);
#1209 = AXIS2_PLACEMENT_3D('',#1210,#1211,#1212);
#1210 = CARTESIAN_POINT('',(0.895,-0.4,0.375));
#1211 = DIRECTION('',(0.,0.707106781187,-0.707106781187));
#1212 = DIRECTION('',(-1.,0.,-0.));
#1213 = ADVANCED_FACE('',(#1214),#1248,.T.);
#1214 = FACE_BOUND('',#1215,.T.);
#1215 = EDGE_LOOP('',(#1216,#1226,#1234,#1242));
#1216 = ORIENTED_EDGE('',*,*,#1217,.T.);
#1217 = EDGE_CURVE('',#1218,#1220,#1222,.T.);
#1218 = VERTEX_POINT('',#1219);
#1219 = CARTESIAN_POINT('',(-1.645,-0.441421356237,0.275));
#1220 = VERTEX_POINT('',#1221);
#1221 = CARTESIAN_POINT('',(-1.645,-6.89,0.275));
#1222 = LINE('',#1223,#1224);
#1223 = CARTESIAN_POINT('',(-1.645,-6.99,0.275));
#1224 = VECTOR('',#1225,1.);
#1225 = DIRECTION('',(-0.,-1.,0.));
#1226 = ORIENTED_EDGE('',*,*,#1227,.T.);
#1227 = EDGE_CURVE('',#1220,#1228,#1230,.T.);
#1228 = VERTEX_POINT('',#1229);
#1229 = CARTESIAN_POINT('',(-1.645,-6.89,-0.275));
#1230 = LINE('',#1231,#1232);
#1231 = CARTESIAN_POINT('',(-1.645,-6.89,-0.375));
#1232 = VECTOR('',#1233,1.);
#1233 = DIRECTION('',(2.891205793295E-16,-0.,-1.));
#1234 = ORIENTED_EDGE('',*,*,#1235,.T.);
#1235 = EDGE_CURVE('',#1228,#1236,#1238,.T.);
#1236 = VERTEX_POINT('',#1237);
#1237 = CARTESIAN_POINT('',(-1.645,-0.441421356237,-0.275));
#1238 = LINE('',#1239,#1240);
#1239 = CARTESIAN_POINT('',(-1.645,-0.4,-0.275));
#1240 = VECTOR('',#1241,1.);
#1241 = DIRECTION('',(0.,1.,-0.));
#1242 = ORIENTED_EDGE('',*,*,#1243,.T.);
#1243 = EDGE_CURVE('',#1236,#1218,#1244,.T.);
#1244 = LINE('',#1245,#1246);
#1245 = CARTESIAN_POINT('',(-1.645,-0.441421356237,-0.375));
#1246 = VECTOR('',#1247,1.);
#1247 = DIRECTION('',(-2.891205793295E-16,-1.021115268026E-32,1.));
#1248 = PLANE('',#1249);
#1249 = AXIS2_PLACEMENT_3D('',#1250,#1251,#1252);
#1250 = CARTESIAN_POINT('',(-1.645,-6.99,-0.375));
#1251 = DIRECTION('',(1.,0.,2.891205793295E-16));
#1252 = DIRECTION('',(2.891205793295E-16,0.,-1.));
#1253 = ADVANCED_FACE('',(#1254),#1288,.T.);
#1254 = FACE_BOUND('',#1255,.T.);
#1255 = EDGE_LOOP('',(#1256,#1266,#1274,#1282));
#1256 = ORIENTED_EDGE('',*,*,#1257,.T.);
#1257 = EDGE_CURVE('',#1258,#1260,#1262,.T.);
#1258 = VERTEX_POINT('',#1259);
#1259 = CARTESIAN_POINT('',(-1.545,-0.441421356237,-0.375));
#1260 = VERTEX_POINT('',#1261);
#1261 = CARTESIAN_POINT('',(-1.545,-6.89,-0.375));
#1262 = LINE('',#1263,#1264);
#1263 = CARTESIAN_POINT('',(-1.545,-6.99,-0.375));
#1264 = VECTOR('',#1265,1.);
#1265 = DIRECTION('',(-0.,-1.,0.));
#1266 = ORIENTED_EDGE('',*,*,#1267,.T.);
#1267 = EDGE_CURVE('',#1260,#1268,#1270,.T.);
#1268 = VERTEX_POINT('',#1269);
#1269 = CARTESIAN_POINT('',(-0.995,-6.89,-0.375));
#1270 = LINE('',#1271,#1272);
#1271 = CARTESIAN_POINT('',(-0.895,-6.89,-0.375));
#1272 = VECTOR('',#1273,1.);
#1273 = DIRECTION('',(1.,-0.,0.));
#1274 = ORIENTED_EDGE('',*,*,#1275,.T.);
#1275 = EDGE_CURVE('',#1268,#1276,#1278,.T.);
#1276 = VERTEX_POINT('',#1277);
#1277 = CARTESIAN_POINT('',(-0.995,-0.441421356237,-0.375));
#1278 = LINE('',#1279,#1280);
#1279 = CARTESIAN_POINT('',(-0.995,-0.4,-0.375));
#1280 = VECTOR('',#1281,1.);
#1281 = DIRECTION('',(0.,1.,-0.));
#1282 = ORIENTED_EDGE('',*,*,#1283,.T.);
#1283 = EDGE_CURVE('',#1276,#1258,#1284,.T.);
#1284 = LINE('',#1285,#1286);
#1285 = CARTESIAN_POINT('',(-0.895,-0.441421356237,-0.375));
#1286 = VECTOR('',#1287,1.);
#1287 = DIRECTION('',(-1.,-0.,0.));
#1288 = PLANE('',#1289);
#1289 = AXIS2_PLACEMENT_3D('',#1290,#1291,#1292);
#1290 = CARTESIAN_POINT('',(-0.895,-6.99,-0.375));
#1291 = DIRECTION('',(0.,0.,1.));
#1292 = DIRECTION('',(1.,0.,-0.));
#1293 = ADVANCED_FACE('',(#1294),#1328,.T.);
#1294 = FACE_BOUND('',#1295,.T.);
#1295 = EDGE_LOOP('',(#1296,#1306,#1314,#1322));
#1296 = ORIENTED_EDGE('',*,*,#1297,.T.);
#1297 = EDGE_CURVE('',#1298,#1300,#1302,.T.);
#1298 = VERTEX_POINT('',#1299);
#1299 = CARTESIAN_POINT('',(-0.895,-0.441421356237,-0.275));
#1300 = VERTEX_POINT('',#1301);
#1301 = CARTESIAN_POINT('',(-0.895,-6.89,-0.275));
#1302 = LINE('',#1303,#1304);
#1303 = CARTESIAN_POINT('',(-0.895,-6.99,-0.275));
#1304 = VECTOR('',#1305,1.);
#1305 = DIRECTION('',(-0.,-1.,-0.));
#1306 = ORIENTED_EDGE('',*,*,#1307,.T.);
#1307 = EDGE_CURVE('',#1300,#1308,#1310,.T.);
#1308 = VERTEX_POINT('',#1309);
#1309 = CARTESIAN_POINT('',(-0.895,-6.89,0.275));
#1310 = LINE('',#1311,#1312);
#1311 = CARTESIAN_POINT('',(-0.895,-6.89,0.375));
#1312 = VECTOR('',#1313,1.);
#1313 = DIRECTION('',(-2.891205793295E-16,0.,1.));
#1314 = ORIENTED_EDGE('',*,*,#1315,.T.);
#1315 = EDGE_CURVE('',#1308,#1316,#1318,.T.);
#1316 = VERTEX_POINT('',#1317);
#1317 = CARTESIAN_POINT('',(-0.895,-0.441421356237,0.275));
#1318 = LINE('',#1319,#1320);
#1319 = CARTESIAN_POINT('',(-0.895,-0.4,0.275));
#1320 = VECTOR('',#1321,1.);
#1321 = DIRECTION('',(0.,1.,0.));
#1322 = ORIENTED_EDGE('',*,*,#1323,.T.);
#1323 = EDGE_CURVE('',#1316,#1298,#1324,.T.);
#1324 = LINE('',#1325,#1326);
#1325 = CARTESIAN_POINT('',(-0.895,-0.441421356237,-0.375));
#1326 = VECTOR('',#1327,1.);
#1327 = DIRECTION('',(2.891205793295E-16,-0.,-1.));
#1328 = PLANE('',#1329);
#1329 = AXIS2_PLACEMENT_3D('',#1330,#1331,#1332);
#1330 = CARTESIAN_POINT('',(-0.895,-6.99,-0.375));
#1331 = DIRECTION('',(-1.,0.,-2.891205793295E-16));
#1332 = DIRECTION('',(-2.891205793295E-16,0.,1.));
#1333 = ADVANCED_FACE('',(#1334),#1368,.T.);
#1334 = FACE_BOUND('',#1335,.T.);
#1335 = EDGE_LOOP('',(#1336,#1346,#1354,#1362));
#1336 = ORIENTED_EDGE('',*,*,#1337,.T.);
#1337 = EDGE_CURVE('',#1338,#1340,#1342,.T.);
#1338 = VERTEX_POINT('',#1339);
#1339 = CARTESIAN_POINT('',(-0.995,-0.441421356237,0.375));
#1340 = VERTEX_POINT('',#1341);
#1341 = CARTESIAN_POINT('',(-0.995,-6.89,0.375));
#1342 = LINE('',#1343,#1344);
#1343 = CARTESIAN_POINT('',(-0.995,-6.99,0.375));
#1344 = VECTOR('',#1345,1.);
#1345 = DIRECTION('',(-0.,-1.,-0.));
#1346 = ORIENTED_EDGE('',*,*,#1347,.T.);
#1347 = EDGE_CURVE('',#1340,#1348,#1350,.T.);
#1348 = VERTEX_POINT('',#1349);
#1349 = CARTESIAN_POINT('',(-1.545,-6.89,0.375));
#1350 = LINE('',#1351,#1352);
#1351 = CARTESIAN_POINT('',(-1.645,-6.89,0.375));
#1352 = VECTOR('',#1353,1.);
#1353 = DIRECTION('',(-1.,0.,0.));
#1354 = ORIENTED_EDGE('',*,*,#1355,.T.);
#1355 = EDGE_CURVE('',#1348,#1356,#1358,.T.);
#1356 = VERTEX_POINT('',#1357);
#1357 = CARTESIAN_POINT('',(-1.545,-0.441421356237,0.375));
#1358 = LINE('',#1359,#1360);
#1359 = CARTESIAN_POINT('',(-1.545,-0.4,0.375));
#1360 = VECTOR('',#1361,1.);
#1361 = DIRECTION('',(0.,1.,0.));
#1362 = ORIENTED_EDGE('',*,*,#1363,.T.);
#1363 = EDGE_CURVE('',#1356,#1338,#1364,.T.);
#1364 = LINE('',#1365,#1366);
#1365 = CARTESIAN_POINT('',(-0.895,-0.441421356237,0.375));
#1366 = VECTOR('',#1367,1.);
#1367 = DIRECTION('',(1.,-0.,-0.));
#1368 = PLANE('',#1369);
#1369 = AXIS2_PLACEMENT_3D('',#1370,#1371,#1372);
#1370 = CARTESIAN_POINT('',(-0.895,-6.99,0.375));
#1371 = DIRECTION('',(-0.,0.,-1.));
#1372 = DIRECTION('',(-1.,0.,0.));
#1373 = ADVANCED_FACE('',(#1374),#1408,.T.);
#1374 = FACE_BOUND('',#1375,.T.);
#1375 = EDGE_LOOP('',(#1376,#1386,#1394,#1402));
#1376 = ORIENTED_EDGE('',*,*,#1377,.T.);
#1377 = EDGE_CURVE('',#1378,#1380,#1382,.T.);
#1378 = VERTEX_POINT('',#1379);
#1379 = CARTESIAN_POINT('',(-0.995,-6.99,-0.275));
#1380 = VERTEX_POINT('',#1381);
#1381 = CARTESIAN_POINT('',(-1.545,-6.99,-0.275));
#1382 = LINE('',#1383,#1384);
#1383 = CARTESIAN_POINT('',(-1.645,-6.99,-0.275));
#1384 = VECTOR('',#1385,1.);
#1385 = DIRECTION('',(-1.,0.,-0.));
#1386 = ORIENTED_EDGE('',*,*,#1387,.T.);
#1387 = EDGE_CURVE('',#1380,#1388,#1390,.T.);
#1388 = VERTEX_POINT('',#1389);
#1389 = CARTESIAN_POINT('',(-1.545,-6.99,0.275));
#1390 = LINE('',#1391,#1392);
#1391 = CARTESIAN_POINT('',(-1.545,-6.99,0.375));
#1392 = VECTOR('',#1393,1.);
#1393 = DIRECTION('',(-2.891205793295E-16,-0.,1.));
#1394 = ORIENTED_EDGE('',*,*,#1395,.T.);
#1395 = EDGE_CURVE('',#1388,#1396,#1398,.T.);
#1396 = VERTEX_POINT('',#1397);
#1397 = CARTESIAN_POINT('',(-0.995,-6.99,0.275));
#1398 = LINE('',#1399,#1400);
#1399 = CARTESIAN_POINT('',(-0.895,-6.99,0.275));
#1400 = VECTOR('',#1401,1.);
#1401 = DIRECTION('',(1.,-0.,-0.));
#1402 = ORIENTED_EDGE('',*,*,#1403,.T.);
#1403 = EDGE_CURVE('',#1396,#1378,#1404,.T.);
#1404 = LINE('',#1405,#1406);
#1405 = CARTESIAN_POINT('',(-0.995,-6.99,-0.375));
#1406 = VECTOR('',#1407,1.);
#1407 = DIRECTION('',(2.891205793295E-16,-0.,-1.));
#1408 = PLANE('',#1409);
#1409 = AXIS2_PLACEMENT_3D('',#1410,#1411,#1412);
#1410 = CARTESIAN_POINT('',(0.,-6.99,0.));
#1411 = DIRECTION('',(0.,1.,0.));
#1412 = DIRECTION('',(0.,-0.,1.));
#1413 = ADVANCED_FACE('',(#1414),#1448,.F.);
#1414 = FACE_BOUND('',#1415,.T.);
#1415 = EDGE_LOOP('',(#1416,#1426,#1434,#1442));
#1416 = ORIENTED_EDGE('',*,*,#1417,.T.);
#1417 = EDGE_CURVE('',#1418,#1420,#1422,.T.);
#1418 = VERTEX_POINT('',#1419);
#1419 = CARTESIAN_POINT('',(-1.945,-2.928932188135E-02,-0.745710678119)
  );
#1420 = VERTEX_POINT('',#1421);
#1421 = CARTESIAN_POINT('',(-1.603578643763,-0.370710678119,
    -0.404289321881));
#1422 = LINE('',#1423,#1424);
#1423 = CARTESIAN_POINT('',(-1.597859547921,-0.37642977396,
    -0.39857022604));
#1424 = VECTOR('',#1425,1.);
#1425 = DIRECTION('',(0.57735026919,-0.57735026919,0.57735026919));
#1426 = ORIENTED_EDGE('',*,*,#1427,.T.);
#1427 = EDGE_CURVE('',#1420,#1428,#1430,.T.);
#1428 = VERTEX_POINT('',#1429);
#1429 = CARTESIAN_POINT('',(-0.936421356237,-0.370710678119,
    -0.404289321881));
#1430 = LINE('',#1431,#1432);
#1431 = CARTESIAN_POINT('',(0.,-0.370710678119,-0.404289321881));
#1432 = VECTOR('',#1433,1.);
#1433 = DIRECTION('',(1.,-0.,-0.));
#1434 = ORIENTED_EDGE('',*,*,#1435,.T.);
#1435 = EDGE_CURVE('',#1428,#1436,#1438,.T.);
#1436 = VERTEX_POINT('',#1437);
#1437 = CARTESIAN_POINT('',(-0.595,-2.928932188135E-02,-0.745710678119)
  );
#1438 = LINE('',#1439,#1440);
#1439 = CARTESIAN_POINT('',(-0.542140452079,2.357022603955E-02,
    -0.79857022604));
#1440 = VECTOR('',#1441,1.);
#1441 = DIRECTION('',(0.57735026919,0.57735026919,-0.57735026919));
#1442 = ORIENTED_EDGE('',*,*,#1443,.T.);
#1443 = EDGE_CURVE('',#1436,#1418,#1444,.T.);
#1444 = LINE('',#1445,#1446);
#1445 = CARTESIAN_POINT('',(0.,-2.928932188135E-02,-0.745710678119));
#1446 = VECTOR('',#1447,1.);
#1447 = DIRECTION('',(-1.,-0.,-0.));
#1448 = PLANE('',#1449);
#1449 = AXIS2_PLACEMENT_3D('',#1450,#1451,#1452);
#1450 = CARTESIAN_POINT('',(0.,0.,-0.775));
#1451 = DIRECTION('',(0.,-0.707106781187,-0.707106781187));
#1452 = DIRECTION('',(1.,0.,0.));
#1453 = ADVANCED_FACE('',(#1454),#1486,.F.);
#1454 = FACE_BOUND('',#1455,.T.);
#1455 = EDGE_LOOP('',(#1456,#1464,#1472,#1480));
#1456 = ORIENTED_EDGE('',*,*,#1457,.T.);
#1457 = EDGE_CURVE('',#266,#1458,#1460,.T.);
#1458 = VERTEX_POINT('',#1459);
#1459 = CARTESIAN_POINT('',(-0.865710678119,-0.370710678119,
    -0.333578643763));
#1460 = LINE('',#1461,#1462);
#1461 = CARTESIAN_POINT('',(-0.87142977396,-0.37642977396,
    -0.327859547921));
#1462 = VECTOR('',#1463,1.);
#1463 = DIRECTION('',(-0.57735026919,-0.57735026919,0.57735026919));
#1464 = ORIENTED_EDGE('',*,*,#1465,.T.);
#1465 = EDGE_CURVE('',#1458,#1466,#1468,.T.);
#1466 = VERTEX_POINT('',#1467);
#1467 = CARTESIAN_POINT('',(-0.865710678119,-0.370710678119,
    0.333578643763));
#1468 = LINE('',#1469,#1470);
#1469 = CARTESIAN_POINT('',(-0.865710678119,-0.370710678119,
    -2.502947727894E-16));
#1470 = VECTOR('',#1471,1.);
#1471 = DIRECTION('',(-2.891205793295E-16,-0.,1.));
#1472 = ORIENTED_EDGE('',*,*,#1473,.T.);
#1473 = EDGE_CURVE('',#1466,#1474,#1476,.T.);
#1474 = VERTEX_POINT('',#1475);
#1475 = CARTESIAN_POINT('',(-0.524289321881,-2.928932188135E-02,0.675));
#1476 = LINE('',#1477,#1478);
#1477 = CARTESIAN_POINT('',(-0.47142977396,2.357022603955E-02,
    0.727859547921));
#1478 = VECTOR('',#1479,1.);
#1479 = DIRECTION('',(0.57735026919,0.57735026919,0.57735026919));
#1480 = ORIENTED_EDGE('',*,*,#1481,.T.);
#1481 = EDGE_CURVE('',#1474,#266,#1482,.T.);
#1482 = LINE('',#1483,#1484);
#1483 = CARTESIAN_POINT('',(-0.524289321881,-2.928932188135E-02,
    -1.515828324786E-16));
#1484 = VECTOR('',#1485,1.);
#1485 = DIRECTION('',(2.891205793295E-16,-0.,-1.));
#1486 = PLANE('',#1487);
#1487 = AXIS2_PLACEMENT_3D('',#1488,#1489,#1490);
#1488 = CARTESIAN_POINT('',(-0.495,0.,-1.431146867681E-16));
#1489 = DIRECTION('',(0.707106781187,-0.707106781187,2.044391222245E-16)
  );
#1490 = DIRECTION('',(-2.891205793295E-16,-2.465190328816E-32,1.));
#1491 = ADVANCED_FACE('',(#1492),#1526,.F.);
#1492 = FACE_BOUND('',#1493,.T.);
#1493 = EDGE_LOOP('',(#1494,#1504,#1512,#1520));
#1494 = ORIENTED_EDGE('',*,*,#1495,.T.);
#1495 = EDGE_CURVE('',#1496,#1498,#1500,.T.);
#1496 = VERTEX_POINT('',#1497);
#1497 = CARTESIAN_POINT('',(-2.015710678119,-2.928932188135E-02,0.675));
#1498 = VERTEX_POINT('',#1499);
#1499 = CARTESIAN_POINT('',(-1.674289321881,-0.370710678119,
    0.333578643763));
#1500 = LINE('',#1501,#1502);
#1501 = CARTESIAN_POINT('',(-1.66857022604,-0.37642977396,0.327859547921
    ));
#1502 = VECTOR('',#1503,1.);
#1503 = DIRECTION('',(0.57735026919,-0.57735026919,-0.57735026919));
#1504 = ORIENTED_EDGE('',*,*,#1505,.T.);
#1505 = EDGE_CURVE('',#1498,#1506,#1508,.T.);
#1506 = VERTEX_POINT('',#1507);
#1507 = CARTESIAN_POINT('',(-1.674289321881,-0.370710678119,
    -0.333578643763));
#1508 = LINE('',#1509,#1510);
#1509 = CARTESIAN_POINT('',(-1.674289321881,-0.370710678119,
    -4.840714987075E-16));
#1510 = VECTOR('',#1511,1.);
#1511 = DIRECTION('',(2.891205793295E-16,2.465190328816E-32,-1.));
#1512 = ORIENTED_EDGE('',*,*,#1513,.T.);
#1513 = EDGE_CURVE('',#1506,#1514,#1516,.T.);
#1514 = VERTEX_POINT('',#1515);
#1515 = CARTESIAN_POINT('',(-2.015710678119,-2.928932188135E-02,-0.675)
  );
#1516 = LINE('',#1517,#1518);
#1517 = CARTESIAN_POINT('',(-2.06857022604,2.357022603955E-02,
    -0.727859547921));
#1518 = VECTOR('',#1519,1.);
#1519 = DIRECTION('',(-0.57735026919,0.57735026919,-0.57735026919));
#1520 = ORIENTED_EDGE('',*,*,#1521,.T.);
#1521 = EDGE_CURVE('',#1514,#1496,#1522,.T.);
#1522 = LINE('',#1523,#1524);
#1523 = CARTESIAN_POINT('',(-2.015710678119,-2.928932188135E-02,
    -5.827834390183E-16));
#1524 = VECTOR('',#1525,1.);
#1525 = DIRECTION('',(-2.891205793295E-16,7.220375303946E-33,1.));
#1526 = PLANE('',#1527);
#1527 = AXIS2_PLACEMENT_3D('',#1528,#1529,#1530);
#1528 = CARTESIAN_POINT('',(-2.045,0.,-5.912515847288E-16));
#1529 = DIRECTION('',(-0.707106781187,-0.707106781187,
    -2.044391222245E-16));
#1530 = DIRECTION('',(2.891205793295E-16,-2.465190328816E-32,-1.));
#1531 = ADVANCED_FACE('',(#1532),#1564,.F.);
#1532 = FACE_BOUND('',#1533,.T.);
#1533 = EDGE_LOOP('',(#1534,#1544,#1552,#1558));
#1534 = ORIENTED_EDGE('',*,*,#1535,.T.);
#1535 = EDGE_CURVE('',#1536,#1538,#1540,.T.);
#1536 = VERTEX_POINT('',#1537);
#1537 = CARTESIAN_POINT('',(-0.936421356237,-0.370710678119,
    0.404289321881));
#1538 = VERTEX_POINT('',#1539);
#1539 = CARTESIAN_POINT('',(-1.603578643763,-0.370710678119,
    0.404289321881));
#1540 = LINE('',#1541,#1542);
#1541 = CARTESIAN_POINT('',(0.,-0.370710678119,0.404289321881));
#1542 = VECTOR('',#1543,1.);
#1543 = DIRECTION('',(-1.,-0.,-0.));
#1544 = ORIENTED_EDGE('',*,*,#1545,.T.);
#1545 = EDGE_CURVE('',#1538,#1546,#1548,.T.);
#1546 = VERTEX_POINT('',#1547);
#1547 = CARTESIAN_POINT('',(-1.945,-2.928932188135E-02,0.745710678119));
#1548 = LINE('',#1549,#1550);
#1549 = CARTESIAN_POINT('',(-1.997859547921,2.357022603955E-02,
    0.79857022604));
#1550 = VECTOR('',#1551,1.);
#1551 = DIRECTION('',(-0.57735026919,0.57735026919,0.57735026919));
#1552 = ORIENTED_EDGE('',*,*,#1553,.T.);
#1553 = EDGE_CURVE('',#1546,#318,#1554,.T.);
#1554 = LINE('',#1555,#1556);
#1555 = CARTESIAN_POINT('',(0.,-2.928932188135E-02,0.745710678119));
#1556 = VECTOR('',#1557,1.);
#1557 = DIRECTION('',(1.,-0.,-0.));
#1558 = ORIENTED_EDGE('',*,*,#1559,.T.);
#1559 = EDGE_CURVE('',#318,#1536,#1560,.T.);
#1560 = LINE('',#1561,#1562);
#1561 = CARTESIAN_POINT('',(-0.942140452079,-0.37642977396,0.39857022604
    ));
#1562 = VECTOR('',#1563,1.);
#1563 = DIRECTION('',(-0.57735026919,-0.57735026919,-0.57735026919));
#1564 = PLANE('',#1565);
#1565 = AXIS2_PLACEMENT_3D('',#1566,#1567,#1568);
#1566 = CARTESIAN_POINT('',(0.,0.,0.775));
#1567 = DIRECTION('',(0.,-0.707106781187,0.707106781187));
#1568 = DIRECTION('',(-1.,0.,0.));
#1569 = ADVANCED_FACE('',(#1570),#1586,.F.);
#1570 = FACE_BOUND('',#1571,.T.);
#1571 = EDGE_LOOP('',(#1572,#1573,#1579,#1580));
#1572 = ORIENTED_EDGE('',*,*,#797,.T.);
#1573 = ORIENTED_EDGE('',*,*,#1574,.T.);
#1574 = EDGE_CURVE('',#789,#692,#1575,.T.);
#1575 = LINE('',#1576,#1577);
#1576 = CARTESIAN_POINT('',(-2.4,-8.2,1.27));
#1577 = VECTOR('',#1578,1.);
#1578 = DIRECTION('',(-1.70740499604E-16,0.,1.));
#1579 = ORIENTED_EDGE('',*,*,#691,.F.);
#1580 = ORIENTED_EDGE('',*,*,#1581,.T.);
#1581 = EDGE_CURVE('',#683,#798,#1582,.T.);
#1582 = LINE('',#1583,#1584);
#1583 = CARTESIAN_POINT('',(-2.4,-8.4,-1.27));
#1584 = VECTOR('',#1585,1.);
#1585 = DIRECTION('',(1.70740499604E-16,-0.,-1.));
#1586 = PLANE('',#1587);
#1587 = AXIS2_PLACEMENT_3D('',#1588,#1589,#1590);
#1588 = CARTESIAN_POINT('',(-2.4,-8.5,1.27));
#1589 = DIRECTION('',(-1.,0.,-1.70740499604E-16));
#1590 = DIRECTION('',(-1.70740499604E-16,0.,1.));
#1591 = ADVANCED_FACE('',(#1592),#1608,.T.);
#1592 = FACE_BOUND('',#1593,.T.);
#1593 = EDGE_LOOP('',(#1594,#1595,#1601,#1602));
#1594 = ORIENTED_EDGE('',*,*,#814,.T.);
#1595 = ORIENTED_EDGE('',*,*,#1596,.T.);
#1596 = EDGE_CURVE('',#806,#675,#1597,.T.);
#1597 = LINE('',#1598,#1599);
#1598 = CARTESIAN_POINT('',(-2.5,-8.5,1.27));
#1599 = VECTOR('',#1600,1.);
#1600 = DIRECTION('',(-1.70740499604E-16,0.,1.));
#1601 = ORIENTED_EDGE('',*,*,#674,.T.);
#1602 = ORIENTED_EDGE('',*,*,#1603,.T.);
#1603 = EDGE_CURVE('',#666,#815,#1604,.T.);
#1604 = LINE('',#1605,#1606);
#1605 = CARTESIAN_POINT('',(-2.9,-8.5,-4.951474488516E-16));
#1606 = VECTOR('',#1607,1.);
#1607 = DIRECTION('',(1.70740499604E-16,0.,-1.));
#1608 = PLANE('',#1609);
#1609 = AXIS2_PLACEMENT_3D('',#1610,#1611,#1612);
#1610 = CARTESIAN_POINT('',(0.,-8.5,0.));
#1611 = DIRECTION('',(0.,-1.,0.));
#1612 = DIRECTION('',(0.,-0.,-1.));
#1613 = ADVANCED_FACE('',(#1614),#1630,.F.);
#1614 = FACE_BOUND('',#1615,.T.);
#1615 = EDGE_LOOP('',(#1616,#1617,#1623,#1624));
#1616 = ORIENTED_EDGE('',*,*,#772,.F.);
#1617 = ORIENTED_EDGE('',*,*,#1618,.T.);
#1618 = EDGE_CURVE('',#764,#606,#1619,.T.);
#1619 = LINE('',#1620,#1621);
#1620 = CARTESIAN_POINT('',(2.4,-8.4,1.27));
#1621 = VECTOR('',#1622,1.);
#1622 = DIRECTION('',(-1.70740499604E-16,-0.,1.));
#1623 = ORIENTED_EDGE('',*,*,#605,.T.);
#1624 = ORIENTED_EDGE('',*,*,#1625,.T.);
#1625 = EDGE_CURVE('',#608,#773,#1626,.T.);
#1626 = LINE('',#1627,#1628);
#1627 = CARTESIAN_POINT('',(2.4,-8.2,-1.27));
#1628 = VECTOR('',#1629,1.);
#1629 = DIRECTION('',(1.70740499604E-16,-0.,-1.));
#1630 = PLANE('',#1631);
#1631 = AXIS2_PLACEMENT_3D('',#1632,#1633,#1634);
#1632 = CARTESIAN_POINT('',(2.4,-8.5,1.27));
#1633 = DIRECTION('',(1.,0.,1.70740499604E-16));
#1634 = DIRECTION('',(1.70740499604E-16,0.,-1.));
#1635 = ADVANCED_FACE('',(#1636),#1652,.F.);
#1636 = FACE_BOUND('',#1637,.T.);
#1637 = EDGE_LOOP('',(#1638,#1639,#1645,#1646));
#1638 = ORIENTED_EDGE('',*,*,#624,.T.);
#1639 = ORIENTED_EDGE('',*,*,#1640,.T.);
#1640 = EDGE_CURVE('',#616,#754,#1641,.T.);
#1641 = LINE('',#1642,#1643);
#1642 = CARTESIAN_POINT('',(2.5,-8.5,4.2685124901E-16));
#1643 = VECTOR('',#1644,1.);
#1644 = DIRECTION('',(1.70740499604E-16,0.,-1.));
#1645 = ORIENTED_EDGE('',*,*,#753,.T.);
#1646 = ORIENTED_EDGE('',*,*,#1647,.T.);
#1647 = EDGE_CURVE('',#756,#625,#1648,.T.);
#1648 = LINE('',#1649,#1650);
#1649 = CARTESIAN_POINT('',(2.9,-8.5,1.27));
#1650 = VECTOR('',#1651,1.);
#1651 = DIRECTION('',(1.70740499604E-16,-0.,1.));
#1652 = PLANE('',#1653);
#1653 = AXIS2_PLACEMENT_3D('',#1654,#1655,#1656);
#1654 = CARTESIAN_POINT('',(0.,-8.5,0.));
#1655 = DIRECTION('',(0.,1.,0.));
#1656 = DIRECTION('',(0.,-0.,1.));
#1657 = ADVANCED_FACE('',(#1658),#1664,.T.);
#1658 = FACE_BOUND('',#1659,.T.);
#1659 = EDGE_LOOP('',(#1660,#1661,#1662,#1663));
#1660 = ORIENTED_EDGE('',*,*,#615,.F.);
#1661 = ORIENTED_EDGE('',*,*,#1618,.F.);
#1662 = ORIENTED_EDGE('',*,*,#763,.F.);
#1663 = ORIENTED_EDGE('',*,*,#1640,.F.);
#1664 = CYLINDRICAL_SURFACE('',#1665,1.E-01);
#1665 = AXIS2_PLACEMENT_3D('',#1666,#1667,#1668);
#1666 = CARTESIAN_POINT('',(2.5,-8.4,4.2685124901E-16));
#1667 = DIRECTION('',(1.70740499604E-16,0.,-1.));
#1668 = DIRECTION('',(-1.,0.,-1.70740499604E-16));
#1669 = ADVANCED_FACE('',(#1670),#1676,.F.);
#1670 = FACE_BOUND('',#1671,.F.);
#1671 = EDGE_LOOP('',(#1672,#1673,#1674,#1675));
#1672 = ORIENTED_EDGE('',*,*,#1625,.T.);
#1673 = ORIENTED_EDGE('',*,*,#780,.T.);
#1674 = ORIENTED_EDGE('',*,*,#359,.T.);
#1675 = ORIENTED_EDGE('',*,*,#707,.T.);
#1676 = CYLINDRICAL_SURFACE('',#1677,1.E-01);
#1677 = AXIS2_PLACEMENT_3D('',#1678,#1679,#1680);
#1678 = CARTESIAN_POINT('',(2.3,-8.2,1.27));
#1679 = DIRECTION('',(-1.70740499604E-16,0.,1.));
#1680 = DIRECTION('',(1.,0.,1.70740499604E-16));
#1681 = ADVANCED_FACE('',(#1682),#1688,.F.);
#1682 = FACE_BOUND('',#1683,.F.);
#1683 = EDGE_LOOP('',(#1684,#1685,#1686,#1687));
#1684 = ORIENTED_EDGE('',*,*,#1574,.T.);
#1685 = ORIENTED_EDGE('',*,*,#699,.T.);
#1686 = ORIENTED_EDGE('',*,*,#375,.T.);
#1687 = ORIENTED_EDGE('',*,*,#788,.T.);
#1688 = CYLINDRICAL_SURFACE('',#1689,1.E-01);
#1689 = AXIS2_PLACEMENT_3D('',#1690,#1691,#1692);
#1690 = CARTESIAN_POINT('',(-2.3,-8.2,1.27));
#1691 = DIRECTION('',(1.70740499604E-16,0.,-1.));
#1692 = DIRECTION('',(-1.,0.,-1.70740499604E-16));
#1693 = ADVANCED_FACE('',(#1694),#1700,.T.);
#1694 = FACE_BOUND('',#1695,.T.);
#1695 = EDGE_LOOP('',(#1696,#1697,#1698,#1699));
#1696 = ORIENTED_EDGE('',*,*,#805,.F.);
#1697 = ORIENTED_EDGE('',*,*,#1581,.F.);
#1698 = ORIENTED_EDGE('',*,*,#682,.F.);
#1699 = ORIENTED_EDGE('',*,*,#1596,.F.);
#1700 = CYLINDRICAL_SURFACE('',#1701,1.E-01);
#1701 = AXIS2_PLACEMENT_3D('',#1702,#1703,#1704);
#1702 = CARTESIAN_POINT('',(-2.5,-8.4,-4.2685124901E-16));
#1703 = DIRECTION('',(1.70740499604E-16,0.,-1.));
#1704 = DIRECTION('',(-1.,0.,-1.70740499604E-16));
#1705 = ADVANCED_FACE('',(#1706),#1712,.T.);
#1706 = FACE_BOUND('',#1707,.T.);
#1707 = EDGE_LOOP('',(#1708,#1709,#1710,#1711));
#1708 = ORIENTED_EDGE('',*,*,#665,.F.);
#1709 = ORIENTED_EDGE('',*,*,#732,.F.);
#1710 = ORIENTED_EDGE('',*,*,#822,.F.);
#1711 = ORIENTED_EDGE('',*,*,#1603,.F.);
#1712 = CYLINDRICAL_SURFACE('',#1713,1.E-01);
#1713 = AXIS2_PLACEMENT_3D('',#1714,#1715,#1716);
#1714 = CARTESIAN_POINT('',(-2.9,-8.4,-4.951474488516E-16));
#1715 = DIRECTION('',(1.70740499604E-16,0.,-1.));
#1716 = DIRECTION('',(-1.,0.,-1.70740499604E-16));
#1717 = ADVANCED_FACE('',(#1718),#1724,.T.);
#1718 = FACE_BOUND('',#1719,.T.);
#1719 = EDGE_LOOP('',(#1720,#1721,#1722,#1723));
#1720 = ORIENTED_EDGE('',*,*,#830,.F.);
#1721 = ORIENTED_EDGE('',*,*,#739,.F.);
#1722 = ORIENTED_EDGE('',*,*,#648,.F.);
#1723 = ORIENTED_EDGE('',*,*,#535,.F.);
#1724 = CYLINDRICAL_SURFACE('',#1725,1.E-01);
#1725 = AXIS2_PLACEMENT_3D('',#1726,#1727,#1728);
#1726 = CARTESIAN_POINT('',(-2.9,-0.1,-4.951474488516E-16));
#1727 = DIRECTION('',(-1.70740499604E-16,0.,1.));
#1728 = DIRECTION('',(1.,0.,1.70740499604E-16));
#1729 = ADVANCED_FACE('',(#1730),#1736,.T.);
#1730 = FACE_BOUND('',#1731,.T.);
#1731 = EDGE_LOOP('',(#1732,#1733,#1734,#1735));
#1732 = ORIENTED_EDGE('',*,*,#640,.F.);
#1733 = ORIENTED_EDGE('',*,*,#575,.F.);
#1734 = ORIENTED_EDGE('',*,*,#838,.F.);
#1735 = ORIENTED_EDGE('',*,*,#551,.F.);
#1736 = CYLINDRICAL_SURFACE('',#1737,1.E-01);
#1737 = AXIS2_PLACEMENT_3D('',#1738,#1739,#1740);
#1738 = CARTESIAN_POINT('',(2.9,-0.1,-4.951474488516E-16));
#1739 = DIRECTION('',(-1.70740499604E-16,0.,-1.));
#1740 = DIRECTION('',(-1.,0.,1.70740499604E-16));
#1741 = ADVANCED_FACE('',(#1742),#1748,.T.);
#1742 = FACE_BOUND('',#1743,.T.);
#1743 = EDGE_LOOP('',(#1744,#1745,#1746,#1747));
#1744 = ORIENTED_EDGE('',*,*,#846,.F.);
#1745 = ORIENTED_EDGE('',*,*,#591,.F.);
#1746 = ORIENTED_EDGE('',*,*,#632,.F.);
#1747 = ORIENTED_EDGE('',*,*,#1647,.F.);
#1748 = CYLINDRICAL_SURFACE('',#1749,1.E-01);
#1749 = AXIS2_PLACEMENT_3D('',#1750,#1751,#1752);
#1750 = CARTESIAN_POINT('',(2.9,-8.4,-4.951474488516E-16));
#1751 = DIRECTION('',(-1.70740499604E-16,0.,-1.));
#1752 = DIRECTION('',(-1.,0.,1.70740499604E-16));
#1753 = ADVANCED_FACE('',(#1754),#1766,.T.);
#1754 = FACE_BOUND('',#1755,.T.);
#1755 = EDGE_LOOP('',(#1756,#1763,#1764,#1765));
#1756 = ORIENTED_EDGE('',*,*,#1757,.F.);
#1757 = EDGE_CURVE('',#459,#1474,#1758,.T.);
#1758 = CIRCLE('',#1759,1.E-01);
#1759 = AXIS2_PLACEMENT_3D('',#1760,#1761,#1762);
#1760 = CARTESIAN_POINT('',(-0.453578643763,-0.1,0.675));
#1761 = DIRECTION('',(0.,-0.,1.));
#1762 = DIRECTION('',(1.,0.,0.));
#1763 = ORIENTED_EDGE('',*,*,#458,.F.);
#1764 = ORIENTED_EDGE('',*,*,#274,.F.);
#1765 = ORIENTED_EDGE('',*,*,#1481,.F.);
#1766 = CYLINDRICAL_SURFACE('',#1767,1.E-01);
#1767 = AXIS2_PLACEMENT_3D('',#1768,#1769,#1770);
#1768 = CARTESIAN_POINT('',(-0.453578643763,-0.1,-1.311389202561E-16));
#1769 = DIRECTION('',(2.891205793295E-16,0.,-1.));
#1770 = DIRECTION('',(-1.,0.,-2.891205793295E-16));
#1771 = ADVANCED_FACE('',(#1772),#1784,.T.);
#1772 = FACE_BOUND('',#1773,.T.);
#1773 = EDGE_LOOP('',(#1774,#1775,#1776,#1777));
#1774 = ORIENTED_EDGE('',*,*,#308,.F.);
#1775 = ORIENTED_EDGE('',*,*,#466,.T.);
#1776 = ORIENTED_EDGE('',*,*,#1757,.T.);
#1777 = ORIENTED_EDGE('',*,*,#1778,.F.);
#1778 = EDGE_CURVE('',#309,#1474,#1779,.T.);
#1779 = ( BOUNDED_CURVE() B_SPLINE_CURVE(3,(#1780,#1781,#1782,#1783),
.UNSPECIFIED.,.F.,.F.) B_SPLINE_CURVE_WITH_KNOTS((4,4),(0.,
0.523598775598),.PIECEWISE_BEZIER_KNOTS.) CURVE() 
GEOMETRIC_REPRESENTATION_ITEM() RATIONAL_B_SPLINE_CURVE((1.,
0.977283884193,0.977283884193,1.)) REPRESENTATION_ITEM('') );
#1780 = CARTESIAN_POINT('',(-0.532297211005,-1.835034190723E-02,
    0.737702788995));
#1781 = CARTESIAN_POINT('',(-0.519812766117,-1.835034190723E-02,
    0.725218344106));
#1782 = CARTESIAN_POINT('',(-0.517081424264,-2.208142426417E-02,
    0.703831590469));
#1783 = CARTESIAN_POINT('',(-0.524289321881,-2.928932188135E-02,0.675));
#1784 = ( BOUNDED_SURFACE() B_SPLINE_SURFACE(3,2,(
    (#1785,#1786,#1787)
    ,(#1788,#1789,#1790)
    ,(#1791,#1792,#1793)
    ,(#1794,#1795,#1796
)),.UNSPECIFIED.,.F.,.F.,.F.) B_SPLINE_SURFACE_WITH_KNOTS((4,4),(3,3),(
    1.355252715607E-16,0.523598775598),(0.,1.),
.PIECEWISE_BEZIER_KNOTS.) GEOMETRIC_REPRESENTATION_ITEM() 
RATIONAL_B_SPLINE_SURFACE((
    (1.,0.953020613871,1.)
    ,(1.,0.953036376009,1.)
    ,(1.,0.943176268845,1.)
,(1.,0.923879532511,1.))) REPRESENTATION_ITEM('') SURFACE() );
#1785 = CARTESIAN_POINT('',(-0.491472381959,1.355252715607E-17,
    0.778527618041));
#1786 = CARTESIAN_POINT('',(-0.513946869098,6.776263578034E-18,
    0.756053130902));
#1787 = CARTESIAN_POINT('',(-0.532297211005,-1.835034190723E-02,
    0.737702788995));
#1788 = CARTESIAN_POINT('',(-0.466729671892,1.355252715607E-17,
    0.753784905296));
#1789 = CARTESIAN_POINT('',(-0.496002610068,-2.128640950941E-15,
    0.738108868962));
#1790 = CARTESIAN_POINT('',(-0.519919116259,-1.835034280053E-02,
    0.725324692462));
#1791 = CARTESIAN_POINT('',(-0.453578644605,1.355252715607E-17,
    0.717874315701));
#1792 = CARTESIAN_POINT('',(-0.489194734739,1.838370342613E-15,
    0.708835843903));
#1793 = CARTESIAN_POINT('',(-0.517137620217,-2.213762021727E-02,
    0.703606807921));
#1794 = CARTESIAN_POINT('',(-0.453578643763,1.355252715607E-17,0.675));
#1795 = CARTESIAN_POINT('',(-0.495,-1.355252715607E-17,0.675));
#1796 = CARTESIAN_POINT('',(-0.524289321881,-2.928932188135E-02,0.675));
#1797 = ADVANCED_FACE('',(#1798),#1816,.T.);
#1798 = FACE_BOUND('',#1799,.T.);
#1799 = EDGE_LOOP('',(#1800,#1801,#1802,#1809));
#1800 = ORIENTED_EDGE('',*,*,#256,.F.);
#1801 = ORIENTED_EDGE('',*,*,#516,.T.);
#1802 = ORIENTED_EDGE('',*,*,#1803,.F.);
#1803 = EDGE_CURVE('',#1436,#509,#1804,.T.);
#1804 = CIRCLE('',#1805,0.1);
#1805 = AXIS2_PLACEMENT_3D('',#1806,#1807,#1808);
#1806 = CARTESIAN_POINT('',(-0.595,-0.1,-0.816421356237));
#1807 = DIRECTION('',(-1.,-0.,-0.));
#1808 = DIRECTION('',(0.,0.,-1.));
#1809 = ORIENTED_EDGE('',*,*,#1810,.F.);
#1810 = EDGE_CURVE('',#257,#1436,#1811,.T.);
#1811 = ( BOUNDED_CURVE() B_SPLINE_CURVE(3,(#1812,#1813,#1814,#1815),
.UNSPECIFIED.,.F.,.F.) B_SPLINE_CURVE_WITH_KNOTS((4,4),(0.,
0.523598775598),.PIECEWISE_BEZIER_KNOTS.) CURVE() 
GEOMETRIC_REPRESENTATION_ITEM() RATIONAL_B_SPLINE_CURVE((1.,
0.977283884193,0.977283884193,1.)) REPRESENTATION_ITEM('') );
#1812 = CARTESIAN_POINT('',(-0.532297211005,-1.835034190723E-02,
    -0.737702788995));
#1813 = CARTESIAN_POINT('',(-0.544781655894,-1.835034190723E-02,
    -0.750187233883));
#1814 = CARTESIAN_POINT('',(-0.566168409531,-2.208142426417E-02,
    -0.752918575736));
#1815 = CARTESIAN_POINT('',(-0.595,-2.928932188135E-02,-0.745710678119)
  );
#1816 = ( BOUNDED_SURFACE() B_SPLINE_SURFACE(3,2,(
    (#1817,#1818,#1819)
    ,(#1820,#1821,#1822)
    ,(#1823,#1824,#1825)
    ,(#1826,#1827,#1828
)),.UNSPECIFIED.,.F.,.F.,.F.) B_SPLINE_SURFACE_WITH_KNOTS((4,4),(3,3),(
    0.,0.523598775598),(0.,1.),.PIECEWISE_BEZIER_KNOTS.) 
GEOMETRIC_REPRESENTATION_ITEM() RATIONAL_B_SPLINE_SURFACE((
    (1.,0.953020613871,1.)
    ,(1.,0.953036376009,1.)
    ,(1.,0.943176268845,1.)
,(1.,0.923879532511,1.))) REPRESENTATION_ITEM('') SURFACE() );
#1817 = CARTESIAN_POINT('',(-0.491472381959,0.,-0.778527618041));
#1818 = CARTESIAN_POINT('',(-0.513946869098,2.710505431214E-17,
    -0.756053130902));
#1819 = CARTESIAN_POINT('',(-0.532297211005,-1.835034190723E-02,
    -0.737702788995));
#1820 = CARTESIAN_POINT('',(-0.516215094704,0.,-0.803270328108));
#1821 = CARTESIAN_POINT('',(-0.531891131038,-1.871043580815E-15,
    -0.773997389932));
#1822 = CARTESIAN_POINT('',(-0.544675307538,-1.835034280053E-02,
    -0.750080883741));
#1823 = CARTESIAN_POINT('',(-0.552125684299,0.,-0.816421355395));
#1824 = CARTESIAN_POINT('',(-0.561164156097,3.832748817749E-15,
    -0.780805265261));
#1825 = CARTESIAN_POINT('',(-0.566393192079,-2.213762021727E-02,
    -0.752862379783));
#1826 = CARTESIAN_POINT('',(-0.595,0.,-0.816421356237));
#1827 = CARTESIAN_POINT('',(-0.595,-1.355252715607E-17,-0.775));
#1828 = CARTESIAN_POINT('',(-0.595,-2.928932188135E-02,-0.745710678119)
  );
#1829 = ADVANCED_FACE('',(#1830),#1843,.F.);
#1830 = FACE_BOUND('',#1831,.F.);
#1831 = EDGE_LOOP('',(#1832,#1833,#1840,#1841,#1842));
#1832 = ORIENTED_EDGE('',*,*,#1559,.T.);
#1833 = ORIENTED_EDGE('',*,*,#1834,.T.);
#1834 = EDGE_CURVE('',#1536,#1466,#1835,.T.);
#1835 = CIRCLE('',#1836,1.E-01);
#1836 = AXIS2_PLACEMENT_3D('',#1837,#1838,#1839);
#1837 = CARTESIAN_POINT('',(-0.936421356237,-0.3,0.333578643763));
#1838 = DIRECTION('',(0.57735026919,0.57735026919,0.57735026919));
#1839 = DIRECTION('',(-0.707106781187,0.707106781187,-2.498001805407E-16
    ));
#1840 = ORIENTED_EDGE('',*,*,#1473,.T.);
#1841 = ORIENTED_EDGE('',*,*,#1778,.F.);
#1842 = ORIENTED_EDGE('',*,*,#317,.F.);
#1843 = CYLINDRICAL_SURFACE('',#1844,1.E-01);
#1844 = AXIS2_PLACEMENT_3D('',#1845,#1846,#1847);
#1845 = CARTESIAN_POINT('',(-0.377140452079,0.259280904158,
    0.892859547921));
#1846 = DIRECTION('',(0.57735026919,0.57735026919,0.57735026919));
#1847 = DIRECTION('',(-0.707106781187,0.707106781187,2.775557561563E-17)
  );
#1848 = ADVANCED_FACE('',(#1849),#1861,.T.);
#1849 = FACE_BOUND('',#1850,.T.);
#1850 = EDGE_LOOP('',(#1851,#1852,#1853,#1860));
#1851 = ORIENTED_EDGE('',*,*,#326,.T.);
#1852 = ORIENTED_EDGE('',*,*,#1553,.F.);
#1853 = ORIENTED_EDGE('',*,*,#1854,.F.);
#1854 = EDGE_CURVE('',#475,#1546,#1855,.T.);
#1855 = CIRCLE('',#1856,0.1);
#1856 = AXIS2_PLACEMENT_3D('',#1857,#1858,#1859);
#1857 = CARTESIAN_POINT('',(-1.945,-0.1,0.816421356237));
#1858 = DIRECTION('',(-1.,0.,0.));
#1859 = DIRECTION('',(0.,0.,1.));
#1860 = ORIENTED_EDGE('',*,*,#474,.F.);
#1861 = CYLINDRICAL_SURFACE('',#1862,0.1);
#1862 = AXIS2_PLACEMENT_3D('',#1863,#1864,#1865);
#1863 = CARTESIAN_POINT('',(0.,-0.1,0.816421356237));
#1864 = DIRECTION('',(1.,0.,-0.));
#1865 = DIRECTION('',(0.,-0.,-1.));
#1866 = ADVANCED_FACE('',(#1867),#1885,.T.);
#1867 = FACE_BOUND('',#1868,.T.);
#1868 = EDGE_LOOP('',(#1869,#1876,#1877,#1884));
#1869 = ORIENTED_EDGE('',*,*,#1870,.F.);
#1870 = EDGE_CURVE('',#492,#1514,#1871,.T.);
#1871 = CIRCLE('',#1872,1.E-01);
#1872 = AXIS2_PLACEMENT_3D('',#1873,#1874,#1875);
#1873 = CARTESIAN_POINT('',(-2.086421356237,-0.1,-0.675));
#1874 = DIRECTION('',(0.,0.,-1.));
#1875 = DIRECTION('',(-1.,0.,0.));
#1876 = ORIENTED_EDGE('',*,*,#491,.F.);
#1877 = ORIENTED_EDGE('',*,*,#1878,.F.);
#1878 = EDGE_CURVE('',#1496,#483,#1879,.T.);
#1879 = CIRCLE('',#1880,1.E-01);
#1880 = AXIS2_PLACEMENT_3D('',#1881,#1882,#1883);
#1881 = CARTESIAN_POINT('',(-2.086421356237,-1.E-01,0.675));
#1882 = DIRECTION('',(0.,0.,1.));
#1883 = DIRECTION('',(1.,0.,-0.));
#1884 = ORIENTED_EDGE('',*,*,#1521,.F.);
#1885 = CYLINDRICAL_SURFACE('',#1886,1.E-01);
#1886 = AXIS2_PLACEMENT_3D('',#1887,#1888,#1889);
#1887 = CARTESIAN_POINT('',(-2.086421356237,-0.1,-6.032273512407E-16));
#1888 = DIRECTION('',(-2.891205793295E-16,0.,1.));
#1889 = DIRECTION('',(1.,0.,2.891205793295E-16));
#1890 = ADVANCED_FACE('',(#1891),#1903,.T.);
#1891 = FACE_BOUND('',#1892,.T.);
#1892 = EDGE_LOOP('',(#1893,#1894,#1895,#1902));
#1893 = ORIENTED_EDGE('',*,*,#1803,.T.);
#1894 = ORIENTED_EDGE('',*,*,#508,.F.);
#1895 = ORIENTED_EDGE('',*,*,#1896,.F.);
#1896 = EDGE_CURVE('',#1418,#500,#1897,.T.);
#1897 = CIRCLE('',#1898,0.1);
#1898 = AXIS2_PLACEMENT_3D('',#1899,#1900,#1901);
#1899 = CARTESIAN_POINT('',(-1.945,-0.1,-0.816421356237));
#1900 = DIRECTION('',(-1.,0.,0.));
#1901 = DIRECTION('',(0.,0.,1.));
#1902 = ORIENTED_EDGE('',*,*,#1443,.F.);
#1903 = CYLINDRICAL_SURFACE('',#1904,0.1);
#1904 = AXIS2_PLACEMENT_3D('',#1905,#1906,#1907);
#1905 = CARTESIAN_POINT('',(0.,-0.1,-0.816421356237));
#1906 = DIRECTION('',(-1.,0.,0.));
#1907 = DIRECTION('',(0.,0.,1.));
#1908 = ADVANCED_FACE('',(#1909),#1922,.F.);
#1909 = FACE_BOUND('',#1910,.F.);
#1910 = EDGE_LOOP('',(#1911,#1912,#1919,#1920,#1921));
#1911 = ORIENTED_EDGE('',*,*,#1457,.T.);
#1912 = ORIENTED_EDGE('',*,*,#1913,.T.);
#1913 = EDGE_CURVE('',#1458,#1428,#1914,.T.);
#1914 = CIRCLE('',#1915,0.1);
#1915 = AXIS2_PLACEMENT_3D('',#1916,#1917,#1918);
#1916 = CARTESIAN_POINT('',(-0.936421356237,-0.3,-0.333578643763));
#1917 = DIRECTION('',(0.57735026919,0.57735026919,-0.57735026919));
#1918 = DIRECTION('',(-0.707106781187,0.707106781187,-2.22044604925E-16)
  );
#1919 = ORIENTED_EDGE('',*,*,#1435,.T.);
#1920 = ORIENTED_EDGE('',*,*,#1810,.F.);
#1921 = ORIENTED_EDGE('',*,*,#265,.F.);
#1922 = CYLINDRICAL_SURFACE('',#1923,1.E-01);
#1923 = AXIS2_PLACEMENT_3D('',#1924,#1925,#1926);
#1924 = CARTESIAN_POINT('',(-0.800473785412,-0.164052429175,
    -0.469526214588));
#1925 = DIRECTION('',(0.57735026919,0.57735026919,-0.57735026919));
#1926 = DIRECTION('',(-0.707106781187,0.707106781187,8.326672684689E-17)
  );
#1927 = ADVANCED_FACE('',(#1928),#1946,.T.);
#1928 = FACE_BOUND('',#1929,.T.);
#1929 = EDGE_LOOP('',(#1930,#1937,#1938,#1945));
#1930 = ORIENTED_EDGE('',*,*,#1931,.F.);
#1931 = EDGE_CURVE('',#1466,#1316,#1932,.T.);
#1932 = ( BOUNDED_CURVE() B_SPLINE_CURVE(3,(#1933,#1934,#1935,#1936),
.UNSPECIFIED.,.F.,.F.) B_SPLINE_CURVE_WITH_KNOTS((4,4),(5.497787143782,
6.28318530718),.PIECEWISE_BEZIER_KNOTS.) CURVE() 
GEOMETRIC_REPRESENTATION_ITEM() RATIONAL_B_SPLINE_CURVE((1.,
0.949253021674,0.949253021674,1.)) REPRESENTATION_ITEM('') );
#1933 = CARTESIAN_POINT('',(-0.865710678119,-0.370710678119,
    0.333578643763));
#1934 = CARTESIAN_POINT('',(-0.884714957898,-0.389714957898,
    0.295570084205));
#1935 = CARTESIAN_POINT('',(-0.895,-0.414545246031,0.275));
#1936 = CARTESIAN_POINT('',(-0.895,-0.441421356237,0.275));
#1937 = ORIENTED_EDGE('',*,*,#1465,.F.);
#1938 = ORIENTED_EDGE('',*,*,#1939,.F.);
#1939 = EDGE_CURVE('',#1298,#1458,#1940,.T.);
#1940 = ( BOUNDED_CURVE() B_SPLINE_CURVE(3,(#1941,#1942,#1943,#1944),
.UNSPECIFIED.,.F.,.F.) B_SPLINE_CURVE_WITH_KNOTS((4,4),(3.14159265359,
3.926990816987),.PIECEWISE_BEZIER_KNOTS.) CURVE() 
GEOMETRIC_REPRESENTATION_ITEM() RATIONAL_B_SPLINE_CURVE((1.,
0.949253021674,0.949253021674,1.)) REPRESENTATION_ITEM('') );
#1941 = CARTESIAN_POINT('',(-0.895,-0.441421356237,-0.275));
#1942 = CARTESIAN_POINT('',(-0.895,-0.414545246031,-0.275));
#1943 = CARTESIAN_POINT('',(-0.884714957898,-0.389714957898,
    -0.295570084205));
#1944 = CARTESIAN_POINT('',(-0.865710678119,-0.370710678119,
    -0.333578643763));
#1945 = ORIENTED_EDGE('',*,*,#1323,.F.);
#1946 = CYLINDRICAL_SURFACE('',#1947,0.1);
#1947 = AXIS2_PLACEMENT_3D('',#1948,#1949,#1950);
#1948 = CARTESIAN_POINT('',(-0.795,-0.441421356237,-0.375));
#1949 = DIRECTION('',(-2.891205793295E-16,0.,1.));
#1950 = DIRECTION('',(1.,0.,2.891205793295E-16));
#1951 = ADVANCED_FACE('',(#1952),#1970,.F.);
#1952 = FACE_BOUND('',#1953,.F.);
#1953 = EDGE_LOOP('',(#1954,#1961,#1968,#1969));
#1954 = ORIENTED_EDGE('',*,*,#1955,.T.);
#1955 = EDGE_CURVE('',#1536,#1338,#1956,.T.);
#1956 = ( BOUNDED_CURVE() B_SPLINE_CURVE(3,(#1957,#1958,#1959,#1960),
.UNSPECIFIED.,.F.,.F.) B_SPLINE_CURVE_WITH_KNOTS((4,4),(5.497787143782,
6.28318530718),.PIECEWISE_BEZIER_KNOTS.) CURVE() 
GEOMETRIC_REPRESENTATION_ITEM() RATIONAL_B_SPLINE_CURVE((1.,
0.949253021674,0.949253021674,1.)) REPRESENTATION_ITEM('') );
#1957 = CARTESIAN_POINT('',(-0.936421356237,-0.370710678119,
    0.404289321881));
#1958 = CARTESIAN_POINT('',(-0.974429915795,-0.389714957898,
    0.385285042102));
#1959 = CARTESIAN_POINT('',(-0.995,-0.414545246031,0.375));
#1960 = CARTESIAN_POINT('',(-0.995,-0.441421356237,0.375));
#1961 = ORIENTED_EDGE('',*,*,#1962,.T.);
#1962 = EDGE_CURVE('',#1338,#1316,#1963,.T.);
#1963 = CIRCLE('',#1964,1.E-01);
#1964 = AXIS2_PLACEMENT_3D('',#1965,#1966,#1967);
#1965 = CARTESIAN_POINT('',(-0.995,-0.441421356237,0.275));
#1966 = DIRECTION('',(4.701977403289E-30,1.,-8.673617379884E-15));
#1967 = DIRECTION('',(0.,-8.673617379884E-15,-1.));
#1968 = ORIENTED_EDGE('',*,*,#1931,.F.);
#1969 = ORIENTED_EDGE('',*,*,#1834,.F.);
#1970 = ( BOUNDED_SURFACE() B_SPLINE_SURFACE(3,2,(
    (#1971,#1972,#1973)
    ,(#1974,#1975,#1976)
    ,(#1977,#1978,#1979)
    ,(#1980,#1981,#1982
)),.UNSPECIFIED.,.F.,.F.,.F.) B_SPLINE_SURFACE_WITH_KNOTS((4,4),(3,3),(
    5.497787143782,6.28318530718),(0.,1.),.PIECEWISE_BEZIER_KNOTS.) 
GEOMETRIC_REPRESENTATION_ITEM() RATIONAL_B_SPLINE_SURFACE((
    (1.,0.866025403784,1.)
    ,(1.,0.789912529782,1.)
    ,(1.,0.705078927486,1.)
,(1.,0.707106781187,1.))) REPRESENTATION_ITEM('') SURFACE() );
#1971 = CARTESIAN_POINT('',(-0.936421356237,-0.370710678119,
    0.404289321881));
#1972 = CARTESIAN_POINT('',(-0.889280904158,-0.394280904158,
    0.380719095842));
#1973 = CARTESIAN_POINT('',(-0.865710678119,-0.370710678119,
    0.333578643763));
#1974 = CARTESIAN_POINT('',(-0.973769909643,-0.389384955139,
    0.385615044861));
#1975 = CARTESIAN_POINT('',(-0.909168373599,-0.429084736349,
    0.360831626401));
#1976 = CARTESIAN_POINT('',(-0.884384955139,-0.389384955139,
    0.296230090357));
#1977 = CARTESIAN_POINT('',(-0.994999998352,-0.41504601546,0.375));
#1978 = CARTESIAN_POINT('',(-0.895052862011,-0.445354902327,
    0.374947138021));
#1979 = CARTESIAN_POINT('',(-0.895,-0.41504601546,0.275000001648));
#1980 = CARTESIAN_POINT('',(-0.995,-0.441421356237,0.375));
#1981 = CARTESIAN_POINT('',(-0.895,-0.441421356237,0.375));
#1982 = CARTESIAN_POINT('',(-0.895,-0.441421356237,0.275));
#1983 = ADVANCED_FACE('',(#1984),#1996,.T.);
#1984 = FACE_BOUND('',#1985,.T.);
#1985 = EDGE_LOOP('',(#1986,#1987,#1988,#1995));
#1986 = ORIENTED_EDGE('',*,*,#482,.T.);
#1987 = ORIENTED_EDGE('',*,*,#1854,.T.);
#1988 = ORIENTED_EDGE('',*,*,#1989,.F.);
#1989 = EDGE_CURVE('',#1496,#1546,#1990,.T.);
#1990 = ( BOUNDED_CURVE() B_SPLINE_CURVE(3,(#1991,#1992,#1993,#1994),
.UNSPECIFIED.,.F.,.F.) B_SPLINE_CURVE_WITH_KNOTS((4,4),(2.617993877991,
3.665191429188),.PIECEWISE_BEZIER_KNOTS.) CURVE() 
GEOMETRIC_REPRESENTATION_ITEM() RATIONAL_B_SPLINE_CURVE((1.,
0.910683602523,0.910683602523,1.)) REPRESENTATION_ITEM('') );
#1991 = CARTESIAN_POINT('',(-2.015710678119,-2.928932188135E-02,0.675));
#1992 = CARTESIAN_POINT('',(-2.030653602655,-1.434639734521E-02,
    0.734771698145));
#1993 = CARTESIAN_POINT('',(-2.004771698145,-1.434639734521E-02,
    0.760653602655));
#1994 = CARTESIAN_POINT('',(-1.945,-2.928932188135E-02,0.745710678119));
#1995 = ORIENTED_EDGE('',*,*,#1878,.T.);
#1996 = ( BOUNDED_SURFACE() B_SPLINE_SURFACE(3,2,(
    (#1997,#1998,#1999)
    ,(#2000,#2001,#2002)
    ,(#2003,#2004,#2005)
    ,(#2006,#2007,#2008
)),.UNSPECIFIED.,.F.,.F.,.F.) B_SPLINE_SURFACE_WITH_KNOTS((4,4),(3,3),(
    2.617993877991,3.665191429188),(0.,1.),.PIECEWISE_BEZIER_KNOTS.) 
GEOMETRIC_REPRESENTATION_ITEM() RATIONAL_B_SPLINE_SURFACE((
    (1.,0.923879532511,1.)
    ,(1.,0.962692727824,1.)
    ,(1.,0.962692727824,1.)
,(1.,0.923879532511,1.))) REPRESENTATION_ITEM('') SURFACE() );
#1997 = CARTESIAN_POINT('',(-2.086421356237,0.,0.675));
#1998 = CARTESIAN_POINT('',(-2.045,2.710505431214E-17,0.675));
#1999 = CARTESIAN_POINT('',(-2.015710678119,-2.928932188135E-02,0.675));
#2000 = CARTESIAN_POINT('',(-2.086421354528,0.,0.762000068642));
#2001 = CARTESIAN_POINT('',(-2.056575420053,2.710505431214E-17,
    0.742467047315));
#2002 = CARTESIAN_POINT('',(-2.030234499565,-1.476550043494E-02,
    0.733095288353));
#2003 = CARTESIAN_POINT('',(-2.032000068642,2.710505431214E-17,
    0.816421354528));
#2004 = CARTESIAN_POINT('',(-2.012467047315,-3.915708499949E-15,
    0.786575420053));
#2005 = CARTESIAN_POINT('',(-2.003095288353,-1.476550043493E-02,
    0.760234499565));
#2006 = CARTESIAN_POINT('',(-1.945,2.710505431214E-17,0.816421356237));
#2007 = CARTESIAN_POINT('',(-1.945,6.098637220231E-17,0.775));
#2008 = CARTESIAN_POINT('',(-1.945,-2.928932188135E-02,0.745710678119));
#2009 = ADVANCED_FACE('',(#2010),#2022,.T.);
#2010 = FACE_BOUND('',#2011,.T.);
#2011 = EDGE_LOOP('',(#2012,#2013,#2014,#2021));
#2012 = ORIENTED_EDGE('',*,*,#499,.T.);
#2013 = ORIENTED_EDGE('',*,*,#1870,.T.);
#2014 = ORIENTED_EDGE('',*,*,#2015,.F.);
#2015 = EDGE_CURVE('',#1418,#1514,#2016,.T.);
#2016 = ( BOUNDED_CURVE() B_SPLINE_CURVE(3,(#2017,#2018,#2019,#2020),
.UNSPECIFIED.,.F.,.F.) B_SPLINE_CURVE_WITH_KNOTS((4,4),(2.617993877991,
3.665191429188),.PIECEWISE_BEZIER_KNOTS.) CURVE() 
GEOMETRIC_REPRESENTATION_ITEM() RATIONAL_B_SPLINE_CURVE((1.,
0.910683602523,0.910683602523,1.)) REPRESENTATION_ITEM('') );
#2017 = CARTESIAN_POINT('',(-1.945,-2.928932188135E-02,-0.745710678119)
  );
#2018 = CARTESIAN_POINT('',(-2.004771698145,-1.434639734521E-02,
    -0.760653602655));
#2019 = CARTESIAN_POINT('',(-2.030653602655,-1.434639734521E-02,
    -0.734771698145));
#2020 = CARTESIAN_POINT('',(-2.015710678119,-2.928932188135E-02,-0.675)
  );
#2021 = ORIENTED_EDGE('',*,*,#1896,.T.);
#2022 = ( BOUNDED_SURFACE() B_SPLINE_SURFACE(3,2,(
    (#2023,#2024,#2025)
    ,(#2026,#2027,#2028)
    ,(#2029,#2030,#2031)
    ,(#2032,#2033,#2034
)),.UNSPECIFIED.,.F.,.F.,.F.) B_SPLINE_SURFACE_WITH_KNOTS((4,4),(3,3),(
    2.617993877991,3.665191429188),(0.,1.),.PIECEWISE_BEZIER_KNOTS.) 
GEOMETRIC_REPRESENTATION_ITEM() RATIONAL_B_SPLINE_SURFACE((
    (1.,0.923879532511,1.)
    ,(1.,0.962692727824,1.)
    ,(1.,0.962692727824,1.)
,(1.,0.923879532511,1.))) REPRESENTATION_ITEM('') SURFACE() );
#2023 = CARTESIAN_POINT('',(-1.945,0.,-0.816421356237));
#2024 = CARTESIAN_POINT('',(-1.945,-2.03287907341E-17,-0.775));
#2025 = CARTESIAN_POINT('',(-1.945,-2.928932188135E-02,-0.745710678119)
  );
#2026 = CARTESIAN_POINT('',(-2.032000068642,0.,-0.816421354528));
#2027 = CARTESIAN_POINT('',(-2.012467047315,-2.03287907341E-17,
    -0.786575420053));
#2028 = CARTESIAN_POINT('',(-2.003095288353,-1.476550043493E-02,
    -0.760234499565));
#2029 = CARTESIAN_POINT('',(-2.086421354528,1.355252715607E-17,
    -0.762000068642));
#2030 = CARTESIAN_POINT('',(-2.056575420053,1.413471905047E-15,
    -0.742467047315));
#2031 = CARTESIAN_POINT('',(-2.030234499565,-1.476550043495E-02,
    -0.733095288353));
#2032 = CARTESIAN_POINT('',(-2.086421356237,1.355252715607E-17,-0.675));
#2033 = CARTESIAN_POINT('',(-2.045,-6.776263578034E-18,-0.675));
#2034 = CARTESIAN_POINT('',(-2.015710678119,-2.928932188135E-02,-0.675)
  );
#2035 = ADVANCED_FACE('',(#2036),#2054,.F.);
#2036 = FACE_BOUND('',#2037,.F.);
#2037 = EDGE_LOOP('',(#2038,#2045,#2052,#2053));
#2038 = ORIENTED_EDGE('',*,*,#2039,.T.);
#2039 = EDGE_CURVE('',#1298,#1276,#2040,.T.);
#2040 = CIRCLE('',#2041,0.1);
#2041 = AXIS2_PLACEMENT_3D('',#2042,#2043,#2044);
#2042 = CARTESIAN_POINT('',(-0.995,-0.441421356237,-0.275));
#2043 = DIRECTION('',(8.673617379884E-15,1.,0.));
#2044 = DIRECTION('',(1.,-8.673617379884E-15,0.));
#2045 = ORIENTED_EDGE('',*,*,#2046,.T.);
#2046 = EDGE_CURVE('',#1276,#1428,#2047,.T.);
#2047 = ( BOUNDED_CURVE() B_SPLINE_CURVE(3,(#2048,#2049,#2050,#2051),
.UNSPECIFIED.,.F.,.F.) B_SPLINE_CURVE_WITH_KNOTS((4,4),(3.14159265359,
3.926990816987),.PIECEWISE_BEZIER_KNOTS.) CURVE() 
GEOMETRIC_REPRESENTATION_ITEM() RATIONAL_B_SPLINE_CURVE((1.,
0.949253021674,0.949253021674,1.)) REPRESENTATION_ITEM('') );
#2048 = CARTESIAN_POINT('',(-0.995,-0.441421356237,-0.375));
#2049 = CARTESIAN_POINT('',(-0.995,-0.414545246031,-0.375));
#2050 = CARTESIAN_POINT('',(-0.974429915795,-0.389714957898,
    -0.385285042102));
#2051 = CARTESIAN_POINT('',(-0.936421356237,-0.370710678119,
    -0.404289321881));
#2052 = ORIENTED_EDGE('',*,*,#1913,.F.);
#2053 = ORIENTED_EDGE('',*,*,#1939,.F.);
#2054 = ( BOUNDED_SURFACE() B_SPLINE_SURFACE(3,2,(
    (#2055,#2056,#2057)
    ,(#2058,#2059,#2060)
    ,(#2061,#2062,#2063)
    ,(#2064,#2065,#2066
)),.UNSPECIFIED.,.F.,.F.,.F.) B_SPLINE_SURFACE_WITH_KNOTS((4,4),(3,3),(
    2.356194490192,3.14159265359),(0.,1.),.PIECEWISE_BEZIER_KNOTS.) 
GEOMETRIC_REPRESENTATION_ITEM() RATIONAL_B_SPLINE_SURFACE((
    (1.,0.866025403784,1.)
    ,(1.,0.789912529782,1.)
    ,(1.,0.705078927486,1.)
,(1.,0.707106781187,1.))) REPRESENTATION_ITEM('') SURFACE() );
#2055 = CARTESIAN_POINT('',(-0.865710678119,-0.370710678119,
    -0.333578643763));
#2056 = CARTESIAN_POINT('',(-0.889280904158,-0.394280904158,
    -0.380719095842));
#2057 = CARTESIAN_POINT('',(-0.936421356237,-0.370710678119,
    -0.404289321881));
#2058 = CARTESIAN_POINT('',(-0.884384955139,-0.389384955139,
    -0.296230090357));
#2059 = CARTESIAN_POINT('',(-0.90916837361,-0.429084736368,
    -0.36083162639));
#2060 = CARTESIAN_POINT('',(-0.973769909643,-0.389384955139,
    -0.385615044861));
#2061 = CARTESIAN_POINT('',(-0.895,-0.41504601546,-0.275000001648));
#2062 = CARTESIAN_POINT('',(-0.895052861973,-0.445354902312,
    -0.374947138023));
#2063 = CARTESIAN_POINT('',(-0.994999998352,-0.41504601546,-0.375));
#2064 = CARTESIAN_POINT('',(-0.895,-0.441421356237,-0.275));
#2065 = CARTESIAN_POINT('',(-0.895,-0.441421356237,-0.375));
#2066 = CARTESIAN_POINT('',(-0.995,-0.441421356237,-0.375));
#2067 = ADVANCED_FACE('',(#2068),#2080,.F.);
#2068 = FACE_BOUND('',#2069,.F.);
#2069 = EDGE_LOOP('',(#2070,#2071,#2078,#2079));
#2070 = ORIENTED_EDGE('',*,*,#1337,.T.);
#2071 = ORIENTED_EDGE('',*,*,#2072,.T.);
#2072 = EDGE_CURVE('',#1340,#1308,#2073,.T.);
#2073 = CIRCLE('',#2074,1.E-01);
#2074 = AXIS2_PLACEMENT_3D('',#2075,#2076,#2077);
#2075 = CARTESIAN_POINT('',(-0.995,-6.89,0.275));
#2076 = DIRECTION('',(0.,1.,0.));
#2077 = DIRECTION('',(0.,-0.,1.));
#2078 = ORIENTED_EDGE('',*,*,#1315,.T.);
#2079 = ORIENTED_EDGE('',*,*,#1962,.F.);
#2080 = CYLINDRICAL_SURFACE('',#2081,1.E-01);
#2081 = AXIS2_PLACEMENT_3D('',#2082,#2083,#2084);
#2082 = CARTESIAN_POINT('',(-0.995,-6.99,0.275));
#2083 = DIRECTION('',(0.,-1.,0.));
#2084 = DIRECTION('',(0.,0.,-1.));
#2085 = ADVANCED_FACE('',(#2086),#2098,.T.);
#2086 = FACE_BOUND('',#2087,.T.);
#2087 = EDGE_LOOP('',(#2088,#2089,#2090,#2097));
#2088 = ORIENTED_EDGE('',*,*,#1955,.T.);
#2089 = ORIENTED_EDGE('',*,*,#1363,.F.);
#2090 = ORIENTED_EDGE('',*,*,#2091,.F.);
#2091 = EDGE_CURVE('',#1538,#1356,#2092,.T.);
#2092 = ( BOUNDED_CURVE() B_SPLINE_CURVE(3,(#2093,#2094,#2095,#2096),
.UNSPECIFIED.,.F.,.F.) B_SPLINE_CURVE_WITH_KNOTS((4,4),(5.497787143782,
6.28318530718),.PIECEWISE_BEZIER_KNOTS.) CURVE() 
GEOMETRIC_REPRESENTATION_ITEM() RATIONAL_B_SPLINE_CURVE((1.,
0.949253021674,0.949253021674,1.)) REPRESENTATION_ITEM('') );
#2093 = CARTESIAN_POINT('',(-1.603578643763,-0.370710678119,
    0.404289321881));
#2094 = CARTESIAN_POINT('',(-1.565570084205,-0.389714957898,
    0.385285042102));
#2095 = CARTESIAN_POINT('',(-1.545,-0.414545246031,0.375));
#2096 = CARTESIAN_POINT('',(-1.545,-0.441421356237,0.375));
#2097 = ORIENTED_EDGE('',*,*,#1535,.F.);
#2098 = CYLINDRICAL_SURFACE('',#2099,1.E-01);
#2099 = AXIS2_PLACEMENT_3D('',#2100,#2101,#2102);
#2100 = CARTESIAN_POINT('',(-0.895,-0.441421356237,0.475));
#2101 = DIRECTION('',(-1.,0.,0.));
#2102 = DIRECTION('',(0.,0.,1.));
#2103 = ADVANCED_FACE('',(#2104),#2116,.F.);
#2104 = FACE_BOUND('',#2105,.F.);
#2105 = EDGE_LOOP('',(#2106,#2107,#2114,#2115));
#2106 = ORIENTED_EDGE('',*,*,#1495,.T.);
#2107 = ORIENTED_EDGE('',*,*,#2108,.T.);
#2108 = EDGE_CURVE('',#1498,#1538,#2109,.T.);
#2109 = CIRCLE('',#2110,0.1);
#2110 = AXIS2_PLACEMENT_3D('',#2111,#2112,#2113);
#2111 = CARTESIAN_POINT('',(-1.603578643763,-0.3,0.333578643763));
#2112 = DIRECTION('',(-0.57735026919,0.57735026919,0.57735026919));
#2113 = DIRECTION('',(-2.775557561563E-17,-0.707106781187,0.707106781187
    ));
#2114 = ORIENTED_EDGE('',*,*,#1545,.T.);
#2115 = ORIENTED_EDGE('',*,*,#1989,.F.);
#2116 = CYLINDRICAL_SURFACE('',#2117,1.E-01);
#2117 = AXIS2_PLACEMENT_3D('',#2118,#2119,#2120);
#2118 = CARTESIAN_POINT('',(-1.316192881254,-0.587385762508,
    4.619288125423E-02));
#2119 = DIRECTION('',(0.57735026919,-0.57735026919,-0.57735026919));
#2120 = DIRECTION('',(0.707106781187,0.707106781187,-4.163336342344E-16)
  );
#2121 = ADVANCED_FACE('',(#2122),#2140,.T.);
#2122 = FACE_BOUND('',#2123,.T.);
#2123 = EDGE_LOOP('',(#2124,#2131,#2132,#2139));
#2124 = ORIENTED_EDGE('',*,*,#2125,.F.);
#2125 = EDGE_CURVE('',#1506,#1236,#2126,.T.);
#2126 = ( BOUNDED_CURVE() B_SPLINE_CURVE(3,(#2127,#2128,#2129,#2130),
.UNSPECIFIED.,.F.,.F.) B_SPLINE_CURVE_WITH_KNOTS((4,4),(2.356194490192,
3.14159265359),.PIECEWISE_BEZIER_KNOTS.) CURVE() 
GEOMETRIC_REPRESENTATION_ITEM() RATIONAL_B_SPLINE_CURVE((1.,
0.949253021674,0.949253021674,1.)) REPRESENTATION_ITEM('') );
#2127 = CARTESIAN_POINT('',(-1.674289321881,-0.370710678119,
    -0.333578643763));
#2128 = CARTESIAN_POINT('',(-1.655285042102,-0.389714957898,
    -0.295570084205));
#2129 = CARTESIAN_POINT('',(-1.645,-0.414545246031,-0.275));
#2130 = CARTESIAN_POINT('',(-1.645,-0.441421356237,-0.275));
#2131 = ORIENTED_EDGE('',*,*,#1505,.F.);
#2132 = ORIENTED_EDGE('',*,*,#2133,.F.);
#2133 = EDGE_CURVE('',#1218,#1498,#2134,.T.);
#2134 = ( BOUNDED_CURVE() B_SPLINE_CURVE(3,(#2135,#2136,#2137,#2138),
.UNSPECIFIED.,.F.,.F.) B_SPLINE_CURVE_WITH_KNOTS((4,4),(
8.352389719038E-49,0.785398163397),.PIECEWISE_BEZIER_KNOTS.) CURVE() 
GEOMETRIC_REPRESENTATION_ITEM() RATIONAL_B_SPLINE_CURVE((1.,
0.949253021674,0.949253021674,1.)) REPRESENTATION_ITEM('') );
#2135 = CARTESIAN_POINT('',(-1.645,-0.441421356237,0.275));
#2136 = CARTESIAN_POINT('',(-1.645,-0.414545246031,0.275));
#2137 = CARTESIAN_POINT('',(-1.655285042102,-0.389714957898,
    0.295570084205));
#2138 = CARTESIAN_POINT('',(-1.674289321881,-0.370710678119,
    0.333578643763));
#2139 = ORIENTED_EDGE('',*,*,#1243,.F.);
#2140 = CYLINDRICAL_SURFACE('',#2141,0.1);
#2141 = AXIS2_PLACEMENT_3D('',#2142,#2143,#2144);
#2142 = CARTESIAN_POINT('',(-1.745,-0.441421356237,-0.375));
#2143 = DIRECTION('',(2.891205793295E-16,1.021115268026E-32,-1.));
#2144 = DIRECTION('',(-1.,-2.583222581222E-48,-2.891205793295E-16));
#2145 = ADVANCED_FACE('',(#2146),#2158,.F.);
#2146 = FACE_BOUND('',#2147,.F.);
#2147 = EDGE_LOOP('',(#2148,#2149,#2156,#2157));
#2148 = ORIENTED_EDGE('',*,*,#1417,.T.);
#2149 = ORIENTED_EDGE('',*,*,#2150,.T.);
#2150 = EDGE_CURVE('',#1420,#1506,#2151,.T.);
#2151 = CIRCLE('',#2152,0.1);
#2152 = AXIS2_PLACEMENT_3D('',#2153,#2154,#2155);
#2153 = CARTESIAN_POINT('',(-1.603578643763,-0.3,-0.333578643763));
#2154 = DIRECTION('',(-0.57735026919,0.57735026919,-0.57735026919));
#2155 = DIRECTION('',(2.775557561563E-17,0.707106781187,0.707106781187)
  );
#2156 = ORIENTED_EDGE('',*,*,#1513,.T.);
#2157 = ORIENTED_EDGE('',*,*,#2015,.F.);
#2158 = CYLINDRICAL_SURFACE('',#2159,1.E-01);
#2159 = AXIS2_PLACEMENT_3D('',#2160,#2161,#2162);
#2160 = CARTESIAN_POINT('',(-1.739526214588,-0.164052429175,
    -0.469526214588));
#2161 = DIRECTION('',(0.57735026919,-0.57735026919,0.57735026919));
#2162 = DIRECTION('',(-1.110223024625E-16,-0.707106781187,
    -0.707106781187));
#2163 = ADVANCED_FACE('',(#2164),#2176,.T.);
#2164 = FACE_BOUND('',#2165,.T.);
#2165 = EDGE_LOOP('',(#2166,#2167,#2168,#2175));
#2166 = ORIENTED_EDGE('',*,*,#2046,.T.);
#2167 = ORIENTED_EDGE('',*,*,#1427,.F.);
#2168 = ORIENTED_EDGE('',*,*,#2169,.F.);
#2169 = EDGE_CURVE('',#1258,#1420,#2170,.T.);
#2170 = ( BOUNDED_CURVE() B_SPLINE_CURVE(3,(#2171,#2172,#2173,#2174),
.UNSPECIFIED.,.F.,.F.) B_SPLINE_CURVE_WITH_KNOTS((4,4),(3.14159265359,
3.926990816987),.PIECEWISE_BEZIER_KNOTS.) CURVE() 
GEOMETRIC_REPRESENTATION_ITEM() RATIONAL_B_SPLINE_CURVE((1.,
0.949253021674,0.949253021674,1.)) REPRESENTATION_ITEM('') );
#2171 = CARTESIAN_POINT('',(-1.545,-0.441421356237,-0.375));
#2172 = CARTESIAN_POINT('',(-1.545,-0.414545246031,-0.375));
#2173 = CARTESIAN_POINT('',(-1.565570084205,-0.389714957898,
    -0.385285042102));
#2174 = CARTESIAN_POINT('',(-1.603578643763,-0.370710678119,
    -0.404289321881));
#2175 = ORIENTED_EDGE('',*,*,#1283,.F.);
#2176 = CYLINDRICAL_SURFACE('',#2177,1.E-01);
#2177 = AXIS2_PLACEMENT_3D('',#2178,#2179,#2180);
#2178 = CARTESIAN_POINT('',(-0.895,-0.441421356237,-0.475));
#2179 = DIRECTION('',(1.,0.,0.));
#2180 = DIRECTION('',(0.,0.,-1.));
#2181 = ADVANCED_FACE('',(#2182),#2194,.F.);
#2182 = FACE_BOUND('',#2183,.F.);
#2183 = EDGE_LOOP('',(#2184,#2185,#2192,#2193));
#2184 = ORIENTED_EDGE('',*,*,#1297,.T.);
#2185 = ORIENTED_EDGE('',*,*,#2186,.T.);
#2186 = EDGE_CURVE('',#1300,#1268,#2187,.T.);
#2187 = CIRCLE('',#2188,1.E-01);
#2188 = AXIS2_PLACEMENT_3D('',#2189,#2190,#2191);
#2189 = CARTESIAN_POINT('',(-0.995,-6.89,-0.275));
#2190 = DIRECTION('',(-0.,1.,0.));
#2191 = DIRECTION('',(0.,0.,1.));
#2192 = ORIENTED_EDGE('',*,*,#1275,.T.);
#2193 = ORIENTED_EDGE('',*,*,#2039,.F.);
#2194 = CYLINDRICAL_SURFACE('',#2195,1.E-01);
#2195 = AXIS2_PLACEMENT_3D('',#2196,#2197,#2198);
#2196 = CARTESIAN_POINT('',(-0.995,-6.99,-0.275));
#2197 = DIRECTION('',(0.,-1.,0.));
#2198 = DIRECTION('',(0.,0.,-1.));
#2199 = ADVANCED_FACE('',(#2200),#2218,.F.);
#2200 = FACE_BOUND('',#2201,.F.);
#2201 = EDGE_LOOP('',(#2202,#2203,#2210,#2211));
#2202 = ORIENTED_EDGE('',*,*,#1403,.T.);
#2203 = ORIENTED_EDGE('',*,*,#2204,.T.);
#2204 = EDGE_CURVE('',#1378,#1300,#2205,.T.);
#2205 = CIRCLE('',#2206,0.1);
#2206 = AXIS2_PLACEMENT_3D('',#2207,#2208,#2209);
#2207 = CARTESIAN_POINT('',(-0.995,-6.89,-0.275));
#2208 = DIRECTION('',(-5.421010862428E-16,0.,1.));
#2209 = DIRECTION('',(1.,0.,5.421010862428E-16));
#2210 = ORIENTED_EDGE('',*,*,#1307,.T.);
#2211 = ORIENTED_EDGE('',*,*,#2212,.T.);
#2212 = EDGE_CURVE('',#1308,#1396,#2213,.T.);
#2213 = CIRCLE('',#2214,0.1);
#2214 = AXIS2_PLACEMENT_3D('',#2215,#2216,#2217);
#2215 = CARTESIAN_POINT('',(-0.995,-6.89,0.275));
#2216 = DIRECTION('',(5.421010862428E-16,0.,-1.));
#2217 = DIRECTION('',(-1.,0.,-5.421010862428E-16));
#2218 = CYLINDRICAL_SURFACE('',#2219,0.1);
#2219 = AXIS2_PLACEMENT_3D('',#2220,#2221,#2222);
#2220 = CARTESIAN_POINT('',(-0.995,-6.89,-0.375));
#2221 = DIRECTION('',(2.891205793295E-16,0.,-1.));
#2222 = DIRECTION('',(-1.,0.,-2.891205793295E-16));
#2223 = ADVANCED_FACE('',(#2224),#2235,.F.);
#2224 = FACE_BOUND('',#2225,.F.);
#2225 = EDGE_LOOP('',(#2226,#2233,#2234));
#2226 = ORIENTED_EDGE('',*,*,#2227,.T.);
#2227 = EDGE_CURVE('',#1340,#1396,#2228,.T.);
#2228 = CIRCLE('',#2229,1.E-01);
#2229 = AXIS2_PLACEMENT_3D('',#2230,#2231,#2232);
#2230 = CARTESIAN_POINT('',(-0.995,-6.89,0.275));
#2231 = DIRECTION('',(1.,0.,-0.));
#2232 = DIRECTION('',(0.,0.,1.));
#2233 = ORIENTED_EDGE('',*,*,#2212,.F.);
#2234 = ORIENTED_EDGE('',*,*,#2072,.F.);
#2235 = SPHERICAL_SURFACE('',#2236,0.1);
#2236 = AXIS2_PLACEMENT_3D('',#2237,#2238,#2239);
#2237 = CARTESIAN_POINT('',(-0.995,-6.89,0.275));
#2238 = DIRECTION('',(0.,1.,0.));
#2239 = DIRECTION('',(1.,0.,0.));
#2240 = ADVANCED_FACE('',(#2241),#2253,.F.);
#2241 = FACE_BOUND('',#2242,.F.);
#2242 = EDGE_LOOP('',(#2243,#2244,#2251,#2252));
#2243 = ORIENTED_EDGE('',*,*,#2133,.F.);
#2244 = ORIENTED_EDGE('',*,*,#2245,.T.);
#2245 = EDGE_CURVE('',#1218,#1356,#2246,.T.);
#2246 = CIRCLE('',#2247,1.E-01);
#2247 = AXIS2_PLACEMENT_3D('',#2248,#2249,#2250);
#2248 = CARTESIAN_POINT('',(-1.545,-0.441421356237,0.275));
#2249 = DIRECTION('',(0.,1.,0.));
#2250 = DIRECTION('',(0.,-0.,-1.));
#2251 = ORIENTED_EDGE('',*,*,#2091,.F.);
#2252 = ORIENTED_EDGE('',*,*,#2108,.F.);
#2253 = ( BOUNDED_SURFACE() B_SPLINE_SURFACE(3,2,(
    (#2254,#2255,#2256)
    ,(#2257,#2258,#2259)
    ,(#2260,#2261,#2262)
    ,(#2263,#2264,#2265
)),.UNSPECIFIED.,.F.,.F.,.F.) B_SPLINE_SURFACE_WITH_KNOTS((4,4),(3,3),(
    5.497787143782,6.28318530718),(0.,1.),.PIECEWISE_BEZIER_KNOTS.) 
GEOMETRIC_REPRESENTATION_ITEM() RATIONAL_B_SPLINE_SURFACE((
    (1.,0.866025403784,1.)
    ,(1.,0.789912529782,1.)
    ,(1.,0.705078927486,1.)
,(1.,0.707106781187,1.))) REPRESENTATION_ITEM('') SURFACE() );
#2254 = CARTESIAN_POINT('',(-1.674289321881,-0.370710678119,
    0.333578643763));
#2255 = CARTESIAN_POINT('',(-1.650719095842,-0.394280904158,
    0.380719095842));
#2256 = CARTESIAN_POINT('',(-1.603578643763,-0.370710678119,
    0.404289321881));
#2257 = CARTESIAN_POINT('',(-1.655615044861,-0.389384955139,
    0.296230090357));
#2258 = CARTESIAN_POINT('',(-1.63083162641,-0.429084736333,0.36083162641
    ));
#2259 = CARTESIAN_POINT('',(-1.566230090357,-0.389384955139,
    0.385615044861));
#2260 = CARTESIAN_POINT('',(-1.645,-0.41504601546,0.275000001648));
#2261 = CARTESIAN_POINT('',(-1.644947137997,-0.44535490234,
    0.374947137978));
#2262 = CARTESIAN_POINT('',(-1.545000001648,-0.41504601546,0.375));
#2263 = CARTESIAN_POINT('',(-1.645,-0.441421356237,0.275));
#2264 = CARTESIAN_POINT('',(-1.645,-0.441421356237,0.375));
#2265 = CARTESIAN_POINT('',(-1.545,-0.441421356237,0.375));
#2266 = ADVANCED_FACE('',(#2267),#2279,.F.);
#2267 = FACE_BOUND('',#2268,.F.);
#2268 = EDGE_LOOP('',(#2269,#2270,#2277,#2278));
#2269 = ORIENTED_EDGE('',*,*,#2169,.F.);
#2270 = ORIENTED_EDGE('',*,*,#2271,.T.);
#2271 = EDGE_CURVE('',#1258,#1236,#2272,.T.);
#2272 = CIRCLE('',#2273,1.E-01);
#2273 = AXIS2_PLACEMENT_3D('',#2274,#2275,#2276);
#2274 = CARTESIAN_POINT('',(-1.545,-0.441421356237,-0.275));
#2275 = DIRECTION('',(0.,1.,0.));
#2276 = DIRECTION('',(0.,0.,-1.));
#2277 = ORIENTED_EDGE('',*,*,#2125,.F.);
#2278 = ORIENTED_EDGE('',*,*,#2150,.F.);
#2279 = ( BOUNDED_SURFACE() B_SPLINE_SURFACE(3,2,(
    (#2280,#2281,#2282)
    ,(#2283,#2284,#2285)
    ,(#2286,#2287,#2288)
    ,(#2289,#2290,#2291
)),.UNSPECIFIED.,.F.,.F.,.F.) B_SPLINE_SURFACE_WITH_KNOTS((4,4),(3,3),(
    2.356194490192,3.14159265359),(0.,1.),.PIECEWISE_BEZIER_KNOTS.) 
GEOMETRIC_REPRESENTATION_ITEM() RATIONAL_B_SPLINE_SURFACE((
    (1.,0.866025403784,1.)
    ,(1.,0.789912529782,1.)
    ,(1.,0.705078927486,1.)
,(1.,0.707106781187,1.))) REPRESENTATION_ITEM('') SURFACE() );
#2280 = CARTESIAN_POINT('',(-1.603578643763,-0.370710678119,
    -0.404289321881));
#2281 = CARTESIAN_POINT('',(-1.650719095842,-0.394280904158,
    -0.380719095842));
#2282 = CARTESIAN_POINT('',(-1.674289321881,-0.370710678119,
    -0.333578643763));
#2283 = CARTESIAN_POINT('',(-1.566230090357,-0.389384955139,
    -0.385615044861));
#2284 = CARTESIAN_POINT('',(-1.630831626406,-0.429084736341,
    -0.360831626406));
#2285 = CARTESIAN_POINT('',(-1.655615044861,-0.389384955139,
    -0.296230090357));
#2286 = CARTESIAN_POINT('',(-1.545000001648,-0.41504601546,-0.375));
#2287 = CARTESIAN_POINT('',(-1.644947138006,-0.445354902334,
    -0.374947137987));
#2288 = CARTESIAN_POINT('',(-1.645,-0.41504601546,-0.275000001648));
#2289 = CARTESIAN_POINT('',(-1.545,-0.441421356237,-0.375));
#2290 = CARTESIAN_POINT('',(-1.645,-0.441421356237,-0.375));
#2291 = CARTESIAN_POINT('',(-1.645,-0.441421356237,-0.275));
#2292 = ADVANCED_FACE('',(#2293),#2304,.F.);
#2293 = FACE_BOUND('',#2294,.F.);
#2294 = EDGE_LOOP('',(#2295,#2302,#2303));
#2295 = ORIENTED_EDGE('',*,*,#2296,.T.);
#2296 = EDGE_CURVE('',#1378,#1268,#2297,.T.);
#2297 = CIRCLE('',#2298,1.E-01);
#2298 = AXIS2_PLACEMENT_3D('',#2299,#2300,#2301);
#2299 = CARTESIAN_POINT('',(-0.995,-6.89,-0.275));
#2300 = DIRECTION('',(1.,0.,-0.));
#2301 = DIRECTION('',(0.,0.,1.));
#2302 = ORIENTED_EDGE('',*,*,#2186,.F.);
#2303 = ORIENTED_EDGE('',*,*,#2204,.F.);
#2304 = SPHERICAL_SURFACE('',#2305,0.1);
#2305 = AXIS2_PLACEMENT_3D('',#2306,#2307,#2308);
#2306 = CARTESIAN_POINT('',(-0.995,-6.89,-0.275));
#2307 = DIRECTION('',(0.,1.,0.));
#2308 = DIRECTION('',(1.,0.,0.));
#2309 = ADVANCED_FACE('',(#2310),#2322,.F.);
#2310 = FACE_BOUND('',#2311,.F.);
#2311 = EDGE_LOOP('',(#2312,#2313,#2320,#2321));
#2312 = ORIENTED_EDGE('',*,*,#1347,.T.);
#2313 = ORIENTED_EDGE('',*,*,#2314,.T.);
#2314 = EDGE_CURVE('',#1348,#1388,#2315,.T.);
#2315 = CIRCLE('',#2316,1.E-01);
#2316 = AXIS2_PLACEMENT_3D('',#2317,#2318,#2319);
#2317 = CARTESIAN_POINT('',(-1.545,-6.89,0.275));
#2318 = DIRECTION('',(1.,0.,0.));
#2319 = DIRECTION('',(0.,-0.,-1.));
#2320 = ORIENTED_EDGE('',*,*,#1395,.T.);
#2321 = ORIENTED_EDGE('',*,*,#2227,.F.);
#2322 = CYLINDRICAL_SURFACE('',#2323,1.E-01);
#2323 = AXIS2_PLACEMENT_3D('',#2324,#2325,#2326);
#2324 = CARTESIAN_POINT('',(-0.895,-6.89,0.275));
#2325 = DIRECTION('',(1.,0.,0.));
#2326 = DIRECTION('',(0.,0.,-1.));
#2327 = ADVANCED_FACE('',(#2328),#2340,.F.);
#2328 = FACE_BOUND('',#2329,.F.);
#2329 = EDGE_LOOP('',(#2330,#2331,#2338,#2339));
#2330 = ORIENTED_EDGE('',*,*,#1217,.T.);
#2331 = ORIENTED_EDGE('',*,*,#2332,.T.);
#2332 = EDGE_CURVE('',#1220,#1348,#2333,.T.);
#2333 = CIRCLE('',#2334,1.E-01);
#2334 = AXIS2_PLACEMENT_3D('',#2335,#2336,#2337);
#2335 = CARTESIAN_POINT('',(-1.545,-6.89,0.275));
#2336 = DIRECTION('',(0.,1.,-0.));
#2337 = DIRECTION('',(0.,0.,1.));
#2338 = ORIENTED_EDGE('',*,*,#1355,.T.);
#2339 = ORIENTED_EDGE('',*,*,#2245,.F.);
#2340 = CYLINDRICAL_SURFACE('',#2341,1.E-01);
#2341 = AXIS2_PLACEMENT_3D('',#2342,#2343,#2344);
#2342 = CARTESIAN_POINT('',(-1.545,-6.99,0.275));
#2343 = DIRECTION('',(0.,-1.,0.));
#2344 = DIRECTION('',(0.,0.,-1.));
#2345 = ADVANCED_FACE('',(#2346),#2358,.F.);
#2346 = FACE_BOUND('',#2347,.F.);
#2347 = EDGE_LOOP('',(#2348,#2349,#2356,#2357));
#2348 = ORIENTED_EDGE('',*,*,#1257,.T.);
#2349 = ORIENTED_EDGE('',*,*,#2350,.T.);
#2350 = EDGE_CURVE('',#1260,#1228,#2351,.T.);
#2351 = CIRCLE('',#2352,1.E-01);
#2352 = AXIS2_PLACEMENT_3D('',#2353,#2354,#2355);
#2353 = CARTESIAN_POINT('',(-1.545,-6.89,-0.275));
#2354 = DIRECTION('',(0.,1.,0.));
#2355 = DIRECTION('',(0.,-0.,1.));
#2356 = ORIENTED_EDGE('',*,*,#1235,.T.);
#2357 = ORIENTED_EDGE('',*,*,#2271,.F.);
#2358 = CYLINDRICAL_SURFACE('',#2359,1.E-01);
#2359 = AXIS2_PLACEMENT_3D('',#2360,#2361,#2362);
#2360 = CARTESIAN_POINT('',(-1.545,-6.99,-0.275));
#2361 = DIRECTION('',(0.,-1.,0.));
#2362 = DIRECTION('',(0.,0.,-1.));
#2363 = ADVANCED_FACE('',(#2364),#2376,.F.);
#2364 = FACE_BOUND('',#2365,.F.);
#2365 = EDGE_LOOP('',(#2366,#2367,#2374,#2375));
#2366 = ORIENTED_EDGE('',*,*,#1377,.T.);
#2367 = ORIENTED_EDGE('',*,*,#2368,.T.);
#2368 = EDGE_CURVE('',#1380,#1260,#2369,.T.);
#2369 = CIRCLE('',#2370,1.E-01);
#2370 = AXIS2_PLACEMENT_3D('',#2371,#2372,#2373);
#2371 = CARTESIAN_POINT('',(-1.545,-6.89,-0.275));
#2372 = DIRECTION('',(1.,0.,0.));
#2373 = DIRECTION('',(0.,0.,-1.));
#2374 = ORIENTED_EDGE('',*,*,#1267,.T.);
#2375 = ORIENTED_EDGE('',*,*,#2296,.F.);
#2376 = CYLINDRICAL_SURFACE('',#2377,1.E-01);
#2377 = AXIS2_PLACEMENT_3D('',#2378,#2379,#2380);
#2378 = CARTESIAN_POINT('',(-0.895,-6.89,-0.275));
#2379 = DIRECTION('',(-1.,0.,0.));
#2380 = DIRECTION('',(0.,0.,1.));
#2381 = ADVANCED_FACE('',(#2382),#2393,.F.);
#2382 = FACE_BOUND('',#2383,.F.);
#2383 = EDGE_LOOP('',(#2384,#2391,#2392));
#2384 = ORIENTED_EDGE('',*,*,#2385,.T.);
#2385 = EDGE_CURVE('',#1220,#1388,#2386,.T.);
#2386 = CIRCLE('',#2387,0.1);
#2387 = AXIS2_PLACEMENT_3D('',#2388,#2389,#2390);
#2388 = CARTESIAN_POINT('',(-1.545,-6.89,0.275));
#2389 = DIRECTION('',(-5.421010862428E-16,-0.,1.));
#2390 = DIRECTION('',(-1.,0.,-5.421010862428E-16));
#2391 = ORIENTED_EDGE('',*,*,#2314,.F.);
#2392 = ORIENTED_EDGE('',*,*,#2332,.F.);
#2393 = SPHERICAL_SURFACE('',#2394,0.1);
#2394 = AXIS2_PLACEMENT_3D('',#2395,#2396,#2397);
#2395 = CARTESIAN_POINT('',(-1.545,-6.89,0.275));
#2396 = DIRECTION('',(0.,1.,0.));
#2397 = DIRECTION('',(1.,0.,0.));
#2398 = ADVANCED_FACE('',(#2399),#2410,.F.);
#2399 = FACE_BOUND('',#2400,.F.);
#2400 = EDGE_LOOP('',(#2401,#2408,#2409));
#2401 = ORIENTED_EDGE('',*,*,#2402,.T.);
#2402 = EDGE_CURVE('',#1380,#1228,#2403,.T.);
#2403 = CIRCLE('',#2404,0.1);
#2404 = AXIS2_PLACEMENT_3D('',#2405,#2406,#2407);
#2405 = CARTESIAN_POINT('',(-1.545,-6.89,-0.275));
#2406 = DIRECTION('',(5.421010862428E-16,0.,-1.));
#2407 = DIRECTION('',(1.,0.,5.421010862428E-16));
#2408 = ORIENTED_EDGE('',*,*,#2350,.F.);
#2409 = ORIENTED_EDGE('',*,*,#2368,.F.);
#2410 = SPHERICAL_SURFACE('',#2411,0.1);
#2411 = AXIS2_PLACEMENT_3D('',#2412,#2413,#2414);
#2412 = CARTESIAN_POINT('',(-1.545,-6.89,-0.275));
#2413 = DIRECTION('',(0.,1.,0.));
#2414 = DIRECTION('',(1.,0.,0.));
#2415 = ADVANCED_FACE('',(#2416),#2422,.F.);
#2416 = FACE_BOUND('',#2417,.F.);
#2417 = EDGE_LOOP('',(#2418,#2419,#2420,#2421));
#2418 = ORIENTED_EDGE('',*,*,#1227,.T.);
#2419 = ORIENTED_EDGE('',*,*,#2402,.F.);
#2420 = ORIENTED_EDGE('',*,*,#1387,.T.);
#2421 = ORIENTED_EDGE('',*,*,#2385,.F.);
#2422 = CYLINDRICAL_SURFACE('',#2423,0.1);
#2423 = AXIS2_PLACEMENT_3D('',#2424,#2425,#2426);
#2424 = CARTESIAN_POINT('',(-1.545,-6.89,-0.375));
#2425 = DIRECTION('',(-2.891205793295E-16,0.,1.));
#2426 = DIRECTION('',(1.,0.,2.891205793295E-16));
#2427 = ADVANCED_FACE('',(#2428),#2446,.T.);
#2428 = FACE_BOUND('',#2429,.T.);
#2429 = EDGE_LOOP('',(#2430,#2437,#2438,#2445));
#2430 = ORIENTED_EDGE('',*,*,#2431,.F.);
#2431 = EDGE_CURVE('',#424,#1120,#2432,.T.);
#2432 = CIRCLE('',#2433,1.E-01);
#2433 = AXIS2_PLACEMENT_3D('',#2434,#2435,#2436);
#2434 = CARTESIAN_POINT('',(0.453578643763,-0.1,-0.675));
#2435 = DIRECTION('',(0.,0.,-1.));
#2436 = DIRECTION('',(-1.,0.,0.));
#2437 = ORIENTED_EDGE('',*,*,#423,.F.);
#2438 = ORIENTED_EDGE('',*,*,#2439,.F.);
#2439 = EDGE_CURVE('',#1102,#415,#2440,.T.);
#2440 = CIRCLE('',#2441,1.E-01);
#2441 = AXIS2_PLACEMENT_3D('',#2442,#2443,#2444);
#2442 = CARTESIAN_POINT('',(0.453578643763,-1.E-01,0.675));
#2443 = DIRECTION('',(0.,-0.,1.));
#2444 = DIRECTION('',(1.,0.,0.));
#2445 = ORIENTED_EDGE('',*,*,#1127,.F.);
#2446 = CYLINDRICAL_SURFACE('',#2447,1.E-01);
#2447 = AXIS2_PLACEMENT_3D('',#2448,#2449,#2450);
#2448 = CARTESIAN_POINT('',(0.453578643763,-0.1,-1.311389202561E-16));
#2449 = DIRECTION('',(-2.891205793295E-16,0.,-1.));
#2450 = DIRECTION('',(-1.,0.,2.891205793295E-16));
#2451 = ADVANCED_FACE('',(#2452),#2470,.T.);
#2452 = FACE_BOUND('',#2453,.T.);
#2453 = EDGE_LOOP('',(#2454,#2455,#2456,#2463));
#2454 = ORIENTED_EDGE('',*,*,#2439,.T.);
#2455 = ORIENTED_EDGE('',*,*,#414,.T.);
#2456 = ORIENTED_EDGE('',*,*,#2457,.F.);
#2457 = EDGE_CURVE('',#1180,#407,#2458,.T.);
#2458 = CIRCLE('',#2459,0.1);
#2459 = AXIS2_PLACEMENT_3D('',#2460,#2461,#2462);
#2460 = CARTESIAN_POINT('',(0.595,-0.1,0.816421356237));
#2461 = DIRECTION('',(1.,0.,-0.));
#2462 = DIRECTION('',(0.,-2.710505431214E-15,1.));
#2463 = ORIENTED_EDGE('',*,*,#2464,.F.);
#2464 = EDGE_CURVE('',#1102,#1180,#2465,.T.);
#2465 = ( BOUNDED_CURVE() B_SPLINE_CURVE(3,(#2466,#2467,#2468,#2469),
.UNSPECIFIED.,.F.,.F.) B_SPLINE_CURVE_WITH_KNOTS((4,4),(2.617993877991,
3.665191429188),.PIECEWISE_BEZIER_KNOTS.) CURVE() 
GEOMETRIC_REPRESENTATION_ITEM() RATIONAL_B_SPLINE_CURVE((1.,
0.910683602523,0.910683602523,1.)) REPRESENTATION_ITEM('') );
#2466 = CARTESIAN_POINT('',(0.524289321881,-2.928932188135E-02,0.675));
#2467 = CARTESIAN_POINT('',(0.509346397345,-1.434639734521E-02,
    0.734771698145));
#2468 = CARTESIAN_POINT('',(0.535228301855,-1.434639734521E-02,
    0.760653602655));
#2469 = CARTESIAN_POINT('',(0.595,-2.928932188135E-02,0.745710678119));
#2470 = ( BOUNDED_SURFACE() B_SPLINE_SURFACE(3,2,(
    (#2471,#2472,#2473)
    ,(#2474,#2475,#2476)
    ,(#2477,#2478,#2479)
    ,(#2480,#2481,#2482
)),.UNSPECIFIED.,.F.,.F.,.F.) B_SPLINE_SURFACE_WITH_KNOTS((4,4),(3,3),(
    2.617993877991,3.665191429188),(0.,1.),.PIECEWISE_BEZIER_KNOTS.) 
GEOMETRIC_REPRESENTATION_ITEM() RATIONAL_B_SPLINE_SURFACE((
    (1.,0.923879532511,1.)
    ,(1.,0.962692727824,1.)
    ,(1.,0.962692727824,1.)
,(1.,0.923879532511,1.))) REPRESENTATION_ITEM('') SURFACE() );
#2471 = CARTESIAN_POINT('',(0.453578643763,1.355252715607E-17,0.675));
#2472 = CARTESIAN_POINT('',(0.495,0.,0.675));
#2473 = CARTESIAN_POINT('',(0.524289321881,-2.928932188135E-02,0.675));
#2474 = CARTESIAN_POINT('',(0.453578645472,1.355252715607E-17,
    0.762000068642));
#2475 = CARTESIAN_POINT('',(0.483424579947,4.544794139599E-15,
    0.742467047315));
#2476 = CARTESIAN_POINT('',(0.509765500435,-1.476550043494E-02,
    0.733095288353));
#2477 = CARTESIAN_POINT('',(0.507999931358,0.,0.816421354528));
#2478 = CARTESIAN_POINT('',(0.527532952685,5.085788352737E-15,
    0.786575420053));
#2479 = CARTESIAN_POINT('',(0.536904711647,-1.476550043493E-02,
    0.760234499565));
#2480 = CARTESIAN_POINT('',(0.595,0.,0.816421356237));
#2481 = CARTESIAN_POINT('',(0.595,-2.710505431214E-17,0.775));
#2482 = CARTESIAN_POINT('',(0.595,-2.928932188135E-02,0.745710678119));
#2483 = ADVANCED_FACE('',(#2484),#2502,.T.);
#2484 = FACE_BOUND('',#2485,.T.);
#2485 = EDGE_LOOP('',(#2486,#2487,#2488,#2495));
#2486 = ORIENTED_EDGE('',*,*,#431,.T.);
#2487 = ORIENTED_EDGE('',*,*,#2431,.T.);
#2488 = ORIENTED_EDGE('',*,*,#2489,.F.);
#2489 = EDGE_CURVE('',#1062,#1120,#2490,.T.);
#2490 = ( BOUNDED_CURVE() B_SPLINE_CURVE(3,(#2491,#2492,#2493,#2494),
.UNSPECIFIED.,.F.,.F.) B_SPLINE_CURVE_WITH_KNOTS((4,4),(2.617993877991,
3.665191429188),.PIECEWISE_BEZIER_KNOTS.) CURVE() 
GEOMETRIC_REPRESENTATION_ITEM() RATIONAL_B_SPLINE_CURVE((1.,
0.910683602523,0.910683602523,1.)) REPRESENTATION_ITEM('') );
#2491 = CARTESIAN_POINT('',(0.595,-2.928932188135E-02,-0.745710678119));
#2492 = CARTESIAN_POINT('',(0.535228301855,-1.434639734521E-02,
    -0.760653602655));
#2493 = CARTESIAN_POINT('',(0.509346397345,-1.434639734521E-02,
    -0.734771698145));
#2494 = CARTESIAN_POINT('',(0.524289321881,-2.928932188135E-02,-0.675));
#2495 = ORIENTED_EDGE('',*,*,#2496,.F.);
#2496 = EDGE_CURVE('',#432,#1062,#2497,.T.);
#2497 = CIRCLE('',#2498,0.1);
#2498 = AXIS2_PLACEMENT_3D('',#2499,#2500,#2501);
#2499 = CARTESIAN_POINT('',(0.595,-1.E-01,-0.816421356237));
#2500 = DIRECTION('',(1.,0.,-0.));
#2501 = DIRECTION('',(0.,-3.523657060578E-15,1.));
#2502 = ( BOUNDED_SURFACE() B_SPLINE_SURFACE(3,2,(
    (#2503,#2504,#2505)
    ,(#2506,#2507,#2508)
    ,(#2509,#2510,#2511)
    ,(#2512,#2513,#2514
)),.UNSPECIFIED.,.F.,.F.,.F.) B_SPLINE_SURFACE_WITH_KNOTS((4,4),(3,3),(
    2.617993877991,3.665191429188),(0.,1.),.PIECEWISE_BEZIER_KNOTS.) 
GEOMETRIC_REPRESENTATION_ITEM() RATIONAL_B_SPLINE_SURFACE((
    (1.,0.923879532511,1.)
    ,(1.,0.962692727824,1.)
    ,(1.,0.962692727824,1.)
,(1.,0.923879532511,1.))) REPRESENTATION_ITEM('') SURFACE() );
#2503 = CARTESIAN_POINT('',(0.595,1.355252715607E-17,-0.816421356237));
#2504 = CARTESIAN_POINT('',(0.595,4.743384504624E-17,-0.775));
#2505 = CARTESIAN_POINT('',(0.595,-2.928932188135E-02,-0.745710678119));
#2506 = CARTESIAN_POINT('',(0.507999931358,1.355252715607E-17,
    -0.816421354528));
#2507 = CARTESIAN_POINT('',(0.527532952685,4.87627761837E-15,
    -0.786575420053));
#2508 = CARTESIAN_POINT('',(0.536904711647,-1.476550043494E-02,
    -0.760234499565));
#2509 = CARTESIAN_POINT('',(0.453578645472,1.355252715607E-17,
    -0.762000068642));
#2510 = CARTESIAN_POINT('',(0.483424579947,5.106117143471E-15,
    -0.742467047315));
#2511 = CARTESIAN_POINT('',(0.509765500435,-1.476550043494E-02,
    -0.733095288353));
#2512 = CARTESIAN_POINT('',(0.453578643763,1.355252715607E-17,-0.675));
#2513 = CARTESIAN_POINT('',(0.495,-6.776263578034E-18,-0.675));
#2514 = CARTESIAN_POINT('',(0.524289321881,-2.928932188135E-02,-0.675));
#2515 = ADVANCED_FACE('',(#2516),#2522,.T.);
#2516 = FACE_BOUND('',#2517,.T.);
#2517 = EDGE_LOOP('',(#2518,#2519,#2520,#2521));
#2518 = ORIENTED_EDGE('',*,*,#2457,.T.);
#2519 = ORIENTED_EDGE('',*,*,#406,.F.);
#2520 = ORIENTED_EDGE('',*,*,#222,.F.);
#2521 = ORIENTED_EDGE('',*,*,#1179,.F.);
#2522 = CYLINDRICAL_SURFACE('',#2523,0.1);
#2523 = AXIS2_PLACEMENT_3D('',#2524,#2525,#2526);
#2524 = CARTESIAN_POINT('',(0.,-0.1,0.816421356237));
#2525 = DIRECTION('',(-1.,0.,0.));
#2526 = DIRECTION('',(0.,0.,1.));
#2527 = ADVANCED_FACE('',(#2528),#2540,.F.);
#2528 = FACE_BOUND('',#2529,.F.);
#2529 = EDGE_LOOP('',(#2530,#2531,#2538,#2539));
#2530 = ORIENTED_EDGE('',*,*,#1101,.T.);
#2531 = ORIENTED_EDGE('',*,*,#2532,.T.);
#2532 = EDGE_CURVE('',#1104,#1196,#2533,.T.);
#2533 = CIRCLE('',#2534,0.1);
#2534 = AXIS2_PLACEMENT_3D('',#2535,#2536,#2537);
#2535 = CARTESIAN_POINT('',(0.936421356237,-0.3,0.333578643763));
#2536 = DIRECTION('',(-0.57735026919,0.57735026919,0.57735026919));
#2537 = DIRECTION('',(-0.707106781187,-0.707106781187,
    -1.942890293094E-16));
#2538 = ORIENTED_EDGE('',*,*,#1203,.T.);
#2539 = ORIENTED_EDGE('',*,*,#2464,.F.);
#2540 = CYLINDRICAL_SURFACE('',#2541,1.E-01);
#2541 = AXIS2_PLACEMENT_3D('',#2542,#2543,#2544);
#2542 = CARTESIAN_POINT('',(0.942140452079,-0.305719095842,
    0.327859547921));
#2543 = DIRECTION('',(0.57735026919,-0.57735026919,-0.57735026919));
#2544 = DIRECTION('',(-0.707106781187,-1.110223024625E-16,
    -0.707106781187));
#2545 = ADVANCED_FACE('',(#2546),#2564,.T.);
#2546 = FACE_BOUND('',#2547,.T.);
#2547 = EDGE_LOOP('',(#2548,#2555,#2556,#2563));
#2548 = ORIENTED_EDGE('',*,*,#2549,.F.);
#2549 = EDGE_CURVE('',#1112,#960,#2550,.T.);
#2550 = ( BOUNDED_CURVE() B_SPLINE_CURVE(3,(#2551,#2552,#2553,#2554),
.UNSPECIFIED.,.F.,.F.) B_SPLINE_CURVE_WITH_KNOTS((4,4),(5.497787143782,
6.28318530718),.PIECEWISE_BEZIER_KNOTS.) CURVE() 
GEOMETRIC_REPRESENTATION_ITEM() RATIONAL_B_SPLINE_CURVE((1.,
0.949253021674,0.949253021674,1.)) REPRESENTATION_ITEM('') );
#2551 = CARTESIAN_POINT('',(0.865710678119,-0.370710678119,
    -0.333578643763));
#2552 = CARTESIAN_POINT('',(0.884714957898,-0.389714957898,
    -0.295570084205));
#2553 = CARTESIAN_POINT('',(0.895,-0.414545246031,-0.275));
#2554 = CARTESIAN_POINT('',(0.895,-0.441421356237,-0.275));
#2555 = ORIENTED_EDGE('',*,*,#1111,.F.);
#2556 = ORIENTED_EDGE('',*,*,#2557,.F.);
#2557 = EDGE_CURVE('',#942,#1104,#2558,.T.);
#2558 = ( BOUNDED_CURVE() B_SPLINE_CURVE(3,(#2559,#2560,#2561,#2562),
.UNSPECIFIED.,.F.,.F.) B_SPLINE_CURVE_WITH_KNOTS((4,4),(3.14159265359,
3.926990816987),.PIECEWISE_BEZIER_KNOTS.) CURVE() 
GEOMETRIC_REPRESENTATION_ITEM() RATIONAL_B_SPLINE_CURVE((1.,
0.949253021674,0.949253021674,1.)) REPRESENTATION_ITEM('') );
#2559 = CARTESIAN_POINT('',(0.895,-0.441421356237,0.275));
#2560 = CARTESIAN_POINT('',(0.895,-0.414545246031,0.275));
#2561 = CARTESIAN_POINT('',(0.884714957898,-0.389714957898,
    0.295570084205));
#2562 = CARTESIAN_POINT('',(0.865710678119,-0.370710678119,
    0.333578643763));
#2563 = ORIENTED_EDGE('',*,*,#967,.F.);
#2564 = CYLINDRICAL_SURFACE('',#2565,0.1);
#2565 = AXIS2_PLACEMENT_3D('',#2566,#2567,#2568);
#2566 = CARTESIAN_POINT('',(0.795,-0.441421356237,-0.375));
#2567 = DIRECTION('',(-2.891205793295E-16,3.486305596842E-32,-1.));
#2568 = DIRECTION('',(-1.,8.819673571437E-48,2.891205793295E-16));
#2569 = ADVANCED_FACE('',(#2570),#2582,.F.);
#2570 = FACE_BOUND('',#2571,.F.);
#2571 = EDGE_LOOP('',(#2572,#2573,#2580,#2581));
#2572 = ORIENTED_EDGE('',*,*,#1061,.T.);
#2573 = ORIENTED_EDGE('',*,*,#2574,.T.);
#2574 = EDGE_CURVE('',#1064,#1112,#2575,.T.);
#2575 = CIRCLE('',#2576,0.1);
#2576 = AXIS2_PLACEMENT_3D('',#2577,#2578,#2579);
#2577 = CARTESIAN_POINT('',(0.936421356237,-0.3,-0.333578643763));
#2578 = DIRECTION('',(-0.57735026919,0.57735026919,-0.57735026919));
#2579 = DIRECTION('',(-0.707106781187,-1.942890293094E-16,0.707106781187
    ));
#2580 = ORIENTED_EDGE('',*,*,#1119,.T.);
#2581 = ORIENTED_EDGE('',*,*,#2489,.F.);
#2582 = CYLINDRICAL_SURFACE('',#2583,1.E-01);
#2583 = AXIS2_PLACEMENT_3D('',#2584,#2585,#2586);
#2584 = CARTESIAN_POINT('',(0.942140452079,-0.305719095842,
    -0.327859547921));
#2585 = DIRECTION('',(0.57735026919,-0.57735026919,0.57735026919));
#2586 = DIRECTION('',(0.707106781187,-1.665334536938E-16,-0.707106781187
    ));
#2587 = ADVANCED_FACE('',(#2588),#2600,.T.);
#2588 = FACE_BOUND('',#2589,.T.);
#2589 = EDGE_LOOP('',(#2590,#2591,#2592,#2599));
#2590 = ORIENTED_EDGE('',*,*,#2496,.T.);
#2591 = ORIENTED_EDGE('',*,*,#1087,.F.);
#2592 = ORIENTED_EDGE('',*,*,#2593,.F.);
#2593 = EDGE_CURVE('',#441,#1080,#2594,.T.);
#2594 = CIRCLE('',#2595,0.1);
#2595 = AXIS2_PLACEMENT_3D('',#2596,#2597,#2598);
#2596 = CARTESIAN_POINT('',(1.945,-0.1,-0.816421356237));
#2597 = DIRECTION('',(1.,0.,0.));
#2598 = DIRECTION('',(0.,0.,-1.));
#2599 = ORIENTED_EDGE('',*,*,#440,.F.);
#2600 = CYLINDRICAL_SURFACE('',#2601,0.1);
#2601 = AXIS2_PLACEMENT_3D('',#2602,#2603,#2604);
#2602 = CARTESIAN_POINT('',(0.,-0.1,-0.816421356237));
#2603 = DIRECTION('',(1.,0.,0.));
#2604 = DIRECTION('',(0.,0.,-1.));
#2605 = ADVANCED_FACE('',(#2606),#2618,.T.);
#2606 = FACE_BOUND('',#2607,.T.);
#2607 = EDGE_LOOP('',(#2608,#2615,#2616,#2617));
#2608 = ORIENTED_EDGE('',*,*,#2609,.F.);
#2609 = EDGE_CURVE('',#391,#1158,#2610,.T.);
#2610 = CIRCLE('',#2611,1.E-01);
#2611 = AXIS2_PLACEMENT_3D('',#2612,#2613,#2614);
#2612 = CARTESIAN_POINT('',(2.086421356237,-0.1,0.675));
#2613 = DIRECTION('',(0.,-0.,1.));
#2614 = DIRECTION('',(1.,0.,0.));
#2615 = ORIENTED_EDGE('',*,*,#390,.F.);
#2616 = ORIENTED_EDGE('',*,*,#170,.F.);
#2617 = ORIENTED_EDGE('',*,*,#1165,.F.);
#2618 = CYLINDRICAL_SURFACE('',#2619,1.E-01);
#2619 = AXIS2_PLACEMENT_3D('',#2620,#2621,#2622);
#2620 = CARTESIAN_POINT('',(2.086421356237,-0.1,-6.032273512407E-16));
#2621 = DIRECTION('',(2.891205793295E-16,-0.,1.));
#2622 = DIRECTION('',(1.,0.,-2.891205793295E-16));
#2623 = ADVANCED_FACE('',(#2624),#2636,.T.);
#2624 = FACE_BOUND('',#2625,.T.);
#2625 = EDGE_LOOP('',(#2626,#2627,#2628,#2629));
#2626 = ORIENTED_EDGE('',*,*,#204,.F.);
#2627 = ORIENTED_EDGE('',*,*,#398,.T.);
#2628 = ORIENTED_EDGE('',*,*,#2609,.T.);
#2629 = ORIENTED_EDGE('',*,*,#2630,.F.);
#2630 = EDGE_CURVE('',#205,#1158,#2631,.T.);
#2631 = ( BOUNDED_CURVE() B_SPLINE_CURVE(3,(#2632,#2633,#2634,#2635),
.UNSPECIFIED.,.F.,.F.) B_SPLINE_CURVE_WITH_KNOTS((4,4),(
1.084202172486E-15,0.523598775598),.PIECEWISE_BEZIER_KNOTS.) CURVE() 
GEOMETRIC_REPRESENTATION_ITEM() RATIONAL_B_SPLINE_CURVE((1.,
0.977283884193,0.977283884193,1.)) REPRESENTATION_ITEM('') );
#2632 = CARTESIAN_POINT('',(2.007702788995,-1.835034190723E-02,
    0.737702788995));
#2633 = CARTESIAN_POINT('',(2.020187233883,-1.835034190723E-02,
    0.725218344106));
#2634 = CARTESIAN_POINT('',(2.022918575736,-2.208142426417E-02,
    0.703831590469));
#2635 = CARTESIAN_POINT('',(2.015710678119,-2.928932188135E-02,0.675));
#2636 = ( BOUNDED_SURFACE() B_SPLINE_SURFACE(3,2,(
    (#2637,#2638,#2639)
    ,(#2640,#2641,#2642)
    ,(#2643,#2644,#2645)
    ,(#2646,#2647,#2648
)),.UNSPECIFIED.,.F.,.F.,.F.) B_SPLINE_SURFACE_WITH_KNOTS((4,4),(3,3),(
    5.421010862428E-16,0.523598775598),(0.,1.),
.PIECEWISE_BEZIER_KNOTS.) GEOMETRIC_REPRESENTATION_ITEM() 
RATIONAL_B_SPLINE_SURFACE((
    (1.,0.953020613871,1.)
    ,(1.,0.953036376009,1.)
    ,(1.,0.943176268845,1.)
,(1.,0.923879532511,1.))) REPRESENTATION_ITEM('') SURFACE() );
#2637 = CARTESIAN_POINT('',(2.048527618041,1.355252715607E-17,
    0.778527618041));
#2638 = CARTESIAN_POINT('',(2.026053130902,-1.355252715607E-17,
    0.756053130902));
#2639 = CARTESIAN_POINT('',(2.007702788995,-1.835034190723E-02,
    0.737702788995));
#2640 = CARTESIAN_POINT('',(2.073270328108,1.355252715607E-17,
    0.753784905296));
#2641 = CARTESIAN_POINT('',(2.043997389932,3.782744743103E-15,
    0.738108868962));
#2642 = CARTESIAN_POINT('',(2.020080883741,-1.835034280052E-02,
    0.725324692462));
#2643 = CARTESIAN_POINT('',(2.086421355395,1.355252715607E-17,
    0.717874315701));
#2644 = CARTESIAN_POINT('',(2.050805265261,8.547336322013E-16,
    0.708835843903));
#2645 = CARTESIAN_POINT('',(2.022862379783,-2.213762021727E-02,
    0.703606807921));
#2646 = CARTESIAN_POINT('',(2.086421356237,1.355252715607E-17,0.675));
#2647 = CARTESIAN_POINT('',(2.045,0.,0.675));
#2648 = CARTESIAN_POINT('',(2.015710678119,-2.928932188135E-02,0.675));
#2649 = ADVANCED_FACE('',(#2650),#2668,.F.);
#2650 = FACE_BOUND('',#2651,.F.);
#2651 = EDGE_LOOP('',(#2652,#2659,#2666,#2667));
#2652 = ORIENTED_EDGE('',*,*,#2653,.T.);
#2653 = EDGE_CURVE('',#942,#902,#2654,.T.);
#2654 = CIRCLE('',#2655,0.1);
#2655 = AXIS2_PLACEMENT_3D('',#2656,#2657,#2658);
#2656 = CARTESIAN_POINT('',(0.995,-0.441421356237,0.275));
#2657 = DIRECTION('',(-8.673617379884E-15,1.,0.));
#2658 = DIRECTION('',(1.,8.673617379884E-15,0.));
#2659 = ORIENTED_EDGE('',*,*,#2660,.T.);
#2660 = EDGE_CURVE('',#902,#1196,#2661,.T.);
#2661 = ( BOUNDED_CURVE() B_SPLINE_CURVE(3,(#2662,#2663,#2664,#2665),
.UNSPECIFIED.,.F.,.F.) B_SPLINE_CURVE_WITH_KNOTS((4,4),(3.14159265359,
3.926990816987),.PIECEWISE_BEZIER_KNOTS.) CURVE() 
GEOMETRIC_REPRESENTATION_ITEM() RATIONAL_B_SPLINE_CURVE((1.,
0.949253021674,0.949253021674,1.)) REPRESENTATION_ITEM('') );
#2662 = CARTESIAN_POINT('',(0.995,-0.441421356237,0.375));
#2663 = CARTESIAN_POINT('',(0.995,-0.414545246031,0.375));
#2664 = CARTESIAN_POINT('',(0.974429915795,-0.389714957898,
    0.385285042102));
#2665 = CARTESIAN_POINT('',(0.936421356237,-0.370710678119,
    0.404289321881));
#2666 = ORIENTED_EDGE('',*,*,#2532,.F.);
#2667 = ORIENTED_EDGE('',*,*,#2557,.F.);
#2668 = ( BOUNDED_SURFACE() B_SPLINE_SURFACE(3,2,(
    (#2669,#2670,#2671)
    ,(#2672,#2673,#2674)
    ,(#2675,#2676,#2677)
    ,(#2678,#2679,#2680
)),.UNSPECIFIED.,.F.,.F.,.F.) B_SPLINE_SURFACE_WITH_KNOTS((4,4),(3,3),(
    2.356194490192,3.14159265359),(0.,1.),.PIECEWISE_BEZIER_KNOTS.) 
GEOMETRIC_REPRESENTATION_ITEM() RATIONAL_B_SPLINE_SURFACE((
    (1.,0.866025403784,1.)
    ,(1.,0.789912529782,1.)
    ,(1.,0.705078927486,1.)
,(1.,0.707106781187,1.))) REPRESENTATION_ITEM('') SURFACE() );
#2669 = CARTESIAN_POINT('',(0.865710678119,-0.370710678119,
    0.333578643763));
#2670 = CARTESIAN_POINT('',(0.889280904158,-0.394280904158,
    0.380719095842));
#2671 = CARTESIAN_POINT('',(0.936421356237,-0.370710678119,
    0.404289321881));
#2672 = CARTESIAN_POINT('',(0.884384955139,-0.389384955139,
    0.296230090357));
#2673 = CARTESIAN_POINT('',(0.909168373603,-0.429084736357,
    0.360831626397));
#2674 = CARTESIAN_POINT('',(0.973769909643,-0.389384955139,
    0.385615044861));
#2675 = CARTESIAN_POINT('',(0.895,-0.41504601546,0.275000001648));
#2676 = CARTESIAN_POINT('',(0.895052861994,-0.445354902321,
    0.374947138021));
#2677 = CARTESIAN_POINT('',(0.994999998352,-0.41504601546,0.375));
#2678 = CARTESIAN_POINT('',(0.895,-0.441421356237,0.275));
#2679 = CARTESIAN_POINT('',(0.895,-0.441421356237,0.375));
#2680 = CARTESIAN_POINT('',(0.995,-0.441421356237,0.375));
#2681 = ADVANCED_FACE('',(#2682),#2700,.F.);
#2682 = FACE_BOUND('',#2683,.F.);
#2683 = EDGE_LOOP('',(#2684,#2691,#2698,#2699));
#2684 = ORIENTED_EDGE('',*,*,#2685,.T.);
#2685 = EDGE_CURVE('',#1064,#982,#2686,.T.);
#2686 = ( BOUNDED_CURVE() B_SPLINE_CURVE(3,(#2687,#2688,#2689,#2690),
.UNSPECIFIED.,.F.,.F.) B_SPLINE_CURVE_WITH_KNOTS((4,4),(5.497787143782,
6.28318530718),.PIECEWISE_BEZIER_KNOTS.) CURVE() 
GEOMETRIC_REPRESENTATION_ITEM() RATIONAL_B_SPLINE_CURVE((1.,
0.949253021674,0.949253021674,1.)) REPRESENTATION_ITEM('') );
#2687 = CARTESIAN_POINT('',(0.936421356237,-0.370710678119,
    -0.404289321881));
#2688 = CARTESIAN_POINT('',(0.974429915795,-0.389714957898,
    -0.385285042102));
#2689 = CARTESIAN_POINT('',(0.995,-0.414545246031,-0.375));
#2690 = CARTESIAN_POINT('',(0.995,-0.441421356237,-0.375));
#2691 = ORIENTED_EDGE('',*,*,#2692,.T.);
#2692 = EDGE_CURVE('',#982,#960,#2693,.T.);
#2693 = CIRCLE('',#2694,1.E-01);
#2694 = AXIS2_PLACEMENT_3D('',#2695,#2696,#2697);
#2695 = CARTESIAN_POINT('',(0.995,-0.441421356237,-0.275));
#2696 = DIRECTION('',(4.701977403289E-30,1.,8.673617379884E-15));
#2697 = DIRECTION('',(0.,8.673617379884E-15,-1.));
#2698 = ORIENTED_EDGE('',*,*,#2549,.F.);
#2699 = ORIENTED_EDGE('',*,*,#2574,.F.);
#2700 = ( BOUNDED_SURFACE() B_SPLINE_SURFACE(3,2,(
    (#2701,#2702,#2703)
    ,(#2704,#2705,#2706)
    ,(#2707,#2708,#2709)
    ,(#2710,#2711,#2712
)),.UNSPECIFIED.,.F.,.F.,.F.) B_SPLINE_SURFACE_WITH_KNOTS((4,4),(3,3),(
    5.497787143782,6.28318530718),(0.,1.),.PIECEWISE_BEZIER_KNOTS.) 
GEOMETRIC_REPRESENTATION_ITEM() RATIONAL_B_SPLINE_SURFACE((
    (1.,0.866025403784,1.)
    ,(1.,0.789912529782,1.)
    ,(1.,0.705078927486,1.)
,(1.,0.707106781187,1.))) REPRESENTATION_ITEM('') SURFACE() );
#2701 = CARTESIAN_POINT('',(0.936421356237,-0.370710678119,
    -0.404289321881));
#2702 = CARTESIAN_POINT('',(0.889280904158,-0.394280904158,
    -0.380719095842));
#2703 = CARTESIAN_POINT('',(0.865710678119,-0.370710678119,
    -0.333578643763));
#2704 = CARTESIAN_POINT('',(0.973769909643,-0.389384955139,
    -0.385615044861));
#2705 = CARTESIAN_POINT('',(0.909168373609,-0.429084736367,
    -0.360831626391));
#2706 = CARTESIAN_POINT('',(0.884384955139,-0.389384955139,
    -0.296230090357));
#2707 = CARTESIAN_POINT('',(0.994999998352,-0.41504601546,-0.375));
#2708 = CARTESIAN_POINT('',(0.895052861973,-0.445354902313,
    -0.374947138021));
#2709 = CARTESIAN_POINT('',(0.895,-0.41504601546,-0.275000001648));
#2710 = CARTESIAN_POINT('',(0.995,-0.441421356237,-0.375));
#2711 = CARTESIAN_POINT('',(0.895,-0.441421356237,-0.375));
#2712 = CARTESIAN_POINT('',(0.895,-0.441421356237,-0.275));
#2713 = ADVANCED_FACE('',(#2714),#2726,.T.);
#2714 = FACE_BOUND('',#2715,.T.);
#2715 = EDGE_LOOP('',(#2716,#2717,#2718,#2719));
#2716 = ORIENTED_EDGE('',*,*,#152,.F.);
#2717 = ORIENTED_EDGE('',*,*,#448,.T.);
#2718 = ORIENTED_EDGE('',*,*,#2593,.T.);
#2719 = ORIENTED_EDGE('',*,*,#2720,.F.);
#2720 = EDGE_CURVE('',#153,#1080,#2721,.T.);
#2721 = ( BOUNDED_CURVE() B_SPLINE_CURVE(3,(#2722,#2723,#2724,#2725),
.UNSPECIFIED.,.F.,.F.) B_SPLINE_CURVE_WITH_KNOTS((4,4),(
1.626303258728E-15,0.523598775598),.PIECEWISE_BEZIER_KNOTS.) CURVE() 
GEOMETRIC_REPRESENTATION_ITEM() RATIONAL_B_SPLINE_CURVE((1.,
0.977283884193,0.977283884193,1.)) REPRESENTATION_ITEM('') );
#2722 = CARTESIAN_POINT('',(2.007702788995,-1.835034190723E-02,
    -0.737702788995));
#2723 = CARTESIAN_POINT('',(1.995218344106,-1.835034190723E-02,
    -0.750187233883));
#2724 = CARTESIAN_POINT('',(1.973831590469,-2.208142426417E-02,
    -0.752918575736));
#2725 = CARTESIAN_POINT('',(1.945,-2.928932188135E-02,-0.745710678119));
#2726 = ( BOUNDED_SURFACE() B_SPLINE_SURFACE(3,2,(
    (#2727,#2728,#2729)
    ,(#2730,#2731,#2732)
    ,(#2733,#2734,#2735)
    ,(#2736,#2737,#2738
)),.UNSPECIFIED.,.F.,.F.,.F.) B_SPLINE_SURFACE_WITH_KNOTS((4,4),(3,3),(
    0.,0.523598775598),(0.,1.),.PIECEWISE_BEZIER_KNOTS.) 
GEOMETRIC_REPRESENTATION_ITEM() RATIONAL_B_SPLINE_SURFACE((
    (1.,0.953020613871,1.)
    ,(1.,0.953036376009,1.)
    ,(1.,0.943176268845,1.)
,(1.,0.923879532511,1.))) REPRESENTATION_ITEM('') SURFACE() );
#2727 = CARTESIAN_POINT('',(2.048527618041,1.355252715607E-17,
    -0.778527618041));
#2728 = CARTESIAN_POINT('',(2.026053130902,2.03287907341E-17,
    -0.756053130902));
#2729 = CARTESIAN_POINT('',(2.007702788995,-1.835034190723E-02,
    -0.737702788995));
#2730 = CARTESIAN_POINT('',(2.023784905296,1.355252715607E-17,
    -0.803270328108));
#2731 = CARTESIAN_POINT('',(2.008108868962,-9.287455268292E-16,
    -0.773997389932));
#2732 = CARTESIAN_POINT('',(1.995324692462,-1.835034280053E-02,
    -0.750080883741));
#2733 = CARTESIAN_POINT('',(1.987874315701,1.355252715607E-17,
    -0.816421355395));
#2734 = CARTESIAN_POINT('',(1.978835843903,3.703845739538E-15,
    -0.780805265261));
#2735 = CARTESIAN_POINT('',(1.973606807921,-2.213762021726E-02,
    -0.752862379783));
#2736 = CARTESIAN_POINT('',(1.945,1.355252715607E-17,-0.816421356237));
#2737 = CARTESIAN_POINT('',(1.945,0.,-0.775));
#2738 = CARTESIAN_POINT('',(1.945,-2.928932188135E-02,-0.745710678119));
#2739 = ADVANCED_FACE('',(#2740),#2753,.F.);
#2740 = FACE_BOUND('',#2741,.F.);
#2741 = EDGE_LOOP('',(#2742,#2743,#2750,#2751,#2752));
#2742 = ORIENTED_EDGE('',*,*,#1187,.T.);
#2743 = ORIENTED_EDGE('',*,*,#2744,.T.);
#2744 = EDGE_CURVE('',#1188,#1150,#2745,.T.);
#2745 = CIRCLE('',#2746,1.E-01);
#2746 = AXIS2_PLACEMENT_3D('',#2747,#2748,#2749);
#2747 = CARTESIAN_POINT('',(1.603578643763,-0.3,0.333578643763));
#2748 = DIRECTION('',(0.57735026919,0.57735026919,0.57735026919));
#2749 = DIRECTION('',(0.707106781187,3.885780586188E-16,-0.707106781187)
  );
#2750 = ORIENTED_EDGE('',*,*,#1157,.T.);
#2751 = ORIENTED_EDGE('',*,*,#2630,.F.);
#2752 = ORIENTED_EDGE('',*,*,#213,.F.);
#2753 = CYLINDRICAL_SURFACE('',#2754,0.1);
#2754 = AXIS2_PLACEMENT_3D('',#2755,#2756,#2757);
#2755 = CARTESIAN_POINT('',(1.347859547921,-0.555719095842,
    7.78595479209E-02));
#2756 = DIRECTION('',(0.57735026919,0.57735026919,0.57735026919));
#2757 = DIRECTION('',(0.707106781187,-2.775557561563E-16,-0.707106781187
    ));
#2758 = ADVANCED_FACE('',(#2759),#2771,.T.);
#2759 = FACE_BOUND('',#2760,.T.);
#2760 = EDGE_LOOP('',(#2761,#2762,#2763,#2770));
#2761 = ORIENTED_EDGE('',*,*,#2660,.T.);
#2762 = ORIENTED_EDGE('',*,*,#1195,.F.);
#2763 = ORIENTED_EDGE('',*,*,#2764,.F.);
#2764 = EDGE_CURVE('',#904,#1188,#2765,.T.);
#2765 = ( BOUNDED_CURVE() B_SPLINE_CURVE(3,(#2766,#2767,#2768,#2769),
.UNSPECIFIED.,.F.,.F.) B_SPLINE_CURVE_WITH_KNOTS((4,4),(3.14159265359,
3.926990816987),.PIECEWISE_BEZIER_KNOTS.) CURVE() 
GEOMETRIC_REPRESENTATION_ITEM() RATIONAL_B_SPLINE_CURVE((1.,
0.949253021674,0.949253021674,1.)) REPRESENTATION_ITEM('') );
#2766 = CARTESIAN_POINT('',(1.545,-0.441421356237,0.375));
#2767 = CARTESIAN_POINT('',(1.545,-0.414545246031,0.375));
#2768 = CARTESIAN_POINT('',(1.565570084205,-0.389714957898,
    0.385285042102));
#2769 = CARTESIAN_POINT('',(1.603578643763,-0.370710678119,
    0.404289321881));
#2770 = ORIENTED_EDGE('',*,*,#901,.F.);
#2771 = CYLINDRICAL_SURFACE('',#2772,1.E-01);
#2772 = AXIS2_PLACEMENT_3D('',#2773,#2774,#2775);
#2773 = CARTESIAN_POINT('',(0.895,-0.441421356237,0.475));
#2774 = DIRECTION('',(-1.,0.,0.));
#2775 = DIRECTION('',(0.,0.,1.));
#2776 = ADVANCED_FACE('',(#2777),#2789,.F.);
#2777 = FACE_BOUND('',#2778,.F.);
#2778 = EDGE_LOOP('',(#2779,#2780,#2787,#2788));
#2779 = ORIENTED_EDGE('',*,*,#941,.T.);
#2780 = ORIENTED_EDGE('',*,*,#2781,.T.);
#2781 = EDGE_CURVE('',#944,#920,#2782,.T.);
#2782 = CIRCLE('',#2783,1.E-01);
#2783 = AXIS2_PLACEMENT_3D('',#2784,#2785,#2786);
#2784 = CARTESIAN_POINT('',(0.995,-6.89,0.275));
#2785 = DIRECTION('',(0.,1.,-0.));
#2786 = DIRECTION('',(0.,0.,1.));
#2787 = ORIENTED_EDGE('',*,*,#927,.T.);
#2788 = ORIENTED_EDGE('',*,*,#2653,.F.);
#2789 = CYLINDRICAL_SURFACE('',#2790,1.E-01);
#2790 = AXIS2_PLACEMENT_3D('',#2791,#2792,#2793);
#2791 = CARTESIAN_POINT('',(0.995,-6.99,0.275));
#2792 = DIRECTION('',(0.,-1.,0.));
#2793 = DIRECTION('',(0.,0.,-1.));
#2794 = ADVANCED_FACE('',(#2795),#2813,.F.);
#2795 = FACE_BOUND('',#2796,.F.);
#2796 = EDGE_LOOP('',(#2797,#2798,#2805,#2806));
#2797 = ORIENTED_EDGE('',*,*,#1047,.T.);
#2798 = ORIENTED_EDGE('',*,*,#2799,.T.);
#2799 = EDGE_CURVE('',#1022,#944,#2800,.T.);
#2800 = CIRCLE('',#2801,0.1);
#2801 = AXIS2_PLACEMENT_3D('',#2802,#2803,#2804);
#2802 = CARTESIAN_POINT('',(0.995,-6.89,0.275));
#2803 = DIRECTION('',(-5.421010862428E-16,0.,-1.));
#2804 = DIRECTION('',(-1.,0.,5.421010862428E-16));
#2805 = ORIENTED_EDGE('',*,*,#951,.T.);
#2806 = ORIENTED_EDGE('',*,*,#2807,.T.);
#2807 = EDGE_CURVE('',#952,#1040,#2808,.T.);
#2808 = CIRCLE('',#2809,0.1);
#2809 = AXIS2_PLACEMENT_3D('',#2810,#2811,#2812);
#2810 = CARTESIAN_POINT('',(0.995,-6.89,-0.275));
#2811 = DIRECTION('',(5.421010862428E-16,0.,1.));
#2812 = DIRECTION('',(1.,0.,-5.421010862428E-16));
#2813 = CYLINDRICAL_SURFACE('',#2814,0.1);
#2814 = AXIS2_PLACEMENT_3D('',#2815,#2816,#2817);
#2815 = CARTESIAN_POINT('',(0.995,-6.89,-2.876749764328E-16));
#2816 = DIRECTION('',(2.891205793295E-16,-0.,1.));
#2817 = DIRECTION('',(1.,0.,-2.891205793295E-16));
#2818 = ADVANCED_FACE('',(#2819),#2831,.F.);
#2819 = FACE_BOUND('',#2820,.F.);
#2820 = EDGE_LOOP('',(#2821,#2822,#2829,#2830));
#2821 = ORIENTED_EDGE('',*,*,#981,.T.);
#2822 = ORIENTED_EDGE('',*,*,#2823,.T.);
#2823 = EDGE_CURVE('',#984,#952,#2824,.T.);
#2824 = CIRCLE('',#2825,1.E-01);
#2825 = AXIS2_PLACEMENT_3D('',#2826,#2827,#2828);
#2826 = CARTESIAN_POINT('',(0.995,-6.89,-0.275));
#2827 = DIRECTION('',(0.,1.,0.));
#2828 = DIRECTION('',(0.,-0.,1.));
#2829 = ORIENTED_EDGE('',*,*,#959,.T.);
#2830 = ORIENTED_EDGE('',*,*,#2692,.F.);
#2831 = CYLINDRICAL_SURFACE('',#2832,1.E-01);
#2832 = AXIS2_PLACEMENT_3D('',#2833,#2834,#2835);
#2833 = CARTESIAN_POINT('',(0.995,-6.99,-0.275));
#2834 = DIRECTION('',(0.,-1.,0.));
#2835 = DIRECTION('',(0.,0.,-1.));
#2836 = ADVANCED_FACE('',(#2837),#2849,.T.);
#2837 = FACE_BOUND('',#2838,.T.);
#2838 = EDGE_LOOP('',(#2839,#2840,#2841,#2848));
#2839 = ORIENTED_EDGE('',*,*,#2685,.T.);
#2840 = ORIENTED_EDGE('',*,*,#1007,.F.);
#2841 = ORIENTED_EDGE('',*,*,#2842,.F.);
#2842 = EDGE_CURVE('',#1072,#1000,#2843,.T.);
#2843 = ( BOUNDED_CURVE() B_SPLINE_CURVE(3,(#2844,#2845,#2846,#2847),
.UNSPECIFIED.,.F.,.F.) B_SPLINE_CURVE_WITH_KNOTS((4,4),(5.497787143782,
6.28318530718),.PIECEWISE_BEZIER_KNOTS.) CURVE() 
GEOMETRIC_REPRESENTATION_ITEM() RATIONAL_B_SPLINE_CURVE((1.,
0.949253021674,0.949253021674,1.)) REPRESENTATION_ITEM('') );
#2844 = CARTESIAN_POINT('',(1.603578643763,-0.370710678119,
    -0.404289321881));
#2845 = CARTESIAN_POINT('',(1.565570084205,-0.389714957898,
    -0.385285042102));
#2846 = CARTESIAN_POINT('',(1.545,-0.414545246031,-0.375));
#2847 = CARTESIAN_POINT('',(1.545,-0.441421356237,-0.375));
#2848 = ORIENTED_EDGE('',*,*,#1071,.F.);
#2849 = CYLINDRICAL_SURFACE('',#2850,1.E-01);
#2850 = AXIS2_PLACEMENT_3D('',#2851,#2852,#2853);
#2851 = CARTESIAN_POINT('',(0.895,-0.441421356237,-0.475));
#2852 = DIRECTION('',(1.,-0.,0.));
#2853 = DIRECTION('',(0.,0.,-1.));
#2854 = ADVANCED_FACE('',(#2855),#2868,.F.);
#2855 = FACE_BOUND('',#2856,.F.);
#2856 = EDGE_LOOP('',(#2857,#2858,#2865,#2866,#2867));
#2857 = ORIENTED_EDGE('',*,*,#1141,.T.);
#2858 = ORIENTED_EDGE('',*,*,#2859,.T.);
#2859 = EDGE_CURVE('',#1142,#1072,#2860,.T.);
#2860 = CIRCLE('',#2861,1.E-01);
#2861 = AXIS2_PLACEMENT_3D('',#2862,#2863,#2864);
#2862 = CARTESIAN_POINT('',(1.603578643763,-0.3,-0.333578643763));
#2863 = DIRECTION('',(0.57735026919,0.57735026919,-0.57735026919));
#2864 = DIRECTION('',(-0.707106781187,-1.387778780781E-16,
    -0.707106781187));
#2865 = ORIENTED_EDGE('',*,*,#1079,.T.);
#2866 = ORIENTED_EDGE('',*,*,#2720,.F.);
#2867 = ORIENTED_EDGE('',*,*,#161,.F.);
#2868 = CYLINDRICAL_SURFACE('',#2869,0.1);
#2869 = AXIS2_PLACEMENT_3D('',#2870,#2871,#2872);
#2870 = CARTESIAN_POINT('',(1.597859547921,-0.305719095842,
    -0.327859547921));
#2871 = DIRECTION('',(0.57735026919,0.57735026919,-0.57735026919));
#2872 = DIRECTION('',(-0.707106781187,2.22044604925E-16,-0.707106781187)
  );
#2873 = ADVANCED_FACE('',(#2874),#2892,.T.);
#2874 = FACE_BOUND('',#2875,.T.);
#2875 = EDGE_LOOP('',(#2876,#2883,#2884,#2891));
#2876 = ORIENTED_EDGE('',*,*,#2877,.F.);
#2877 = EDGE_CURVE('',#1150,#880,#2878,.T.);
#2878 = ( BOUNDED_CURVE() B_SPLINE_CURVE(3,(#2879,#2880,#2881,#2882),
.UNSPECIFIED.,.F.,.F.) B_SPLINE_CURVE_WITH_KNOTS((4,4),(2.356194490192,
3.14159265359),.PIECEWISE_BEZIER_KNOTS.) CURVE() 
GEOMETRIC_REPRESENTATION_ITEM() RATIONAL_B_SPLINE_CURVE((1.,
0.949253021674,0.949253021674,1.)) REPRESENTATION_ITEM('') );
#2879 = CARTESIAN_POINT('',(1.674289321881,-0.370710678119,
    0.333578643763));
#2880 = CARTESIAN_POINT('',(1.655285042102,-0.389714957898,
    0.295570084205));
#2881 = CARTESIAN_POINT('',(1.645,-0.414545246031,0.275));
#2882 = CARTESIAN_POINT('',(1.645,-0.441421356237,0.275));
#2883 = ORIENTED_EDGE('',*,*,#1149,.F.);
#2884 = ORIENTED_EDGE('',*,*,#2885,.F.);
#2885 = EDGE_CURVE('',#862,#1142,#2886,.T.);
#2886 = ( BOUNDED_CURVE() B_SPLINE_CURVE(3,(#2887,#2888,#2889,#2890),
.UNSPECIFIED.,.F.,.F.) B_SPLINE_CURVE_WITH_KNOTS((4,4),(
1.002286766285E-47,0.785398163397),.PIECEWISE_BEZIER_KNOTS.) CURVE() 
GEOMETRIC_REPRESENTATION_ITEM() RATIONAL_B_SPLINE_CURVE((1.,
0.949253021674,0.949253021674,1.)) REPRESENTATION_ITEM('') );
#2887 = CARTESIAN_POINT('',(1.645,-0.441421356237,-0.275));
#2888 = CARTESIAN_POINT('',(1.645,-0.414545246031,-0.275));
#2889 = CARTESIAN_POINT('',(1.655285042102,-0.389714957898,
    -0.295570084205));
#2890 = CARTESIAN_POINT('',(1.674289321881,-0.370710678119,
    -0.333578643763));
#2891 = ORIENTED_EDGE('',*,*,#887,.F.);
#2892 = CYLINDRICAL_SURFACE('',#2893,0.1);
#2893 = AXIS2_PLACEMENT_3D('',#2894,#2895,#2896);
#2894 = CARTESIAN_POINT('',(1.745,-0.441421356237,-0.375));
#2895 = DIRECTION('',(2.891205793295E-16,6.972611193684E-32,1.));
#2896 = DIRECTION('',(1.,1.763934714287E-47,-2.891205793295E-16));
#2897 = ADVANCED_FACE('',(#2898),#2910,.F.);
#2898 = FACE_BOUND('',#2899,.F.);
#2899 = EDGE_LOOP('',(#2900,#2901,#2908,#2909));
#2900 = ORIENTED_EDGE('',*,*,#2764,.F.);
#2901 = ORIENTED_EDGE('',*,*,#2902,.T.);
#2902 = EDGE_CURVE('',#904,#880,#2903,.T.);
#2903 = CIRCLE('',#2904,1.E-01);
#2904 = AXIS2_PLACEMENT_3D('',#2905,#2906,#2907);
#2905 = CARTESIAN_POINT('',(1.545,-0.441421356237,0.275));
#2906 = DIRECTION('',(-0.,1.,0.));
#2907 = DIRECTION('',(0.,0.,-1.));
#2908 = ORIENTED_EDGE('',*,*,#2877,.F.);
#2909 = ORIENTED_EDGE('',*,*,#2744,.F.);
#2910 = ( BOUNDED_SURFACE() B_SPLINE_SURFACE(3,2,(
    (#2911,#2912,#2913)
    ,(#2914,#2915,#2916)
    ,(#2917,#2918,#2919)
    ,(#2920,#2921,#2922
)),.UNSPECIFIED.,.F.,.F.,.F.) B_SPLINE_SURFACE_WITH_KNOTS((4,4),(3,3),(
    2.356194490192,3.14159265359),(0.,1.),.PIECEWISE_BEZIER_KNOTS.) 
GEOMETRIC_REPRESENTATION_ITEM() RATIONAL_B_SPLINE_SURFACE((
    (1.,0.866025403784,1.)
    ,(1.,0.789912529782,1.)
    ,(1.,0.705078927486,1.)
,(1.,0.707106781187,1.))) REPRESENTATION_ITEM('') SURFACE() );
#2911 = CARTESIAN_POINT('',(1.603578643763,-0.370710678119,
    0.404289321881));
#2912 = CARTESIAN_POINT('',(1.650719095842,-0.394280904158,
    0.380719095842));
#2913 = CARTESIAN_POINT('',(1.674289321881,-0.370710678119,
    0.333578643763));
#2914 = CARTESIAN_POINT('',(1.566230090357,-0.389384955139,
    0.385615044861));
#2915 = CARTESIAN_POINT('',(1.630831626411,-0.429084736332,
    0.360831626411));
#2916 = CARTESIAN_POINT('',(1.655615044861,-0.389384955139,
    0.296230090357));
#2917 = CARTESIAN_POINT('',(1.545000001648,-0.41504601546,0.375));
#2918 = CARTESIAN_POINT('',(1.644947137997,-0.445354902341,
    0.374947137976));
#2919 = CARTESIAN_POINT('',(1.645,-0.41504601546,0.275000001648));
#2920 = CARTESIAN_POINT('',(1.545,-0.441421356237,0.375));
#2921 = CARTESIAN_POINT('',(1.645,-0.441421356237,0.375));
#2922 = CARTESIAN_POINT('',(1.645,-0.441421356237,0.275));
#2923 = ADVANCED_FACE('',(#2924),#2935,.F.);
#2924 = FACE_BOUND('',#2925,.F.);
#2925 = EDGE_LOOP('',(#2926,#2933,#2934));
#2926 = ORIENTED_EDGE('',*,*,#2927,.T.);
#2927 = EDGE_CURVE('',#1022,#920,#2928,.T.);
#2928 = CIRCLE('',#2929,1.E-01);
#2929 = AXIS2_PLACEMENT_3D('',#2930,#2931,#2932);
#2930 = CARTESIAN_POINT('',(0.995,-6.89,0.275));
#2931 = DIRECTION('',(-1.,-0.,0.));
#2932 = DIRECTION('',(-0.,0.,-1.));
#2933 = ORIENTED_EDGE('',*,*,#2781,.F.);
#2934 = ORIENTED_EDGE('',*,*,#2799,.F.);
#2935 = SPHERICAL_SURFACE('',#2936,0.1);
#2936 = AXIS2_PLACEMENT_3D('',#2937,#2938,#2939);
#2937 = CARTESIAN_POINT('',(0.995,-6.89,0.275));
#2938 = DIRECTION('',(0.,1.,0.));
#2939 = DIRECTION('',(1.,0.,0.));
#2940 = ADVANCED_FACE('',(#2941),#2952,.F.);
#2941 = FACE_BOUND('',#2942,.F.);
#2942 = EDGE_LOOP('',(#2943,#2950,#2951));
#2943 = ORIENTED_EDGE('',*,*,#2944,.T.);
#2944 = EDGE_CURVE('',#984,#1040,#2945,.T.);
#2945 = CIRCLE('',#2946,1.E-01);
#2946 = AXIS2_PLACEMENT_3D('',#2947,#2948,#2949);
#2947 = CARTESIAN_POINT('',(0.995,-6.89,-0.275));
#2948 = DIRECTION('',(-1.,-0.,-0.));
#2949 = DIRECTION('',(0.,0.,-1.));
#2950 = ORIENTED_EDGE('',*,*,#2807,.F.);
#2951 = ORIENTED_EDGE('',*,*,#2823,.F.);
#2952 = SPHERICAL_SURFACE('',#2953,0.1);
#2953 = AXIS2_PLACEMENT_3D('',#2954,#2955,#2956);
#2954 = CARTESIAN_POINT('',(0.995,-6.89,-0.275));
#2955 = DIRECTION('',(0.,1.,0.));
#2956 = DIRECTION('',(1.,0.,0.));
#2957 = ADVANCED_FACE('',(#2958),#2970,.F.);
#2958 = FACE_BOUND('',#2959,.F.);
#2959 = EDGE_LOOP('',(#2960,#2961,#2968,#2969));
#2960 = ORIENTED_EDGE('',*,*,#2885,.F.);
#2961 = ORIENTED_EDGE('',*,*,#2962,.T.);
#2962 = EDGE_CURVE('',#862,#1000,#2963,.T.);
#2963 = CIRCLE('',#2964,1.E-01);
#2964 = AXIS2_PLACEMENT_3D('',#2965,#2966,#2967);
#2965 = CARTESIAN_POINT('',(1.545,-0.441421356237,-0.275));
#2966 = DIRECTION('',(0.,1.,-0.));
#2967 = DIRECTION('',(-2.168404344971E-15,-0.,-1.));
#2968 = ORIENTED_EDGE('',*,*,#2842,.F.);
#2969 = ORIENTED_EDGE('',*,*,#2859,.F.);
#2970 = ( BOUNDED_SURFACE() B_SPLINE_SURFACE(3,2,(
    (#2971,#2972,#2973)
    ,(#2974,#2975,#2976)
    ,(#2977,#2978,#2979)
    ,(#2980,#2981,#2982
)),.UNSPECIFIED.,.F.,.F.,.F.) B_SPLINE_SURFACE_WITH_KNOTS((4,4),(3,3),(
    5.497787143782,6.28318530718),(0.,1.),.PIECEWISE_BEZIER_KNOTS.) 
GEOMETRIC_REPRESENTATION_ITEM() RATIONAL_B_SPLINE_SURFACE((
    (1.,0.866025403784,1.)
    ,(1.,0.789912529782,1.)
    ,(1.,0.705078927486,1.)
,(1.,0.707106781187,1.))) REPRESENTATION_ITEM('') SURFACE() );
#2971 = CARTESIAN_POINT('',(1.674289321881,-0.370710678119,
    -0.333578643763));
#2972 = CARTESIAN_POINT('',(1.650719095842,-0.394280904158,
    -0.380719095842));
#2973 = CARTESIAN_POINT('',(1.603578643763,-0.370710678119,
    -0.404289321881));
#2974 = CARTESIAN_POINT('',(1.655615044861,-0.389384955139,
    -0.296230090357));
#2975 = CARTESIAN_POINT('',(1.630831626404,-0.429084736345,
    -0.360831626404));
#2976 = CARTESIAN_POINT('',(1.566230090357,-0.389384955139,
    -0.385615044861));
#2977 = CARTESIAN_POINT('',(1.645,-0.41504601546,-0.275000001648));
#2978 = CARTESIAN_POINT('',(1.644947138006,-0.445354902331,
    -0.374947137995));
#2979 = CARTESIAN_POINT('',(1.545000001648,-0.41504601546,-0.375));
#2980 = CARTESIAN_POINT('',(1.645,-0.441421356237,-0.275));
#2981 = CARTESIAN_POINT('',(1.645,-0.441421356237,-0.375));
#2982 = CARTESIAN_POINT('',(1.545,-0.441421356237,-0.375));
#2983 = ADVANCED_FACE('',(#2984),#2996,.F.);
#2984 = FACE_BOUND('',#2985,.F.);
#2985 = EDGE_LOOP('',(#2986,#2987,#2994,#2995));
#2986 = ORIENTED_EDGE('',*,*,#911,.T.);
#2987 = ORIENTED_EDGE('',*,*,#2988,.T.);
#2988 = EDGE_CURVE('',#912,#872,#2989,.T.);
#2989 = CIRCLE('',#2990,1.E-01);
#2990 = AXIS2_PLACEMENT_3D('',#2991,#2992,#2993);
#2991 = CARTESIAN_POINT('',(1.545,-6.89,0.275));
#2992 = DIRECTION('',(-0.,1.,0.));
#2993 = DIRECTION('',(0.,0.,1.));
#2994 = ORIENTED_EDGE('',*,*,#879,.T.);
#2995 = ORIENTED_EDGE('',*,*,#2902,.F.);
#2996 = CYLINDRICAL_SURFACE('',#2997,1.E-01);
#2997 = AXIS2_PLACEMENT_3D('',#2998,#2999,#3000);
#2998 = CARTESIAN_POINT('',(1.545,-6.99,0.275));
#2999 = DIRECTION('',(0.,-1.,0.));
#3000 = DIRECTION('',(0.,0.,-1.));
#3001 = ADVANCED_FACE('',(#3002),#3014,.F.);
#3002 = FACE_BOUND('',#3003,.F.);
#3003 = EDGE_LOOP('',(#3004,#3005,#3012,#3013));
#3004 = ORIENTED_EDGE('',*,*,#1021,.T.);
#3005 = ORIENTED_EDGE('',*,*,#3006,.T.);
#3006 = EDGE_CURVE('',#1024,#912,#3007,.T.);
#3007 = CIRCLE('',#3008,1.E-01);
#3008 = AXIS2_PLACEMENT_3D('',#3009,#3010,#3011);
#3009 = CARTESIAN_POINT('',(1.545,-6.89,0.275));
#3010 = DIRECTION('',(-1.,0.,0.));
#3011 = DIRECTION('',(0.,0.,1.));
#3012 = ORIENTED_EDGE('',*,*,#919,.T.);
#3013 = ORIENTED_EDGE('',*,*,#2927,.F.);
#3014 = CYLINDRICAL_SURFACE('',#3015,1.E-01);
#3015 = AXIS2_PLACEMENT_3D('',#3016,#3017,#3018);
#3016 = CARTESIAN_POINT('',(0.,-6.89,0.275));
#3017 = DIRECTION('',(1.,-0.,0.));
#3018 = DIRECTION('',(0.,0.,-1.));
#3019 = ADVANCED_FACE('',(#3020),#3032,.F.);
#3020 = FACE_BOUND('',#3021,.F.);
#3021 = EDGE_LOOP('',(#3022,#3023,#3030,#3031));
#3022 = ORIENTED_EDGE('',*,*,#991,.T.);
#3023 = ORIENTED_EDGE('',*,*,#3024,.T.);
#3024 = EDGE_CURVE('',#992,#1032,#3025,.T.);
#3025 = CIRCLE('',#3026,1.E-01);
#3026 = AXIS2_PLACEMENT_3D('',#3027,#3028,#3029);
#3027 = CARTESIAN_POINT('',(1.545,-6.89,-0.275));
#3028 = DIRECTION('',(-1.,0.,-0.));
#3029 = DIRECTION('',(-0.,0.,1.));
#3030 = ORIENTED_EDGE('',*,*,#1039,.T.);
#3031 = ORIENTED_EDGE('',*,*,#2944,.F.);
#3032 = CYLINDRICAL_SURFACE('',#3033,1.E-01);
#3033 = AXIS2_PLACEMENT_3D('',#3034,#3035,#3036);
#3034 = CARTESIAN_POINT('',(0.,-6.89,-0.275));
#3035 = DIRECTION('',(-1.,0.,0.));
#3036 = DIRECTION('',(0.,0.,1.));
#3037 = ADVANCED_FACE('',(#3038),#3050,.F.);
#3038 = FACE_BOUND('',#3039,.F.);
#3039 = EDGE_LOOP('',(#3040,#3041,#3048,#3049));
#3040 = ORIENTED_EDGE('',*,*,#861,.T.);
#3041 = ORIENTED_EDGE('',*,*,#3042,.T.);
#3042 = EDGE_CURVE('',#864,#992,#3043,.T.);
#3043 = CIRCLE('',#3044,1.E-01);
#3044 = AXIS2_PLACEMENT_3D('',#3045,#3046,#3047);
#3045 = CARTESIAN_POINT('',(1.545,-6.89,-0.275));
#3046 = DIRECTION('',(0.,1.,0.));
#3047 = DIRECTION('',(0.,-0.,1.));
#3048 = ORIENTED_EDGE('',*,*,#999,.T.);
#3049 = ORIENTED_EDGE('',*,*,#2962,.F.);
#3050 = CYLINDRICAL_SURFACE('',#3051,1.E-01);
#3051 = AXIS2_PLACEMENT_3D('',#3052,#3053,#3054);
#3052 = CARTESIAN_POINT('',(1.545,-6.99,-0.275));
#3053 = DIRECTION('',(0.,-1.,0.));
#3054 = DIRECTION('',(0.,0.,-1.));
#3055 = ADVANCED_FACE('',(#3056),#3067,.F.);
#3056 = FACE_BOUND('',#3057,.F.);
#3057 = EDGE_LOOP('',(#3058,#3065,#3066));
#3058 = ORIENTED_EDGE('',*,*,#3059,.T.);
#3059 = EDGE_CURVE('',#1024,#872,#3060,.T.);
#3060 = CIRCLE('',#3061,0.1);
#3061 = AXIS2_PLACEMENT_3D('',#3062,#3063,#3064);
#3062 = CARTESIAN_POINT('',(1.545,-6.89,0.275));
#3063 = DIRECTION('',(5.421010862428E-16,0.,1.));
#3064 = DIRECTION('',(-1.,0.,5.421010862428E-16));
#3065 = ORIENTED_EDGE('',*,*,#2988,.F.);
#3066 = ORIENTED_EDGE('',*,*,#3006,.F.);
#3067 = SPHERICAL_SURFACE('',#3068,0.1);
#3068 = AXIS2_PLACEMENT_3D('',#3069,#3070,#3071);
#3069 = CARTESIAN_POINT('',(1.545,-6.89,0.275));
#3070 = DIRECTION('',(0.,1.,0.));
#3071 = DIRECTION('',(1.,0.,0.));
#3072 = ADVANCED_FACE('',(#3073),#3084,.F.);
#3073 = FACE_BOUND('',#3074,.F.);
#3074 = EDGE_LOOP('',(#3075,#3082,#3083));
#3075 = ORIENTED_EDGE('',*,*,#3076,.T.);
#3076 = EDGE_CURVE('',#864,#1032,#3077,.T.);
#3077 = CIRCLE('',#3078,0.1);
#3078 = AXIS2_PLACEMENT_3D('',#3079,#3080,#3081);
#3079 = CARTESIAN_POINT('',(1.545,-6.89,-0.275));
#3080 = DIRECTION('',(-5.421010862428E-16,-0.,-1.));
#3081 = DIRECTION('',(1.,0.,-5.421010862428E-16));
#3082 = ORIENTED_EDGE('',*,*,#3024,.F.);
#3083 = ORIENTED_EDGE('',*,*,#3042,.F.);
#3084 = SPHERICAL_SURFACE('',#3085,0.1);
#3085 = AXIS2_PLACEMENT_3D('',#3086,#3087,#3088);
#3086 = CARTESIAN_POINT('',(1.545,-6.89,-0.275));
#3087 = DIRECTION('',(0.,1.,0.));
#3088 = DIRECTION('',(1.,0.,0.));
#3089 = ADVANCED_FACE('',(#3090),#3096,.F.);
#3090 = FACE_BOUND('',#3091,.F.);
#3091 = EDGE_LOOP('',(#3092,#3093,#3094,#3095));
#3092 = ORIENTED_EDGE('',*,*,#1031,.T.);
#3093 = ORIENTED_EDGE('',*,*,#3076,.F.);
#3094 = ORIENTED_EDGE('',*,*,#871,.T.);
#3095 = ORIENTED_EDGE('',*,*,#3059,.F.);
#3096 = CYLINDRICAL_SURFACE('',#3097,0.1);
#3097 = AXIS2_PLACEMENT_3D('',#3098,#3099,#3100);
#3098 = CARTESIAN_POINT('',(1.545,-6.89,-4.46691295064E-16));
#3099 = DIRECTION('',(-2.891205793295E-16,0.,-1.));
#3100 = DIRECTION('',(-1.,0.,2.891205793295E-16));
#3101 = MANIFOLD_SOLID_BREP('',#3102);
#3102 = CLOSED_SHELL('',(#3103,#3143,#3183,#3216,#3249,#3323,#3370,#3444
    ,#3491,#3531,#3571,#3611,#3651,#3669,#3687,#3705,#3723,#3741,#3759,
    #3777,#3795,#3813,#3836,#3859,#3877,#3895,#3913,#3931,#3955,#3973,
    #3991,#4009,#4026,#4043,#4060,#4077,#4095,#4113,#4131,#4149,#4166,
    #4183));
#3103 = ADVANCED_FACE('',(#3104),#3138,.T.);
#3104 = FACE_BOUND('',#3105,.T.);
#3105 = EDGE_LOOP('',(#3106,#3116,#3124,#3132));
#3106 = ORIENTED_EDGE('',*,*,#3107,.T.);
#3107 = EDGE_CURVE('',#3108,#3110,#3112,.T.);
#3108 = VERTEX_POINT('',#3109);
#3109 = CARTESIAN_POINT('',(-1.07,-12.14,0.25));
#3110 = VERTEX_POINT('',#3111);
#3111 = CARTESIAN_POINT('',(-1.07,-12.14,-0.25));
#3112 = LINE('',#3113,#3114);
#3113 = CARTESIAN_POINT('',(-1.07,-12.14,0.3));
#3114 = VECTOR('',#3115,1.);
#3115 = DIRECTION('',(0.,-0.,-1.));
#3116 = ORIENTED_EDGE('',*,*,#3117,.T.);
#3117 = EDGE_CURVE('',#3110,#3118,#3120,.T.);
#3118 = VERTEX_POINT('',#3119);
#3119 = CARTESIAN_POINT('',(-1.07,-8.1,-0.25));
#3120 = LINE('',#3121,#3122);
#3121 = CARTESIAN_POINT('',(-1.07,-8.1,-0.25));
#3122 = VECTOR('',#3123,1.);
#3123 = DIRECTION('',(-1.610201246266E-16,1.,1.355252715607E-16));
#3124 = ORIENTED_EDGE('',*,*,#3125,.F.);
#3125 = EDGE_CURVE('',#3126,#3118,#3128,.T.);
#3126 = VERTEX_POINT('',#3127);
#3127 = CARTESIAN_POINT('',(-1.07,-8.1,0.25));
#3128 = LINE('',#3129,#3130);
#3129 = CARTESIAN_POINT('',(-1.07,-8.1,0.3));
#3130 = VECTOR('',#3131,1.);
#3131 = DIRECTION('',(0.,-0.,-1.));
#3132 = ORIENTED_EDGE('',*,*,#3133,.T.);
#3133 = EDGE_CURVE('',#3126,#3108,#3134,.T.);
#3134 = LINE('',#3135,#3136);
#3135 = CARTESIAN_POINT('',(-1.07,-12.14,0.25));
#3136 = VECTOR('',#3137,1.);
#3137 = DIRECTION('',(1.610201246266E-16,-1.,-1.355252715607E-16));
#3138 = PLANE('',#3139);
#3139 = AXIS2_PLACEMENT_3D('',#3140,#3141,#3142);
#3140 = CARTESIAN_POINT('',(-1.07,-12.14,0.3));
#3141 = DIRECTION('',(1.,1.610201246266E-16,0.));
#3142 = DIRECTION('',(-1.610201246266E-16,1.,0.));
#3143 = ADVANCED_FACE('',(#3144),#3178,.F.);
#3144 = FACE_BOUND('',#3145,.T.);
#3145 = EDGE_LOOP('',(#3146,#3156,#3164,#3172));
#3146 = ORIENTED_EDGE('',*,*,#3147,.F.);
#3147 = EDGE_CURVE('',#3148,#3150,#3152,.T.);
#3148 = VERTEX_POINT('',#3149);
#3149 = CARTESIAN_POINT('',(-1.47,-12.14,0.25));
#3150 = VERTEX_POINT('',#3151);
#3151 = CARTESIAN_POINT('',(-1.47,-12.14,-0.25));
#3152 = LINE('',#3153,#3154);
#3153 = CARTESIAN_POINT('',(-1.47,-12.14,0.3));
#3154 = VECTOR('',#3155,1.);
#3155 = DIRECTION('',(0.,-0.,-1.));
#3156 = ORIENTED_EDGE('',*,*,#3157,.T.);
#3157 = EDGE_CURVE('',#3148,#3158,#3160,.T.);
#3158 = VERTEX_POINT('',#3159);
#3159 = CARTESIAN_POINT('',(-1.47,-8.1,0.25));
#3160 = LINE('',#3161,#3162);
#3161 = CARTESIAN_POINT('',(-1.47,-8.1,0.25));
#3162 = VECTOR('',#3163,1.);
#3163 = DIRECTION('',(-1.610201246266E-16,1.,1.355252715607E-16));
#3164 = ORIENTED_EDGE('',*,*,#3165,.T.);
#3165 = EDGE_CURVE('',#3158,#3166,#3168,.T.);
#3166 = VERTEX_POINT('',#3167);
#3167 = CARTESIAN_POINT('',(-1.47,-8.1,-0.25));
#3168 = LINE('',#3169,#3170);
#3169 = CARTESIAN_POINT('',(-1.47,-8.1,0.3));
#3170 = VECTOR('',#3171,1.);
#3171 = DIRECTION('',(0.,-0.,-1.));
#3172 = ORIENTED_EDGE('',*,*,#3173,.T.);
#3173 = EDGE_CURVE('',#3166,#3150,#3174,.T.);
#3174 = LINE('',#3175,#3176);
#3175 = CARTESIAN_POINT('',(-1.47,-12.14,-0.25));
#3176 = VECTOR('',#3177,1.);
#3177 = DIRECTION('',(1.610201246266E-16,-1.,-1.355252715607E-16));
#3178 = PLANE('',#3179);
#3179 = AXIS2_PLACEMENT_3D('',#3180,#3181,#3182);
#3180 = CARTESIAN_POINT('',(-1.47,-12.14,0.3));
#3181 = DIRECTION('',(1.,1.610201246266E-16,0.));
#3182 = DIRECTION('',(-1.610201246266E-16,1.,0.));
#3183 = ADVANCED_FACE('',(#3184),#3211,.F.);
#3184 = FACE_BOUND('',#3185,.F.);
#3185 = EDGE_LOOP('',(#3186,#3195,#3196,#3205));
#3186 = ORIENTED_EDGE('',*,*,#3187,.F.);
#3187 = EDGE_CURVE('',#3108,#3188,#3190,.T.);
#3188 = VERTEX_POINT('',#3189);
#3189 = CARTESIAN_POINT('',(-0.77,-12.44,0.25));
#3190 = CIRCLE('',#3191,0.3);
#3191 = AXIS2_PLACEMENT_3D('',#3192,#3193,#3194);
#3192 = CARTESIAN_POINT('',(-0.77,-12.14,0.25));
#3193 = DIRECTION('',(0.,-1.355252715607E-16,1.));
#3194 = DIRECTION('',(0.,-1.,-1.355252715607E-16));
#3195 = ORIENTED_EDGE('',*,*,#3107,.T.);
#3196 = ORIENTED_EDGE('',*,*,#3197,.F.);
#3197 = EDGE_CURVE('',#3198,#3110,#3200,.T.);
#3198 = VERTEX_POINT('',#3199);
#3199 = CARTESIAN_POINT('',(-0.77,-12.44,-0.25));
#3200 = CIRCLE('',#3201,0.3);
#3201 = AXIS2_PLACEMENT_3D('',#3202,#3203,#3204);
#3202 = CARTESIAN_POINT('',(-0.77,-12.14,-0.25));
#3203 = DIRECTION('',(-0.,1.355252715607E-16,-1.));
#3204 = DIRECTION('',(0.,-1.,-1.355252715607E-16));
#3205 = ORIENTED_EDGE('',*,*,#3206,.F.);
#3206 = EDGE_CURVE('',#3188,#3198,#3207,.T.);
#3207 = LINE('',#3208,#3209);
#3208 = CARTESIAN_POINT('',(-0.77,-12.44,0.3));
#3209 = VECTOR('',#3210,1.);
#3210 = DIRECTION('',(0.,0.,-1.));
#3211 = CYLINDRICAL_SURFACE('',#3212,0.3);
#3212 = AXIS2_PLACEMENT_3D('',#3213,#3214,#3215);
#3213 = CARTESIAN_POINT('',(-0.77,-12.14,0.));
#3214 = DIRECTION('',(-0.,-0.,-1.));
#3215 = DIRECTION('',(-1.,0.,0.));
#3216 = ADVANCED_FACE('',(#3217),#3244,.T.);
#3217 = FACE_BOUND('',#3218,.T.);
#3218 = EDGE_LOOP('',(#3219,#3229,#3236,#3237));
#3219 = ORIENTED_EDGE('',*,*,#3220,.F.);
#3220 = EDGE_CURVE('',#3221,#3223,#3225,.T.);
#3221 = VERTEX_POINT('',#3222);
#3222 = CARTESIAN_POINT('',(-0.77,-12.84,0.25));
#3223 = VERTEX_POINT('',#3224);
#3224 = CARTESIAN_POINT('',(-0.77,-12.84,-0.25));
#3225 = LINE('',#3226,#3227);
#3226 = CARTESIAN_POINT('',(-0.77,-12.84,0.3));
#3227 = VECTOR('',#3228,1.);
#3228 = DIRECTION('',(0.,0.,-1.));
#3229 = ORIENTED_EDGE('',*,*,#3230,.T.);
#3230 = EDGE_CURVE('',#3221,#3148,#3231,.T.);
#3231 = CIRCLE('',#3232,0.7);
#3232 = AXIS2_PLACEMENT_3D('',#3233,#3234,#3235);
#3233 = CARTESIAN_POINT('',(-0.77,-12.14,0.25));
#3234 = DIRECTION('',(-0.,1.355252715607E-16,-1.));
#3235 = DIRECTION('',(0.,-1.,-1.355252715607E-16));
#3236 = ORIENTED_EDGE('',*,*,#3147,.T.);
#3237 = ORIENTED_EDGE('',*,*,#3238,.T.);
#3238 = EDGE_CURVE('',#3150,#3223,#3239,.T.);
#3239 = CIRCLE('',#3240,0.7);
#3240 = AXIS2_PLACEMENT_3D('',#3241,#3242,#3243);
#3241 = CARTESIAN_POINT('',(-0.77,-12.14,-0.25));
#3242 = DIRECTION('',(0.,-1.355252715607E-16,1.));
#3243 = DIRECTION('',(0.,-1.,-1.355252715607E-16));
#3244 = CYLINDRICAL_SURFACE('',#3245,0.7);
#3245 = AXIS2_PLACEMENT_3D('',#3246,#3247,#3248);
#3246 = CARTESIAN_POINT('',(-0.77,-12.14,0.));
#3247 = DIRECTION('',(-0.,-0.,-1.));
#3248 = DIRECTION('',(-1.,0.,0.));
#3249 = ADVANCED_FACE('',(#3250),#3318,.T.);
#3250 = FACE_BOUND('',#3251,.T.);
#3251 = EDGE_LOOP('',(#3252,#3262,#3270,#3279,#3287,#3295,#3303,#3312));
#3252 = ORIENTED_EDGE('',*,*,#3253,.T.);
#3253 = EDGE_CURVE('',#3254,#3256,#3258,.T.);
#3254 = VERTEX_POINT('',#3255);
#3255 = CARTESIAN_POINT('',(-1.12,-8.1,0.3));
#3256 = VERTEX_POINT('',#3257);
#3257 = CARTESIAN_POINT('',(-1.42,-8.1,0.3));
#3258 = LINE('',#3259,#3260);
#3259 = CARTESIAN_POINT('',(-1.07,-8.1,0.3));
#3260 = VECTOR('',#3261,1.);
#3261 = DIRECTION('',(-1.,1.392757777032E-14,-1.355252715607E-16));
#3262 = ORIENTED_EDGE('',*,*,#3263,.T.);
#3263 = EDGE_CURVE('',#3256,#3264,#3266,.T.);
#3264 = VERTEX_POINT('',#3265);
#3265 = CARTESIAN_POINT('',(-1.42,-12.14,0.3));
#3266 = LINE('',#3267,#3268);
#3267 = CARTESIAN_POINT('',(-1.42,-12.14,0.3));
#3268 = VECTOR('',#3269,1.);
#3269 = DIRECTION('',(1.610201246266E-16,-1.,-1.355252715607E-16));
#3270 = ORIENTED_EDGE('',*,*,#3271,.T.);
#3271 = EDGE_CURVE('',#3264,#3272,#3274,.T.);
#3272 = VERTEX_POINT('',#3273);
#3273 = CARTESIAN_POINT('',(-0.77,-12.79,0.3));
#3274 = CIRCLE('',#3275,0.65);
#3275 = AXIS2_PLACEMENT_3D('',#3276,#3277,#3278);
#3276 = CARTESIAN_POINT('',(-0.77,-12.14,0.3));
#3277 = DIRECTION('',(0.,-1.355252715607E-16,1.));
#3278 = DIRECTION('',(0.,-1.,-1.355252715607E-16));
#3279 = ORIENTED_EDGE('',*,*,#3280,.T.);
#3280 = EDGE_CURVE('',#3272,#3281,#3283,.T.);
#3281 = VERTEX_POINT('',#3282);
#3282 = CARTESIAN_POINT('',(5.479289321881,-12.79,0.3));
#3283 = LINE('',#3284,#3285);
#3284 = CARTESIAN_POINT('',(-0.77,-12.79,0.3));
#3285 = VECTOR('',#3286,1.);
#3286 = DIRECTION('',(1.,0.,0.));
#3287 = ORIENTED_EDGE('',*,*,#3288,.T.);
#3288 = EDGE_CURVE('',#3281,#3289,#3291,.T.);
#3289 = VERTEX_POINT('',#3290);
#3290 = CARTESIAN_POINT('',(5.479289321881,-12.49,0.3));
#3291 = LINE('',#3292,#3293);
#3292 = CARTESIAN_POINT('',(5.479289321881,-12.44,0.3));
#3293 = VECTOR('',#3294,1.);
#3294 = DIRECTION('',(-5.105576340132E-33,1.,1.355252715607E-16));
#3295 = ORIENTED_EDGE('',*,*,#3296,.T.);
#3296 = EDGE_CURVE('',#3289,#3297,#3299,.T.);
#3297 = VERTEX_POINT('',#3298);
#3298 = CARTESIAN_POINT('',(-0.77,-12.49,0.3));
#3299 = LINE('',#3300,#3301);
#3300 = CARTESIAN_POINT('',(-0.77,-12.49,0.3));
#3301 = VECTOR('',#3302,1.);
#3302 = DIRECTION('',(-1.,-0.,0.));
#3303 = ORIENTED_EDGE('',*,*,#3304,.T.);
#3304 = EDGE_CURVE('',#3297,#3305,#3307,.T.);
#3305 = VERTEX_POINT('',#3306);
#3306 = CARTESIAN_POINT('',(-1.12,-12.14,0.3));
#3307 = CIRCLE('',#3308,0.35);
#3308 = AXIS2_PLACEMENT_3D('',#3309,#3310,#3311);
#3309 = CARTESIAN_POINT('',(-0.77,-12.14,0.3));
#3310 = DIRECTION('',(-0.,1.355252715607E-16,-1.));
#3311 = DIRECTION('',(0.,-1.,-1.355252715607E-16));
#3312 = ORIENTED_EDGE('',*,*,#3313,.T.);
#3313 = EDGE_CURVE('',#3305,#3254,#3314,.T.);
#3314 = LINE('',#3315,#3316);
#3315 = CARTESIAN_POINT('',(-1.12,-12.44,0.3));
#3316 = VECTOR('',#3317,1.);
#3317 = DIRECTION('',(-1.610201246266E-16,1.,1.355252715607E-16));
#3318 = PLANE('',#3319);
#3319 = AXIS2_PLACEMENT_3D('',#3320,#3321,#3322);
#3320 = CARTESIAN_POINT('',(-0.77,-12.44,0.3));
#3321 = DIRECTION('',(0.,-1.355252715607E-16,1.));
#3322 = DIRECTION('',(0.,-1.,-1.355252715607E-16));
#3323 = ADVANCED_FACE('',(#3324),#3365,.F.);
#3324 = FACE_BOUND('',#3325,.T.);
#3325 = EDGE_LOOP('',(#3326,#3336,#3342,#3343,#3351,#3359));
#3326 = ORIENTED_EDGE('',*,*,#3327,.T.);
#3327 = EDGE_CURVE('',#3328,#3330,#3332,.T.);
#3328 = VERTEX_POINT('',#3329);
#3329 = CARTESIAN_POINT('',(5.65,-12.44,-7.928932188134E-02));
#3330 = VERTEX_POINT('',#3331);
#3331 = CARTESIAN_POINT('',(5.479289321881,-12.44,-0.25));
#3332 = LINE('',#3333,#3334);
#3333 = CARTESIAN_POINT('',(5.464644660941,-12.44,-0.264644660941));
#3334 = VECTOR('',#3335,1.);
#3335 = DIRECTION('',(-0.707106781187,0.,-0.707106781187));
#3336 = ORIENTED_EDGE('',*,*,#3337,.T.);
#3337 = EDGE_CURVE('',#3330,#3198,#3338,.T.);
#3338 = LINE('',#3339,#3340);
#3339 = CARTESIAN_POINT('',(-0.77,-12.44,-0.25));
#3340 = VECTOR('',#3341,1.);
#3341 = DIRECTION('',(-1.,-0.,-0.));
#3342 = ORIENTED_EDGE('',*,*,#3206,.F.);
#3343 = ORIENTED_EDGE('',*,*,#3344,.T.);
#3344 = EDGE_CURVE('',#3188,#3345,#3347,.T.);
#3345 = VERTEX_POINT('',#3346);
#3346 = CARTESIAN_POINT('',(5.479289321881,-12.44,0.25));
#3347 = LINE('',#3348,#3349);
#3348 = CARTESIAN_POINT('',(5.5,-12.44,0.25));
#3349 = VECTOR('',#3350,1.);
#3350 = DIRECTION('',(1.,0.,0.));
#3351 = ORIENTED_EDGE('',*,*,#3352,.T.);
#3352 = EDGE_CURVE('',#3345,#3353,#3355,.T.);
#3353 = VERTEX_POINT('',#3354);
#3354 = CARTESIAN_POINT('',(5.65,-12.44,7.928932188135E-02));
#3355 = LINE('',#3356,#3357);
#3356 = CARTESIAN_POINT('',(5.664644660941,-12.44,6.464466094067E-02));
#3357 = VECTOR('',#3358,1.);
#3358 = DIRECTION('',(0.707106781187,-0.,-0.707106781187));
#3359 = ORIENTED_EDGE('',*,*,#3360,.T.);
#3360 = EDGE_CURVE('',#3353,#3328,#3361,.T.);
#3361 = LINE('',#3362,#3363);
#3362 = CARTESIAN_POINT('',(5.65,-12.44,-1.E-01));
#3363 = VECTOR('',#3364,1.);
#3364 = DIRECTION('',(0.,0.,-1.));
#3365 = PLANE('',#3366);
#3366 = AXIS2_PLACEMENT_3D('',#3367,#3368,#3369);
#3367 = CARTESIAN_POINT('',(-0.77,-12.44,0.3));
#3368 = DIRECTION('',(0.,-1.,-0.));
#3369 = DIRECTION('',(0.,0.,-1.));
#3370 = ADVANCED_FACE('',(#3371),#3439,.F.);
#3371 = FACE_BOUND('',#3372,.T.);
#3372 = EDGE_LOOP('',(#3373,#3384,#3392,#3400,#3408,#3417,#3425,#3433));
#3373 = ORIENTED_EDGE('',*,*,#3374,.T.);
#3374 = EDGE_CURVE('',#3375,#3377,#3379,.T.);
#3375 = VERTEX_POINT('',#3376);
#3376 = CARTESIAN_POINT('',(-0.77,-12.79,-0.3));
#3377 = VERTEX_POINT('',#3378);
#3378 = CARTESIAN_POINT('',(-1.42,-12.14,-0.3));
#3379 = CIRCLE('',#3380,0.65);
#3380 = AXIS2_PLACEMENT_3D('',#3381,#3382,#3383);
#3381 = CARTESIAN_POINT('',(-0.77,-12.14,-0.3));
#3382 = DIRECTION('',(-0.,1.355252715607E-16,-1.));
#3383 = DIRECTION('',(0.,-1.,-1.355252715607E-16));
#3384 = ORIENTED_EDGE('',*,*,#3385,.T.);
#3385 = EDGE_CURVE('',#3377,#3386,#3388,.T.);
#3386 = VERTEX_POINT('',#3387);
#3387 = CARTESIAN_POINT('',(-1.42,-8.1,-0.3));
#3388 = LINE('',#3389,#3390);
#3389 = CARTESIAN_POINT('',(-1.42,-12.44,-0.3));
#3390 = VECTOR('',#3391,1.);
#3391 = DIRECTION('',(-1.610201246266E-16,1.,1.355252715607E-16));
#3392 = ORIENTED_EDGE('',*,*,#3393,.F.);
#3393 = EDGE_CURVE('',#3394,#3386,#3396,.T.);
#3394 = VERTEX_POINT('',#3395);
#3395 = CARTESIAN_POINT('',(-1.12,-8.1,-0.3));
#3396 = LINE('',#3397,#3398);
#3397 = CARTESIAN_POINT('',(-1.07,-8.1,-0.3));
#3398 = VECTOR('',#3399,1.);
#3399 = DIRECTION('',(-1.,1.392757777032E-14,-1.355252715607E-16));
#3400 = ORIENTED_EDGE('',*,*,#3401,.T.);
#3401 = EDGE_CURVE('',#3394,#3402,#3404,.T.);
#3402 = VERTEX_POINT('',#3403);
#3403 = CARTESIAN_POINT('',(-1.12,-12.14,-0.3));
#3404 = LINE('',#3405,#3406);
#3405 = CARTESIAN_POINT('',(-1.12,-12.14,-0.3));
#3406 = VECTOR('',#3407,1.);
#3407 = DIRECTION('',(1.610201246266E-16,-1.,-1.355252715607E-16));
#3408 = ORIENTED_EDGE('',*,*,#3409,.T.);
#3409 = EDGE_CURVE('',#3402,#3410,#3412,.T.);
#3410 = VERTEX_POINT('',#3411);
#3411 = CARTESIAN_POINT('',(-0.77,-12.49,-0.3));
#3412 = CIRCLE('',#3413,0.35);
#3413 = AXIS2_PLACEMENT_3D('',#3414,#3415,#3416);
#3414 = CARTESIAN_POINT('',(-0.77,-12.14,-0.3));
#3415 = DIRECTION('',(0.,-1.355252715607E-16,1.));
#3416 = DIRECTION('',(0.,-1.,-1.355252715607E-16));
#3417 = ORIENTED_EDGE('',*,*,#3418,.T.);
#3418 = EDGE_CURVE('',#3410,#3419,#3421,.T.);
#3419 = VERTEX_POINT('',#3420);
#3420 = CARTESIAN_POINT('',(5.479289321881,-12.49,-0.3));
#3421 = LINE('',#3422,#3423);
#3422 = CARTESIAN_POINT('',(-0.77,-12.49,-0.3));
#3423 = VECTOR('',#3424,1.);
#3424 = DIRECTION('',(1.,0.,0.));
#3425 = ORIENTED_EDGE('',*,*,#3426,.T.);
#3426 = EDGE_CURVE('',#3419,#3427,#3429,.T.);
#3427 = VERTEX_POINT('',#3428);
#3428 = CARTESIAN_POINT('',(5.479289321881,-12.79,-0.3));
#3429 = LINE('',#3430,#3431);
#3430 = CARTESIAN_POINT('',(5.479289321881,-12.84,-0.3));
#3431 = VECTOR('',#3432,1.);
#3432 = DIRECTION('',(0.,-1.,-1.355252715607E-16));
#3433 = ORIENTED_EDGE('',*,*,#3434,.T.);
#3434 = EDGE_CURVE('',#3427,#3375,#3435,.T.);
#3435 = LINE('',#3436,#3437);
#3436 = CARTESIAN_POINT('',(-0.77,-12.79,-0.3));
#3437 = VECTOR('',#3438,1.);
#3438 = DIRECTION('',(-1.,-0.,0.));
#3439 = PLANE('',#3440);
#3440 = AXIS2_PLACEMENT_3D('',#3441,#3442,#3443);
#3441 = CARTESIAN_POINT('',(-0.77,-12.44,-0.3));
#3442 = DIRECTION('',(0.,-1.355252715607E-16,1.));
#3443 = DIRECTION('',(0.,-1.,-1.355252715607E-16));
#3444 = ADVANCED_FACE('',(#3445),#3486,.T.);
#3445 = FACE_BOUND('',#3446,.T.);
#3446 = EDGE_LOOP('',(#3447,#3448,#3456,#3464,#3472,#3480));
#3447 = ORIENTED_EDGE('',*,*,#3220,.T.);
#3448 = ORIENTED_EDGE('',*,*,#3449,.T.);
#3449 = EDGE_CURVE('',#3223,#3450,#3452,.T.);
#3450 = VERTEX_POINT('',#3451);
#3451 = CARTESIAN_POINT('',(5.479289321881,-12.84,-0.25));
#3452 = LINE('',#3453,#3454);
#3453 = CARTESIAN_POINT('',(5.5,-12.84,-0.25));
#3454 = VECTOR('',#3455,1.);
#3455 = DIRECTION('',(1.,0.,0.));
#3456 = ORIENTED_EDGE('',*,*,#3457,.T.);
#3457 = EDGE_CURVE('',#3450,#3458,#3460,.T.);
#3458 = VERTEX_POINT('',#3459);
#3459 = CARTESIAN_POINT('',(5.65,-12.84,-7.928932188134E-02));
#3460 = LINE('',#3461,#3462);
#3461 = CARTESIAN_POINT('',(2.629644660941,-12.84,-3.099644660941));
#3462 = VECTOR('',#3463,1.);
#3463 = DIRECTION('',(0.707106781187,0.,0.707106781187));
#3464 = ORIENTED_EDGE('',*,*,#3465,.T.);
#3465 = EDGE_CURVE('',#3458,#3466,#3468,.T.);
#3466 = VERTEX_POINT('',#3467);
#3467 = CARTESIAN_POINT('',(5.65,-12.84,7.928932188135E-02));
#3468 = LINE('',#3469,#3470);
#3469 = CARTESIAN_POINT('',(5.65,-12.84,0.3));
#3470 = VECTOR('',#3471,1.);
#3471 = DIRECTION('',(-0.,-0.,1.));
#3472 = ORIENTED_EDGE('',*,*,#3473,.T.);
#3473 = EDGE_CURVE('',#3466,#3474,#3476,.T.);
#3474 = VERTEX_POINT('',#3475);
#3475 = CARTESIAN_POINT('',(5.479289321881,-12.84,0.25));
#3476 = LINE('',#3477,#3478);
#3477 = CARTESIAN_POINT('',(2.329644660941,-12.84,3.399644660941));
#3478 = VECTOR('',#3479,1.);
#3479 = DIRECTION('',(-0.707106781187,-0.,0.707106781187));
#3480 = ORIENTED_EDGE('',*,*,#3481,.T.);
#3481 = EDGE_CURVE('',#3474,#3221,#3482,.T.);
#3482 = LINE('',#3483,#3484);
#3483 = CARTESIAN_POINT('',(-0.77,-12.84,0.25));
#3484 = VECTOR('',#3485,1.);
#3485 = DIRECTION('',(-1.,-0.,-0.));
#3486 = PLANE('',#3487);
#3487 = AXIS2_PLACEMENT_3D('',#3488,#3489,#3490);
#3488 = CARTESIAN_POINT('',(-0.77,-12.84,0.3));
#3489 = DIRECTION('',(0.,-1.,-0.));
#3490 = DIRECTION('',(0.,0.,-1.));
#3491 = ADVANCED_FACE('',(#3492),#3526,.F.);
#3492 = FACE_BOUND('',#3493,.T.);
#3493 = EDGE_LOOP('',(#3494,#3495,#3502,#3503,#3510,#3511,#3518,#3519));
#3494 = ORIENTED_EDGE('',*,*,#3165,.F.);
#3495 = ORIENTED_EDGE('',*,*,#3496,.T.);
#3496 = EDGE_CURVE('',#3158,#3256,#3497,.T.);
#3497 = CIRCLE('',#3498,5.E-02);
#3498 = AXIS2_PLACEMENT_3D('',#3499,#3500,#3501);
#3499 = CARTESIAN_POINT('',(-1.42,-8.1,0.25));
#3500 = DIRECTION('',(1.392757777032E-14,1.,0.));
#3501 = DIRECTION('',(1.,-1.392757777032E-14,0.));
#3502 = ORIENTED_EDGE('',*,*,#3253,.F.);
#3503 = ORIENTED_EDGE('',*,*,#3504,.T.);
#3504 = EDGE_CURVE('',#3254,#3126,#3505,.T.);
#3505 = CIRCLE('',#3506,5.E-02);
#3506 = AXIS2_PLACEMENT_3D('',#3507,#3508,#3509);
#3507 = CARTESIAN_POINT('',(-1.12,-8.1,0.25));
#3508 = DIRECTION('',(1.392757777032E-14,1.,0.));
#3509 = DIRECTION('',(1.,-1.392757777032E-14,0.));
#3510 = ORIENTED_EDGE('',*,*,#3125,.T.);
#3511 = ORIENTED_EDGE('',*,*,#3512,.T.);
#3512 = EDGE_CURVE('',#3118,#3394,#3513,.T.);
#3513 = CIRCLE('',#3514,5.E-02);
#3514 = AXIS2_PLACEMENT_3D('',#3515,#3516,#3517);
#3515 = CARTESIAN_POINT('',(-1.12,-8.1,-0.25));
#3516 = DIRECTION('',(1.392757777032E-14,1.,0.));
#3517 = DIRECTION('',(1.,-1.392757777032E-14,0.));
#3518 = ORIENTED_EDGE('',*,*,#3393,.T.);
#3519 = ORIENTED_EDGE('',*,*,#3520,.T.);
#3520 = EDGE_CURVE('',#3386,#3166,#3521,.T.);
#3521 = CIRCLE('',#3522,5.E-02);
#3522 = AXIS2_PLACEMENT_3D('',#3523,#3524,#3525);
#3523 = CARTESIAN_POINT('',(-1.42,-8.1,-0.25));
#3524 = DIRECTION('',(1.392757777032E-14,1.,0.));
#3525 = DIRECTION('',(1.,-1.392757777032E-14,0.));
#3526 = PLANE('',#3527);
#3527 = AXIS2_PLACEMENT_3D('',#3528,#3529,#3530);
#3528 = CARTESIAN_POINT('',(11.37,-8.1,0.));
#3529 = DIRECTION('',(-1.392757777032E-14,-1.,0.));
#3530 = DIRECTION('',(0.,-0.,-1.));
#3531 = ADVANCED_FACE('',(#3532),#3566,.T.);
#3532 = FACE_BOUND('',#3533,.T.);
#3533 = EDGE_LOOP('',(#3534,#3544,#3552,#3560));
#3534 = ORIENTED_EDGE('',*,*,#3535,.T.);
#3535 = EDGE_CURVE('',#3536,#3538,#3540,.T.);
#3536 = VERTEX_POINT('',#3537);
#3537 = CARTESIAN_POINT('',(5.7,-12.49,-7.928932188134E-02));
#3538 = VERTEX_POINT('',#3539);
#3539 = CARTESIAN_POINT('',(5.7,-12.49,7.928932188134E-02));
#3540 = LINE('',#3541,#3542);
#3541 = CARTESIAN_POINT('',(5.7,-12.49,1.E-01));
#3542 = VECTOR('',#3543,1.);
#3543 = DIRECTION('',(-0.,-0.,1.));
#3544 = ORIENTED_EDGE('',*,*,#3545,.T.);
#3545 = EDGE_CURVE('',#3538,#3546,#3548,.T.);
#3546 = VERTEX_POINT('',#3547);
#3547 = CARTESIAN_POINT('',(5.7,-12.79,7.928932188134E-02));
#3548 = LINE('',#3549,#3550);
#3549 = CARTESIAN_POINT('',(5.7,-1.074570687983E-17,7.928932188135E-02)
  );
#3550 = VECTOR('',#3551,1.);
#3551 = DIRECTION('',(0.,-1.,-1.355252715607E-16));
#3552 = ORIENTED_EDGE('',*,*,#3553,.T.);
#3553 = EDGE_CURVE('',#3546,#3554,#3556,.T.);
#3554 = VERTEX_POINT('',#3555);
#3555 = CARTESIAN_POINT('',(5.7,-12.79,-7.928932188134E-02));
#3556 = LINE('',#3557,#3558);
#3557 = CARTESIAN_POINT('',(5.7,-12.79,0.));
#3558 = VECTOR('',#3559,1.);
#3559 = DIRECTION('',(0.,0.,-1.));
#3560 = ORIENTED_EDGE('',*,*,#3561,.T.);
#3561 = EDGE_CURVE('',#3554,#3536,#3562,.T.);
#3562 = LINE('',#3563,#3564);
#3563 = CARTESIAN_POINT('',(5.7,1.074570687983E-17,-7.928932188134E-02)
  );
#3564 = VECTOR('',#3565,1.);
#3565 = DIRECTION('',(-0.,1.,1.355252715607E-16));
#3566 = PLANE('',#3567);
#3567 = AXIS2_PLACEMENT_3D('',#3568,#3569,#3570);
#3568 = CARTESIAN_POINT('',(5.7,0.,0.));
#3569 = DIRECTION('',(1.,0.,0.));
#3570 = DIRECTION('',(0.,0.,-1.));
#3571 = ADVANCED_FACE('',(#3572),#3606,.T.);
#3572 = FACE_BOUND('',#3573,.T.);
#3573 = EDGE_LOOP('',(#3574,#3584,#3592,#3600));
#3574 = ORIENTED_EDGE('',*,*,#3575,.T.);
#3575 = EDGE_CURVE('',#3576,#3578,#3580,.T.);
#3576 = VERTEX_POINT('',#3577);
#3577 = CARTESIAN_POINT('',(5.685355339059,-12.79,-0.114644660941));
#3578 = VERTEX_POINT('',#3579);
#3579 = CARTESIAN_POINT('',(5.514644660941,-12.79,-0.285355339059));
#3580 = LINE('',#3581,#3582);
#3581 = CARTESIAN_POINT('',(5.5,-12.79,-0.3));
#3582 = VECTOR('',#3583,1.);
#3583 = DIRECTION('',(-0.707106781187,-0.,-0.707106781187));
#3584 = ORIENTED_EDGE('',*,*,#3585,.T.);
#3585 = EDGE_CURVE('',#3578,#3586,#3588,.T.);
#3586 = VERTEX_POINT('',#3587);
#3587 = CARTESIAN_POINT('',(5.514644660941,-12.49,-0.285355339059));
#3588 = LINE('',#3589,#3590);
#3589 = CARTESIAN_POINT('',(5.514644660941,-12.44,-0.285355339059));
#3590 = VECTOR('',#3591,1.);
#3591 = DIRECTION('',(3.610187651973E-33,1.,1.355252715607E-16));
#3592 = ORIENTED_EDGE('',*,*,#3593,.T.);
#3593 = EDGE_CURVE('',#3586,#3594,#3596,.T.);
#3594 = VERTEX_POINT('',#3595);
#3595 = CARTESIAN_POINT('',(5.685355339059,-12.49,-0.114644660941));
#3596 = LINE('',#3597,#3598);
#3597 = CARTESIAN_POINT('',(5.7,-12.49,-1.E-01));
#3598 = VECTOR('',#3599,1.);
#3599 = DIRECTION('',(0.707106781187,-0.,0.707106781187));
#3600 = ORIENTED_EDGE('',*,*,#3601,.T.);
#3601 = EDGE_CURVE('',#3594,#3576,#3602,.T.);
#3602 = LINE('',#3603,#3604);
#3603 = CARTESIAN_POINT('',(5.685355339059,-12.44,-0.114644660941));
#3604 = VECTOR('',#3605,1.);
#3605 = DIRECTION('',(-1.232595164408E-32,-1.,-1.355252715607E-16));
#3606 = PLANE('',#3607);
#3607 = AXIS2_PLACEMENT_3D('',#3608,#3609,#3610);
#3608 = CARTESIAN_POINT('',(5.5,-12.44,-0.3));
#3609 = DIRECTION('',(0.707106781187,9.583083854271E-17,-0.707106781187)
  );
#3610 = DIRECTION('',(1.232595164408E-32,1.,1.355252715607E-16));
#3611 = ADVANCED_FACE('',(#3612),#3646,.F.);
#3612 = FACE_BOUND('',#3613,.T.);
#3613 = EDGE_LOOP('',(#3614,#3624,#3632,#3640));
#3614 = ORIENTED_EDGE('',*,*,#3615,.T.);
#3615 = EDGE_CURVE('',#3616,#3618,#3620,.T.);
#3616 = VERTEX_POINT('',#3617);
#3617 = CARTESIAN_POINT('',(5.514644660941,-12.49,0.285355339059));
#3618 = VERTEX_POINT('',#3619);
#3619 = CARTESIAN_POINT('',(5.514644660941,-12.79,0.285355339059));
#3620 = LINE('',#3621,#3622);
#3621 = CARTESIAN_POINT('',(5.514644660941,-3.867285981731E-17,
    0.285355339059));
#3622 = VECTOR('',#3623,1.);
#3623 = DIRECTION('',(3.336766728026E-32,-1.,-1.355252715607E-16));
#3624 = ORIENTED_EDGE('',*,*,#3625,.T.);
#3625 = EDGE_CURVE('',#3618,#3626,#3628,.T.);
#3626 = VERTEX_POINT('',#3627);
#3627 = CARTESIAN_POINT('',(5.685355339059,-12.79,0.114644660941));
#3628 = LINE('',#3629,#3630);
#3629 = CARTESIAN_POINT('',(5.7,-12.79,0.1));
#3630 = VECTOR('',#3631,1.);
#3631 = DIRECTION('',(0.707106781187,-0.,-0.707106781187));
#3632 = ORIENTED_EDGE('',*,*,#3633,.T.);
#3633 = EDGE_CURVE('',#3626,#3634,#3636,.T.);
#3634 = VERTEX_POINT('',#3635);
#3635 = CARTESIAN_POINT('',(5.685355339059,-12.49,0.114644660941));
#3636 = LINE('',#3637,#3638);
#3637 = CARTESIAN_POINT('',(5.685355339059,-1.553724880697E-17,
    0.114644660941));
#3638 = VECTOR('',#3639,1.);
#3639 = DIRECTION('',(-1.368455531567E-48,1.,1.355252715607E-16));
#3640 = ORIENTED_EDGE('',*,*,#3641,.T.);
#3641 = EDGE_CURVE('',#3634,#3616,#3642,.T.);
#3642 = LINE('',#3643,#3644);
#3643 = CARTESIAN_POINT('',(5.5,-12.49,0.3));
#3644 = VECTOR('',#3645,1.);
#3645 = DIRECTION('',(-0.707106781187,-0.,0.707106781187));
#3646 = PLANE('',#3647);
#3647 = AXIS2_PLACEMENT_3D('',#3648,#3649,#3650);
#3648 = CARTESIAN_POINT('',(5.7,-1.355252715607E-17,0.1));
#3649 = DIRECTION('',(-0.707106781187,9.583083854271E-17,-0.707106781187
    ));
#3650 = DIRECTION('',(0.,-1.,-1.355252715607E-16));
#3651 = ADVANCED_FACE('',(#3652),#3664,.T.);
#3652 = FACE_BOUND('',#3653,.T.);
#3653 = EDGE_LOOP('',(#3654,#3655,#3656,#3663));
#3654 = ORIENTED_EDGE('',*,*,#3504,.F.);
#3655 = ORIENTED_EDGE('',*,*,#3313,.F.);
#3656 = ORIENTED_EDGE('',*,*,#3657,.F.);
#3657 = EDGE_CURVE('',#3108,#3305,#3658,.T.);
#3658 = CIRCLE('',#3659,5.E-02);
#3659 = AXIS2_PLACEMENT_3D('',#3660,#3661,#3662);
#3660 = CARTESIAN_POINT('',(-1.12,-12.14,0.25));
#3661 = DIRECTION('',(0.,-1.,0.));
#3662 = DIRECTION('',(0.,0.,-1.));
#3663 = ORIENTED_EDGE('',*,*,#3133,.F.);
#3664 = CYLINDRICAL_SURFACE('',#3665,5.E-02);
#3665 = AXIS2_PLACEMENT_3D('',#3666,#3667,#3668);
#3666 = CARTESIAN_POINT('',(-1.12,-12.44,0.25));
#3667 = DIRECTION('',(-1.610201246266E-16,1.,1.355252715607E-16));
#3668 = DIRECTION('',(-1.,-1.610201246266E-16,-2.182229611675E-32));
#3669 = ADVANCED_FACE('',(#3670),#3682,.T.);
#3670 = FACE_BOUND('',#3671,.T.);
#3671 = EDGE_LOOP('',(#3672,#3673,#3674,#3681));
#3672 = ORIENTED_EDGE('',*,*,#3512,.F.);
#3673 = ORIENTED_EDGE('',*,*,#3117,.F.);
#3674 = ORIENTED_EDGE('',*,*,#3675,.F.);
#3675 = EDGE_CURVE('',#3402,#3110,#3676,.T.);
#3676 = CIRCLE('',#3677,5.E-02);
#3677 = AXIS2_PLACEMENT_3D('',#3678,#3679,#3680);
#3678 = CARTESIAN_POINT('',(-1.12,-12.14,-0.25));
#3679 = DIRECTION('',(0.,-1.,0.));
#3680 = DIRECTION('',(0.,0.,-1.));
#3681 = ORIENTED_EDGE('',*,*,#3401,.F.);
#3682 = CYLINDRICAL_SURFACE('',#3683,5.E-02);
#3683 = AXIS2_PLACEMENT_3D('',#3684,#3685,#3686);
#3684 = CARTESIAN_POINT('',(-1.12,-12.14,-0.25));
#3685 = DIRECTION('',(1.610201246266E-16,-1.,-1.355252715607E-16));
#3686 = DIRECTION('',(1.,1.610201246266E-16,2.182229611675E-32));
#3687 = ADVANCED_FACE('',(#3688),#3700,.T.);
#3688 = FACE_BOUND('',#3689,.T.);
#3689 = EDGE_LOOP('',(#3690,#3691,#3692,#3699));
#3690 = ORIENTED_EDGE('',*,*,#3657,.T.);
#3691 = ORIENTED_EDGE('',*,*,#3304,.F.);
#3692 = ORIENTED_EDGE('',*,*,#3693,.F.);
#3693 = EDGE_CURVE('',#3188,#3297,#3694,.T.);
#3694 = CIRCLE('',#3695,5.E-02);
#3695 = AXIS2_PLACEMENT_3D('',#3696,#3697,#3698);
#3696 = CARTESIAN_POINT('',(-0.77,-12.49,0.25));
#3697 = DIRECTION('',(1.,1.084202172486E-14,-0.));
#3698 = DIRECTION('',(-1.084202172486E-14,1.,0.));
#3699 = ORIENTED_EDGE('',*,*,#3187,.F.);
#3700 = TOROIDAL_SURFACE('',#3701,0.35,5.E-02);
#3701 = AXIS2_PLACEMENT_3D('',#3702,#3703,#3704);
#3702 = CARTESIAN_POINT('',(-0.77,-12.14,0.25));
#3703 = DIRECTION('',(0.,-1.355252715607E-16,1.));
#3704 = DIRECTION('',(0.,-1.,-1.355252715607E-16));
#3705 = ADVANCED_FACE('',(#3706),#3718,.T.);
#3706 = FACE_BOUND('',#3707,.T.);
#3707 = EDGE_LOOP('',(#3708,#3709,#3710,#3717));
#3708 = ORIENTED_EDGE('',*,*,#3675,.T.);
#3709 = ORIENTED_EDGE('',*,*,#3197,.F.);
#3710 = ORIENTED_EDGE('',*,*,#3711,.F.);
#3711 = EDGE_CURVE('',#3410,#3198,#3712,.T.);
#3712 = CIRCLE('',#3713,5.E-02);
#3713 = AXIS2_PLACEMENT_3D('',#3714,#3715,#3716);
#3714 = CARTESIAN_POINT('',(-0.77,-12.49,-0.25));
#3715 = DIRECTION('',(1.,-0.,0.));
#3716 = DIRECTION('',(0.,0.,-1.));
#3717 = ORIENTED_EDGE('',*,*,#3409,.F.);
#3718 = TOROIDAL_SURFACE('',#3719,0.35,5.E-02);
#3719 = AXIS2_PLACEMENT_3D('',#3720,#3721,#3722);
#3720 = CARTESIAN_POINT('',(-0.77,-12.14,-0.25));
#3721 = DIRECTION('',(0.,-1.355252715607E-16,1.));
#3722 = DIRECTION('',(0.,-1.,-1.355252715607E-16));
#3723 = ADVANCED_FACE('',(#3724),#3736,.T.);
#3724 = FACE_BOUND('',#3725,.T.);
#3725 = EDGE_LOOP('',(#3726,#3727,#3728,#3735));
#3726 = ORIENTED_EDGE('',*,*,#3496,.F.);
#3727 = ORIENTED_EDGE('',*,*,#3157,.F.);
#3728 = ORIENTED_EDGE('',*,*,#3729,.F.);
#3729 = EDGE_CURVE('',#3264,#3148,#3730,.T.);
#3730 = CIRCLE('',#3731,5.E-02);
#3731 = AXIS2_PLACEMENT_3D('',#3732,#3733,#3734);
#3732 = CARTESIAN_POINT('',(-1.42,-12.14,0.25));
#3733 = DIRECTION('',(0.,-1.,0.));
#3734 = DIRECTION('',(0.,0.,-1.));
#3735 = ORIENTED_EDGE('',*,*,#3263,.F.);
#3736 = CYLINDRICAL_SURFACE('',#3737,5.E-02);
#3737 = AXIS2_PLACEMENT_3D('',#3738,#3739,#3740);
#3738 = CARTESIAN_POINT('',(-1.42,-12.14,0.25));
#3739 = DIRECTION('',(1.610201246266E-16,-1.,-1.355252715607E-16));
#3740 = DIRECTION('',(1.,1.610201246266E-16,2.182229611675E-32));
#3741 = ADVANCED_FACE('',(#3742),#3754,.T.);
#3742 = FACE_BOUND('',#3743,.T.);
#3743 = EDGE_LOOP('',(#3744,#3745,#3746,#3753));
#3744 = ORIENTED_EDGE('',*,*,#3693,.T.);
#3745 = ORIENTED_EDGE('',*,*,#3296,.F.);
#3746 = ORIENTED_EDGE('',*,*,#3747,.F.);
#3747 = EDGE_CURVE('',#3345,#3289,#3748,.T.);
#3748 = CIRCLE('',#3749,5.E-02);
#3749 = AXIS2_PLACEMENT_3D('',#3750,#3751,#3752);
#3750 = CARTESIAN_POINT('',(5.479289321881,-12.49,0.25));
#3751 = DIRECTION('',(1.,0.,0.));
#3752 = DIRECTION('',(0.,0.,-1.));
#3753 = ORIENTED_EDGE('',*,*,#3344,.F.);
#3754 = CYLINDRICAL_SURFACE('',#3755,5.E-02);
#3755 = AXIS2_PLACEMENT_3D('',#3756,#3757,#3758);
#3756 = CARTESIAN_POINT('',(-0.77,-12.49,0.25));
#3757 = DIRECTION('',(-1.,0.,0.));
#3758 = DIRECTION('',(0.,0.,1.));
#3759 = ADVANCED_FACE('',(#3760),#3772,.T.);
#3760 = FACE_BOUND('',#3761,.T.);
#3761 = EDGE_LOOP('',(#3762,#3763,#3764,#3771));
#3762 = ORIENTED_EDGE('',*,*,#3711,.T.);
#3763 = ORIENTED_EDGE('',*,*,#3337,.F.);
#3764 = ORIENTED_EDGE('',*,*,#3765,.F.);
#3765 = EDGE_CURVE('',#3419,#3330,#3766,.T.);
#3766 = CIRCLE('',#3767,5.E-02);
#3767 = AXIS2_PLACEMENT_3D('',#3768,#3769,#3770);
#3768 = CARTESIAN_POINT('',(5.479289321881,-12.49,-0.25));
#3769 = DIRECTION('',(1.,-0.,0.));
#3770 = DIRECTION('',(0.,0.,-1.));
#3771 = ORIENTED_EDGE('',*,*,#3418,.F.);
#3772 = CYLINDRICAL_SURFACE('',#3773,5.E-02);
#3773 = AXIS2_PLACEMENT_3D('',#3774,#3775,#3776);
#3774 = CARTESIAN_POINT('',(-0.77,-12.49,-0.25));
#3775 = DIRECTION('',(1.,0.,0.));
#3776 = DIRECTION('',(0.,0.,-1.));
#3777 = ADVANCED_FACE('',(#3778),#3790,.T.);
#3778 = FACE_BOUND('',#3779,.T.);
#3779 = EDGE_LOOP('',(#3780,#3781,#3782,#3789));
#3780 = ORIENTED_EDGE('',*,*,#3520,.F.);
#3781 = ORIENTED_EDGE('',*,*,#3385,.F.);
#3782 = ORIENTED_EDGE('',*,*,#3783,.F.);
#3783 = EDGE_CURVE('',#3150,#3377,#3784,.T.);
#3784 = CIRCLE('',#3785,5.E-02);
#3785 = AXIS2_PLACEMENT_3D('',#3786,#3787,#3788);
#3786 = CARTESIAN_POINT('',(-1.42,-12.14,-0.25));
#3787 = DIRECTION('',(0.,-1.,-0.));
#3788 = DIRECTION('',(0.,0.,-1.));
#3789 = ORIENTED_EDGE('',*,*,#3173,.F.);
#3790 = CYLINDRICAL_SURFACE('',#3791,5.E-02);
#3791 = AXIS2_PLACEMENT_3D('',#3792,#3793,#3794);
#3792 = CARTESIAN_POINT('',(-1.42,-12.44,-0.25));
#3793 = DIRECTION('',(-1.610201246266E-16,1.,1.355252715607E-16));
#3794 = DIRECTION('',(-1.,-1.610201246266E-16,-2.182229611675E-32));
#3795 = ADVANCED_FACE('',(#3796),#3808,.T.);
#3796 = FACE_BOUND('',#3797,.T.);
#3797 = EDGE_LOOP('',(#3798,#3799,#3800,#3807));
#3798 = ORIENTED_EDGE('',*,*,#3729,.T.);
#3799 = ORIENTED_EDGE('',*,*,#3230,.F.);
#3800 = ORIENTED_EDGE('',*,*,#3801,.F.);
#3801 = EDGE_CURVE('',#3272,#3221,#3802,.T.);
#3802 = CIRCLE('',#3803,5.E-02);
#3803 = AXIS2_PLACEMENT_3D('',#3804,#3805,#3806);
#3804 = CARTESIAN_POINT('',(-0.77,-12.79,0.25));
#3805 = DIRECTION('',(1.,4.336808689942E-15,-0.));
#3806 = DIRECTION('',(-4.336808689942E-15,1.,0.));
#3807 = ORIENTED_EDGE('',*,*,#3271,.F.);
#3808 = TOROIDAL_SURFACE('',#3809,0.65,5.E-02);
#3809 = AXIS2_PLACEMENT_3D('',#3810,#3811,#3812);
#3810 = CARTESIAN_POINT('',(-0.77,-12.14,0.25));
#3811 = DIRECTION('',(0.,-1.355252715607E-16,1.));
#3812 = DIRECTION('',(0.,-1.,-1.355252715607E-16));
#3813 = ADVANCED_FACE('',(#3814),#3831,.T.);
#3814 = FACE_BOUND('',#3815,.T.);
#3815 = EDGE_LOOP('',(#3816,#3823,#3824));
#3816 = ORIENTED_EDGE('',*,*,#3817,.F.);
#3817 = EDGE_CURVE('',#3345,#3616,#3818,.T.);
#3818 = CIRCLE('',#3819,5.E-02);
#3819 = AXIS2_PLACEMENT_3D('',#3820,#3821,#3822);
#3820 = CARTESIAN_POINT('',(5.479289321881,-12.49,0.25));
#3821 = DIRECTION('',(0.707106781187,6.899820375075E-15,-0.707106781187)
  );
#3822 = DIRECTION('',(0.707106781187,3.944304526105E-31,0.707106781187)
  );
#3823 = ORIENTED_EDGE('',*,*,#3747,.T.);
#3824 = ORIENTED_EDGE('',*,*,#3825,.F.);
#3825 = EDGE_CURVE('',#3616,#3289,#3826,.T.);
#3826 = CIRCLE('',#3827,5.E-02);
#3827 = AXIS2_PLACEMENT_3D('',#3828,#3829,#3830);
#3828 = CARTESIAN_POINT('',(5.479289321881,-12.49,0.25));
#3829 = DIRECTION('',(-0.,-1.,0.));
#3830 = DIRECTION('',(3.469446951954E-14,-0.,1.));
#3831 = SPHERICAL_SURFACE('',#3832,5.E-02);
#3832 = AXIS2_PLACEMENT_3D('',#3833,#3834,#3835);
#3833 = CARTESIAN_POINT('',(5.479289321881,-12.49,0.25));
#3834 = DIRECTION('',(0.,1.,0.));
#3835 = DIRECTION('',(1.,0.,0.));
#3836 = ADVANCED_FACE('',(#3837),#3854,.T.);
#3837 = FACE_BOUND('',#3838,.T.);
#3838 = EDGE_LOOP('',(#3839,#3846,#3847));
#3839 = ORIENTED_EDGE('',*,*,#3840,.F.);
#3840 = EDGE_CURVE('',#3419,#3586,#3841,.T.);
#3841 = CIRCLE('',#3842,5.E-02);
#3842 = AXIS2_PLACEMENT_3D('',#3843,#3844,#3845);
#3843 = CARTESIAN_POINT('',(5.479289321881,-12.49,-0.25));
#3844 = DIRECTION('',(-0.,-1.,0.));
#3845 = DIRECTION('',(1.734723475977E-14,-0.,1.));
#3846 = ORIENTED_EDGE('',*,*,#3765,.T.);
#3847 = ORIENTED_EDGE('',*,*,#3848,.F.);
#3848 = EDGE_CURVE('',#3586,#3330,#3849,.T.);
#3849 = CIRCLE('',#3850,5.E-02);
#3850 = AXIS2_PLACEMENT_3D('',#3851,#3852,#3853);
#3851 = CARTESIAN_POINT('',(5.479289321881,-12.49,-0.25));
#3852 = DIRECTION('',(0.707106781187,0.,0.707106781187));
#3853 = DIRECTION('',(-0.707106781187,0.,0.707106781187));
#3854 = SPHERICAL_SURFACE('',#3855,5.E-02);
#3855 = AXIS2_PLACEMENT_3D('',#3856,#3857,#3858);
#3856 = CARTESIAN_POINT('',(5.479289321881,-12.49,-0.25));
#3857 = DIRECTION('',(0.,1.,0.));
#3858 = DIRECTION('',(1.,0.,0.));
#3859 = ADVANCED_FACE('',(#3860),#3872,.T.);
#3860 = FACE_BOUND('',#3861,.T.);
#3861 = EDGE_LOOP('',(#3862,#3863,#3864,#3871));
#3862 = ORIENTED_EDGE('',*,*,#3783,.T.);
#3863 = ORIENTED_EDGE('',*,*,#3374,.F.);
#3864 = ORIENTED_EDGE('',*,*,#3865,.F.);
#3865 = EDGE_CURVE('',#3223,#3375,#3866,.T.);
#3866 = CIRCLE('',#3867,5.E-02);
#3867 = AXIS2_PLACEMENT_3D('',#3868,#3869,#3870);
#3868 = CARTESIAN_POINT('',(-0.77,-12.79,-0.25));
#3869 = DIRECTION('',(1.,4.336808689942E-15,4.336808689942E-15));
#3870 = DIRECTION('',(-4.336808689942E-15,1.,-2.80259692865E-45));
#3871 = ORIENTED_EDGE('',*,*,#3238,.F.);
#3872 = TOROIDAL_SURFACE('',#3873,0.65,5.E-02);
#3873 = AXIS2_PLACEMENT_3D('',#3874,#3875,#3876);
#3874 = CARTESIAN_POINT('',(-0.77,-12.14,-0.25));
#3875 = DIRECTION('',(0.,-1.355252715607E-16,1.));
#3876 = DIRECTION('',(0.,-1.,-1.355252715607E-16));
#3877 = ADVANCED_FACE('',(#3878),#3890,.T.);
#3878 = FACE_BOUND('',#3879,.T.);
#3879 = EDGE_LOOP('',(#3880,#3881,#3882,#3889));
#3880 = ORIENTED_EDGE('',*,*,#3801,.T.);
#3881 = ORIENTED_EDGE('',*,*,#3481,.F.);
#3882 = ORIENTED_EDGE('',*,*,#3883,.F.);
#3883 = EDGE_CURVE('',#3281,#3474,#3884,.T.);
#3884 = CIRCLE('',#3885,5.E-02);
#3885 = AXIS2_PLACEMENT_3D('',#3886,#3887,#3888);
#3886 = CARTESIAN_POINT('',(5.479289321881,-12.79,0.25));
#3887 = DIRECTION('',(1.,1.734723475977E-14,-0.));
#3888 = DIRECTION('',(-1.734723475977E-14,1.,0.));
#3889 = ORIENTED_EDGE('',*,*,#3280,.F.);
#3890 = CYLINDRICAL_SURFACE('',#3891,5.E-02);
#3891 = AXIS2_PLACEMENT_3D('',#3892,#3893,#3894);
#3892 = CARTESIAN_POINT('',(-0.77,-12.79,0.25));
#3893 = DIRECTION('',(1.,0.,0.));
#3894 = DIRECTION('',(0.,0.,-1.));
#3895 = ADVANCED_FACE('',(#3896),#3908,.T.);
#3896 = FACE_BOUND('',#3897,.T.);
#3897 = EDGE_LOOP('',(#3898,#3899,#3900,#3907));
#3898 = ORIENTED_EDGE('',*,*,#3825,.T.);
#3899 = ORIENTED_EDGE('',*,*,#3288,.F.);
#3900 = ORIENTED_EDGE('',*,*,#3901,.F.);
#3901 = EDGE_CURVE('',#3618,#3281,#3902,.T.);
#3902 = CIRCLE('',#3903,5.E-02);
#3903 = AXIS2_PLACEMENT_3D('',#3904,#3905,#3906);
#3904 = CARTESIAN_POINT('',(5.479289321881,-12.79,0.25));
#3905 = DIRECTION('',(0.,-1.,0.));
#3906 = DIRECTION('',(0.,0.,-1.));
#3907 = ORIENTED_EDGE('',*,*,#3615,.F.);
#3908 = CYLINDRICAL_SURFACE('',#3909,5.E-02);
#3909 = AXIS2_PLACEMENT_3D('',#3910,#3911,#3912);
#3910 = CARTESIAN_POINT('',(5.479289321881,-12.44,0.25));
#3911 = DIRECTION('',(5.105576340132E-33,-1.,-1.355252715607E-16));
#3912 = DIRECTION('',(-6.919346199702E-49,1.355252715607E-16,-1.));
#3913 = ADVANCED_FACE('',(#3914),#3926,.T.);
#3914 = FACE_BOUND('',#3915,.T.);
#3915 = EDGE_LOOP('',(#3916,#3917,#3918,#3925));
#3916 = ORIENTED_EDGE('',*,*,#3817,.T.);
#3917 = ORIENTED_EDGE('',*,*,#3641,.F.);
#3918 = ORIENTED_EDGE('',*,*,#3919,.F.);
#3919 = EDGE_CURVE('',#3353,#3634,#3920,.T.);
#3920 = CIRCLE('',#3921,5.E-02);
#3921 = AXIS2_PLACEMENT_3D('',#3922,#3923,#3924);
#3922 = CARTESIAN_POINT('',(5.65,-12.49,7.928932188135E-02));
#3923 = DIRECTION('',(0.707106781187,0.,-0.707106781187));
#3924 = DIRECTION('',(-0.707106781187,0.,-0.707106781187));
#3925 = ORIENTED_EDGE('',*,*,#3352,.F.);
#3926 = CYLINDRICAL_SURFACE('',#3927,5.E-02);
#3927 = AXIS2_PLACEMENT_3D('',#3928,#3929,#3930);
#3928 = CARTESIAN_POINT('',(2.329644660941,-12.49,3.399644660941));
#3929 = DIRECTION('',(0.707106781187,0.,-0.707106781187));
#3930 = DIRECTION('',(-0.707106781187,0.,-0.707106781187));
#3931 = ADVANCED_FACE('',(#3932),#3950,.T.);
#3932 = FACE_BOUND('',#3933,.T.);
#3933 = EDGE_LOOP('',(#3934,#3941,#3942,#3949));
#3934 = ORIENTED_EDGE('',*,*,#3935,.F.);
#3935 = EDGE_CURVE('',#3328,#3536,#3936,.T.);
#3936 = CIRCLE('',#3937,5.E-02);
#3937 = AXIS2_PLACEMENT_3D('',#3938,#3939,#3940);
#3938 = CARTESIAN_POINT('',(5.65,-12.49,-7.928932188134E-02));
#3939 = DIRECTION('',(1.301042606983E-14,0.,-1.));
#3940 = DIRECTION('',(-1.,0.,-1.301042606983E-14));
#3941 = ORIENTED_EDGE('',*,*,#3360,.F.);
#3942 = ORIENTED_EDGE('',*,*,#3943,.F.);
#3943 = EDGE_CURVE('',#3538,#3353,#3944,.T.);
#3944 = CIRCLE('',#3945,5.E-02);
#3945 = AXIS2_PLACEMENT_3D('',#3946,#3947,#3948);
#3946 = CARTESIAN_POINT('',(5.65,-12.49,7.928932188134E-02));
#3947 = DIRECTION('',(0.,-1.409462824231E-14,1.));
#3948 = DIRECTION('',(0.,-1.,-1.409462824231E-14));
#3949 = ORIENTED_EDGE('',*,*,#3535,.F.);
#3950 = CYLINDRICAL_SURFACE('',#3951,5.E-02);
#3951 = AXIS2_PLACEMENT_3D('',#3952,#3953,#3954);
#3952 = CARTESIAN_POINT('',(5.65,-12.49,0.3));
#3953 = DIRECTION('',(0.,0.,1.));
#3954 = DIRECTION('',(1.,0.,-0.));
#3955 = ADVANCED_FACE('',(#3956),#3968,.T.);
#3956 = FACE_BOUND('',#3957,.T.);
#3957 = EDGE_LOOP('',(#3958,#3959,#3960,#3967));
#3958 = ORIENTED_EDGE('',*,*,#3848,.T.);
#3959 = ORIENTED_EDGE('',*,*,#3327,.F.);
#3960 = ORIENTED_EDGE('',*,*,#3961,.F.);
#3961 = EDGE_CURVE('',#3594,#3328,#3962,.T.);
#3962 = CIRCLE('',#3963,5.E-02);
#3963 = AXIS2_PLACEMENT_3D('',#3964,#3965,#3966);
#3964 = CARTESIAN_POINT('',(5.65,-12.49,-7.928932188134E-02));
#3965 = DIRECTION('',(0.707106781187,9.583083854271E-15,0.707106781187)
  );
#3966 = DIRECTION('',(0.707106781187,7.88860905221E-30,-0.707106781187)
  );
#3967 = ORIENTED_EDGE('',*,*,#3593,.F.);
#3968 = CYLINDRICAL_SURFACE('',#3969,5.E-02);
#3969 = AXIS2_PLACEMENT_3D('',#3970,#3971,#3972);
#3970 = CARTESIAN_POINT('',(2.629644660941,-12.49,-3.099644660941));
#3971 = DIRECTION('',(0.707106781187,0.,0.707106781187));
#3972 = DIRECTION('',(0.707106781187,0.,-0.707106781187));
#3973 = ADVANCED_FACE('',(#3974),#3986,.T.);
#3974 = FACE_BOUND('',#3975,.T.);
#3975 = EDGE_LOOP('',(#3976,#3977,#3978,#3985));
#3976 = ORIENTED_EDGE('',*,*,#3840,.T.);
#3977 = ORIENTED_EDGE('',*,*,#3585,.F.);
#3978 = ORIENTED_EDGE('',*,*,#3979,.F.);
#3979 = EDGE_CURVE('',#3427,#3578,#3980,.T.);
#3980 = CIRCLE('',#3981,5.E-02);
#3981 = AXIS2_PLACEMENT_3D('',#3982,#3983,#3984);
#3982 = CARTESIAN_POINT('',(5.479289321881,-12.79,-0.25));
#3983 = DIRECTION('',(0.,-1.,0.));
#3984 = DIRECTION('',(0.,0.,-1.));
#3985 = ORIENTED_EDGE('',*,*,#3426,.F.);
#3986 = CYLINDRICAL_SURFACE('',#3987,5.E-02);
#3987 = AXIS2_PLACEMENT_3D('',#3988,#3989,#3990);
#3988 = CARTESIAN_POINT('',(5.479289321881,-12.44,-0.25));
#3989 = DIRECTION('',(0.,1.,1.355252715607E-16));
#3990 = DIRECTION('',(0.,-1.355252715607E-16,1.));
#3991 = ADVANCED_FACE('',(#3992),#4004,.T.);
#3992 = FACE_BOUND('',#3993,.T.);
#3993 = EDGE_LOOP('',(#3994,#3995,#3996,#4003));
#3994 = ORIENTED_EDGE('',*,*,#3865,.T.);
#3995 = ORIENTED_EDGE('',*,*,#3434,.F.);
#3996 = ORIENTED_EDGE('',*,*,#3997,.F.);
#3997 = EDGE_CURVE('',#3450,#3427,#3998,.T.);
#3998 = CIRCLE('',#3999,5.E-02);
#3999 = AXIS2_PLACEMENT_3D('',#4000,#4001,#4002);
#4000 = CARTESIAN_POINT('',(5.479289321881,-12.79,-0.25));
#4001 = DIRECTION('',(1.,0.,0.));
#4002 = DIRECTION('',(0.,0.,-1.));
#4003 = ORIENTED_EDGE('',*,*,#3449,.F.);
#4004 = CYLINDRICAL_SURFACE('',#4005,5.E-02);
#4005 = AXIS2_PLACEMENT_3D('',#4006,#4007,#4008);
#4006 = CARTESIAN_POINT('',(-0.77,-12.79,-0.25));
#4007 = DIRECTION('',(-1.,0.,0.));
#4008 = DIRECTION('',(0.,0.,1.));
#4009 = ADVANCED_FACE('',(#4010),#4021,.T.);
#4010 = FACE_BOUND('',#4011,.T.);
#4011 = EDGE_LOOP('',(#4012,#4013,#4014));
#4012 = ORIENTED_EDGE('',*,*,#3901,.T.);
#4013 = ORIENTED_EDGE('',*,*,#3883,.T.);
#4014 = ORIENTED_EDGE('',*,*,#4015,.F.);
#4015 = EDGE_CURVE('',#3618,#3474,#4016,.T.);
#4016 = CIRCLE('',#4017,5.E-02);
#4017 = AXIS2_PLACEMENT_3D('',#4018,#4019,#4020);
#4018 = CARTESIAN_POINT('',(5.479289321881,-12.79,0.25));
#4019 = DIRECTION('',(0.707106781187,0.,-0.707106781187));
#4020 = DIRECTION('',(0.707106781187,0.,0.707106781187));
#4021 = SPHERICAL_SURFACE('',#4022,5.E-02);
#4022 = AXIS2_PLACEMENT_3D('',#4023,#4024,#4025);
#4023 = CARTESIAN_POINT('',(5.479289321881,-12.79,0.25));
#4024 = DIRECTION('',(0.,1.,0.));
#4025 = DIRECTION('',(1.,0.,0.));
#4026 = ADVANCED_FACE('',(#4027),#4038,.T.);
#4027 = FACE_BOUND('',#4028,.T.);
#4028 = EDGE_LOOP('',(#4029,#4030,#4031));
#4029 = ORIENTED_EDGE('',*,*,#3943,.T.);
#4030 = ORIENTED_EDGE('',*,*,#3919,.T.);
#4031 = ORIENTED_EDGE('',*,*,#4032,.F.);
#4032 = EDGE_CURVE('',#3538,#3634,#4033,.T.);
#4033 = CIRCLE('',#4034,5.E-02);
#4034 = AXIS2_PLACEMENT_3D('',#4035,#4036,#4037);
#4035 = CARTESIAN_POINT('',(5.65,-12.49,7.928932188134E-02));
#4036 = DIRECTION('',(0.,-1.,0.));
#4037 = DIRECTION('',(0.,0.,1.));
#4038 = SPHERICAL_SURFACE('',#4039,5.E-02);
#4039 = AXIS2_PLACEMENT_3D('',#4040,#4041,#4042);
#4040 = CARTESIAN_POINT('',(5.65,-12.49,7.928932188134E-02));
#4041 = DIRECTION('',(0.,1.,0.));
#4042 = DIRECTION('',(1.,0.,0.));
#4043 = ADVANCED_FACE('',(#4044),#4055,.T.);
#4044 = FACE_BOUND('',#4045,.T.);
#4045 = EDGE_LOOP('',(#4046,#4047,#4048));
#4046 = ORIENTED_EDGE('',*,*,#3961,.T.);
#4047 = ORIENTED_EDGE('',*,*,#3935,.T.);
#4048 = ORIENTED_EDGE('',*,*,#4049,.F.);
#4049 = EDGE_CURVE('',#3594,#3536,#4050,.T.);
#4050 = CIRCLE('',#4051,5.E-02);
#4051 = AXIS2_PLACEMENT_3D('',#4052,#4053,#4054);
#4052 = CARTESIAN_POINT('',(5.65,-12.49,-7.928932188134E-02));
#4053 = DIRECTION('',(0.,-1.,0.));
#4054 = DIRECTION('',(0.,0.,1.));
#4055 = SPHERICAL_SURFACE('',#4056,5.E-02);
#4056 = AXIS2_PLACEMENT_3D('',#4057,#4058,#4059);
#4057 = CARTESIAN_POINT('',(5.65,-12.49,-7.928932188134E-02));
#4058 = DIRECTION('',(0.,1.,0.));
#4059 = DIRECTION('',(1.,0.,0.));
#4060 = ADVANCED_FACE('',(#4061),#4072,.T.);
#4061 = FACE_BOUND('',#4062,.T.);
#4062 = EDGE_LOOP('',(#4063,#4064,#4065));
#4063 = ORIENTED_EDGE('',*,*,#3997,.T.);
#4064 = ORIENTED_EDGE('',*,*,#3979,.T.);
#4065 = ORIENTED_EDGE('',*,*,#4066,.F.);
#4066 = EDGE_CURVE('',#3450,#3578,#4067,.T.);
#4067 = CIRCLE('',#4068,5.E-02);
#4068 = AXIS2_PLACEMENT_3D('',#4069,#4070,#4071);
#4069 = CARTESIAN_POINT('',(5.479289321881,-12.79,-0.25));
#4070 = DIRECTION('',(0.707106781187,-6.899820375075E-15,0.707106781187)
  );
#4071 = DIRECTION('',(-0.707106781187,4.338734978716E-30,0.707106781187)
  );
#4072 = SPHERICAL_SURFACE('',#4073,5.E-02);
#4073 = AXIS2_PLACEMENT_3D('',#4074,#4075,#4076);
#4074 = CARTESIAN_POINT('',(5.479289321881,-12.79,-0.25));
#4075 = DIRECTION('',(0.,1.,0.));
#4076 = DIRECTION('',(1.,0.,0.));
#4077 = ADVANCED_FACE('',(#4078),#4090,.T.);
#4078 = FACE_BOUND('',#4079,.T.);
#4079 = EDGE_LOOP('',(#4080,#4081,#4082,#4089));
#4080 = ORIENTED_EDGE('',*,*,#4015,.T.);
#4081 = ORIENTED_EDGE('',*,*,#3473,.F.);
#4082 = ORIENTED_EDGE('',*,*,#4083,.F.);
#4083 = EDGE_CURVE('',#3626,#3466,#4084,.T.);
#4084 = CIRCLE('',#4085,5.E-02);
#4085 = AXIS2_PLACEMENT_3D('',#4086,#4087,#4088);
#4086 = CARTESIAN_POINT('',(5.65,-12.79,7.928932188134E-02));
#4087 = DIRECTION('',(0.707106781187,-1.686622758352E-14,-0.707106781187
    ));
#4088 = DIRECTION('',(-0.707106781187,-7.88860905221E-30,-0.707106781187
    ));
#4089 = ORIENTED_EDGE('',*,*,#3625,.F.);
#4090 = CYLINDRICAL_SURFACE('',#4091,5.E-02);
#4091 = AXIS2_PLACEMENT_3D('',#4092,#4093,#4094);
#4092 = CARTESIAN_POINT('',(2.329644660941,-12.79,3.399644660941));
#4093 = DIRECTION('',(0.707106781187,0.,-0.707106781187));
#4094 = DIRECTION('',(-0.707106781187,0.,-0.707106781187));
#4095 = ADVANCED_FACE('',(#4096),#4108,.T.);
#4096 = FACE_BOUND('',#4097,.T.);
#4097 = EDGE_LOOP('',(#4098,#4099,#4100,#4107));
#4098 = ORIENTED_EDGE('',*,*,#4032,.T.);
#4099 = ORIENTED_EDGE('',*,*,#3633,.F.);
#4100 = ORIENTED_EDGE('',*,*,#4101,.F.);
#4101 = EDGE_CURVE('',#3546,#3626,#4102,.T.);
#4102 = CIRCLE('',#4103,5.E-02);
#4103 = AXIS2_PLACEMENT_3D('',#4104,#4105,#4106);
#4104 = CARTESIAN_POINT('',(5.65,-12.79,7.928932188134E-02));
#4105 = DIRECTION('',(0.,-1.,0.));
#4106 = DIRECTION('',(0.,0.,-1.));
#4107 = ORIENTED_EDGE('',*,*,#3545,.F.);
#4108 = CYLINDRICAL_SURFACE('',#4109,5.E-02);
#4109 = AXIS2_PLACEMENT_3D('',#4110,#4111,#4112);
#4110 = CARTESIAN_POINT('',(5.65,-1.074570687983E-17,7.928932188135E-02)
  );
#4111 = DIRECTION('',(0.,1.,1.355252715607E-16));
#4112 = DIRECTION('',(0.,-1.355252715607E-16,1.));
#4113 = ADVANCED_FACE('',(#4114),#4126,.T.);
#4114 = FACE_BOUND('',#4115,.T.);
#4115 = EDGE_LOOP('',(#4116,#4117,#4118,#4125));
#4116 = ORIENTED_EDGE('',*,*,#4049,.T.);
#4117 = ORIENTED_EDGE('',*,*,#3561,.F.);
#4118 = ORIENTED_EDGE('',*,*,#4119,.F.);
#4119 = EDGE_CURVE('',#3576,#3554,#4120,.T.);
#4120 = CIRCLE('',#4121,5.E-02);
#4121 = AXIS2_PLACEMENT_3D('',#4122,#4123,#4124);
#4122 = CARTESIAN_POINT('',(5.65,-12.79,-7.928932188134E-02));
#4123 = DIRECTION('',(0.,-1.,0.));
#4124 = DIRECTION('',(0.,0.,-1.));
#4125 = ORIENTED_EDGE('',*,*,#3601,.F.);
#4126 = CYLINDRICAL_SURFACE('',#4127,5.E-02);
#4127 = AXIS2_PLACEMENT_3D('',#4128,#4129,#4130);
#4128 = CARTESIAN_POINT('',(5.65,1.074570687983E-17,-7.928932188134E-02)
  );
#4129 = DIRECTION('',(-0.,1.,1.355252715607E-16));
#4130 = DIRECTION('',(0.,-1.355252715607E-16,1.));
#4131 = ADVANCED_FACE('',(#4132),#4144,.T.);
#4132 = FACE_BOUND('',#4133,.T.);
#4133 = EDGE_LOOP('',(#4134,#4135,#4136,#4143));
#4134 = ORIENTED_EDGE('',*,*,#4066,.T.);
#4135 = ORIENTED_EDGE('',*,*,#3575,.F.);
#4136 = ORIENTED_EDGE('',*,*,#4137,.F.);
#4137 = EDGE_CURVE('',#3458,#3576,#4138,.T.);
#4138 = CIRCLE('',#4139,5.E-02);
#4139 = AXIS2_PLACEMENT_3D('',#4140,#4141,#4142);
#4140 = CARTESIAN_POINT('',(5.65,-12.79,-7.928932188134E-02));
#4141 = DIRECTION('',(0.707106781187,0.,0.707106781187));
#4142 = DIRECTION('',(0.707106781187,0.,-0.707106781187));
#4143 = ORIENTED_EDGE('',*,*,#3457,.F.);
#4144 = CYLINDRICAL_SURFACE('',#4145,5.E-02);
#4145 = AXIS2_PLACEMENT_3D('',#4146,#4147,#4148);
#4146 = CARTESIAN_POINT('',(2.629644660941,-12.79,-3.099644660941));
#4147 = DIRECTION('',(0.707106781187,0.,0.707106781187));
#4148 = DIRECTION('',(0.707106781187,0.,-0.707106781187));
#4149 = ADVANCED_FACE('',(#4150),#4161,.T.);
#4150 = FACE_BOUND('',#4151,.T.);
#4151 = EDGE_LOOP('',(#4152,#4153,#4154));
#4152 = ORIENTED_EDGE('',*,*,#4101,.T.);
#4153 = ORIENTED_EDGE('',*,*,#4083,.T.);
#4154 = ORIENTED_EDGE('',*,*,#4155,.F.);
#4155 = EDGE_CURVE('',#3546,#3466,#4156,.T.);
#4156 = CIRCLE('',#4157,5.E-02);
#4157 = AXIS2_PLACEMENT_3D('',#4158,#4159,#4160);
#4158 = CARTESIAN_POINT('',(5.65,-12.79,7.928932188135E-02));
#4159 = DIRECTION('',(-2.385244779468E-14,-0.,-1.));
#4160 = DIRECTION('',(1.,0.,-2.385244779468E-14));
#4161 = SPHERICAL_SURFACE('',#4162,5.E-02);
#4162 = AXIS2_PLACEMENT_3D('',#4163,#4164,#4165);
#4163 = CARTESIAN_POINT('',(5.65,-12.79,7.928932188134E-02));
#4164 = DIRECTION('',(0.,1.,0.));
#4165 = DIRECTION('',(1.,0.,0.));
#4166 = ADVANCED_FACE('',(#4167),#4178,.T.);
#4167 = FACE_BOUND('',#4168,.T.);
#4168 = EDGE_LOOP('',(#4169,#4170,#4171));
#4169 = ORIENTED_EDGE('',*,*,#4137,.T.);
#4170 = ORIENTED_EDGE('',*,*,#4119,.T.);
#4171 = ORIENTED_EDGE('',*,*,#4172,.F.);
#4172 = EDGE_CURVE('',#3458,#3554,#4173,.T.);
#4173 = CIRCLE('',#4174,5.E-02);
#4174 = AXIS2_PLACEMENT_3D('',#4175,#4176,#4177);
#4175 = CARTESIAN_POINT('',(5.65,-12.79,-7.928932188134E-02));
#4176 = DIRECTION('',(0.,-1.219727444046E-14,1.));
#4177 = DIRECTION('',(0.,1.,1.219727444046E-14));
#4178 = SPHERICAL_SURFACE('',#4179,5.E-02);
#4179 = AXIS2_PLACEMENT_3D('',#4180,#4181,#4182);
#4180 = CARTESIAN_POINT('',(5.65,-12.79,-7.928932188134E-02));
#4181 = DIRECTION('',(0.,1.,0.));
#4182 = DIRECTION('',(1.,0.,0.));
#4183 = ADVANCED_FACE('',(#4184),#4190,.T.);
#4184 = FACE_BOUND('',#4185,.T.);
#4185 = EDGE_LOOP('',(#4186,#4187,#4188,#4189));
#4186 = ORIENTED_EDGE('',*,*,#4155,.T.);
#4187 = ORIENTED_EDGE('',*,*,#3465,.F.);
#4188 = ORIENTED_EDGE('',*,*,#4172,.T.);
#4189 = ORIENTED_EDGE('',*,*,#3553,.F.);
#4190 = CYLINDRICAL_SURFACE('',#4191,5.E-02);
#4191 = AXIS2_PLACEMENT_3D('',#4192,#4193,#4194);
#4192 = CARTESIAN_POINT('',(5.65,-12.79,0.));
#4193 = DIRECTION('',(0.,0.,-1.));
#4194 = DIRECTION('',(-1.,0.,0.));
#4195 = MANIFOLD_SOLID_BREP('',#4196);
#4196 = CLOSED_SHELL('',(#4197,#4237,#4277,#4310,#4343,#4417,#4464,#4538
    ,#4585,#4625,#4665,#4705,#4745,#4763,#4781,#4799,#4817,#4835,#4853,
    #4871,#4889,#4907,#4930,#4953,#4971,#4989,#5007,#5025,#5049,#5067,
    #5085,#5103,#5120,#5137,#5154,#5171,#5189,#5207,#5225,#5243,#5260,
    #5277));
#4197 = ADVANCED_FACE('',(#4198),#4232,.F.);
#4198 = FACE_BOUND('',#4199,.T.);
#4199 = EDGE_LOOP('',(#4200,#4210,#4218,#4226));
#4200 = ORIENTED_EDGE('',*,*,#4201,.F.);
#4201 = EDGE_CURVE('',#4202,#4204,#4206,.T.);
#4202 = VERTEX_POINT('',#4203);
#4203 = CARTESIAN_POINT('',(1.07,-9.6,0.25));
#4204 = VERTEX_POINT('',#4205);
#4205 = CARTESIAN_POINT('',(1.07,-9.6,-0.25));
#4206 = LINE('',#4207,#4208);
#4207 = CARTESIAN_POINT('',(1.07,-9.6,0.3));
#4208 = VECTOR('',#4209,1.);
#4209 = DIRECTION('',(0.,-0.,-1.));
#4210 = ORIENTED_EDGE('',*,*,#4211,.T.);
#4211 = EDGE_CURVE('',#4202,#4212,#4214,.T.);
#4212 = VERTEX_POINT('',#4213);
#4213 = CARTESIAN_POINT('',(1.07,-8.1,0.25));
#4214 = LINE('',#4215,#4216);
#4215 = CARTESIAN_POINT('',(1.07,-8.1,0.25));
#4216 = VECTOR('',#4217,1.);
#4217 = DIRECTION('',(-1.445602896647E-16,1.,-0.));
#4218 = ORIENTED_EDGE('',*,*,#4219,.T.);
#4219 = EDGE_CURVE('',#4212,#4220,#4222,.T.);
#4220 = VERTEX_POINT('',#4221);
#4221 = CARTESIAN_POINT('',(1.07,-8.1,-0.25));
#4222 = LINE('',#4223,#4224);
#4223 = CARTESIAN_POINT('',(1.07,-8.1,0.3));
#4224 = VECTOR('',#4225,1.);
#4225 = DIRECTION('',(0.,-0.,-1.));
#4226 = ORIENTED_EDGE('',*,*,#4227,.T.);
#4227 = EDGE_CURVE('',#4220,#4204,#4228,.T.);
#4228 = LINE('',#4229,#4230);
#4229 = CARTESIAN_POINT('',(1.07,-9.6,-0.25));
#4230 = VECTOR('',#4231,1.);
#4231 = DIRECTION('',(1.445602896647E-16,-1.,-1.355252715607E-16));
#4232 = PLANE('',#4233);
#4233 = AXIS2_PLACEMENT_3D('',#4234,#4235,#4236);
#4234 = CARTESIAN_POINT('',(1.07,-9.6,0.3));
#4235 = DIRECTION('',(1.,1.445602896647E-16,0.));
#4236 = DIRECTION('',(-1.445602896647E-16,1.,0.));
#4237 = ADVANCED_FACE('',(#4238),#4272,.F.);
#4238 = FACE_BOUND('',#4239,.T.);
#4239 = EDGE_LOOP('',(#4240,#4250,#4258,#4266));
#4240 = ORIENTED_EDGE('',*,*,#4241,.F.);
#4241 = EDGE_CURVE('',#4242,#4244,#4246,.T.);
#4242 = VERTEX_POINT('',#4243);
#4243 = CARTESIAN_POINT('',(1.47,-9.6,-0.25));
#4244 = VERTEX_POINT('',#4245);
#4245 = CARTESIAN_POINT('',(1.47,-9.6,0.25));
#4246 = LINE('',#4247,#4248);
#4247 = CARTESIAN_POINT('',(1.47,-9.6,0.3));
#4248 = VECTOR('',#4249,1.);
#4249 = DIRECTION('',(0.,0.,1.));
#4250 = ORIENTED_EDGE('',*,*,#4251,.T.);
#4251 = EDGE_CURVE('',#4242,#4252,#4254,.T.);
#4252 = VERTEX_POINT('',#4253);
#4253 = CARTESIAN_POINT('',(1.47,-8.1,-0.25));
#4254 = LINE('',#4255,#4256);
#4255 = CARTESIAN_POINT('',(1.47,-8.1,-0.25));
#4256 = VECTOR('',#4257,1.);
#4257 = DIRECTION('',(-1.445602896647E-16,1.,1.355252715607E-16));
#4258 = ORIENTED_EDGE('',*,*,#4259,.T.);
#4259 = EDGE_CURVE('',#4252,#4260,#4262,.T.);
#4260 = VERTEX_POINT('',#4261);
#4261 = CARTESIAN_POINT('',(1.47,-8.1,0.25));
#4262 = LINE('',#4263,#4264);
#4263 = CARTESIAN_POINT('',(1.47,-8.1,0.3));
#4264 = VECTOR('',#4265,1.);
#4265 = DIRECTION('',(0.,0.,1.));
#4266 = ORIENTED_EDGE('',*,*,#4267,.T.);
#4267 = EDGE_CURVE('',#4260,#4244,#4268,.T.);
#4268 = LINE('',#4269,#4270);
#4269 = CARTESIAN_POINT('',(1.47,-9.6,0.25));
#4270 = VECTOR('',#4271,1.);
#4271 = DIRECTION('',(1.445602896647E-16,-1.,-0.));
#4272 = PLANE('',#4273);
#4273 = AXIS2_PLACEMENT_3D('',#4274,#4275,#4276);
#4274 = CARTESIAN_POINT('',(1.47,-9.6,0.3));
#4275 = DIRECTION('',(-1.,-1.445602896647E-16,0.));
#4276 = DIRECTION('',(1.445602896647E-16,-1.,0.));
#4277 = ADVANCED_FACE('',(#4278),#4305,.T.);
#4278 = FACE_BOUND('',#4279,.T.);
#4279 = EDGE_LOOP('',(#4280,#4290,#4297,#4298));
#4280 = ORIENTED_EDGE('',*,*,#4281,.F.);
#4281 = EDGE_CURVE('',#4282,#4284,#4286,.T.);
#4282 = VERTEX_POINT('',#4283);
#4283 = CARTESIAN_POINT('',(1.77,-10.3,0.25));
#4284 = VERTEX_POINT('',#4285);
#4285 = CARTESIAN_POINT('',(1.77,-10.3,-0.25));
#4286 = LINE('',#4287,#4288);
#4287 = CARTESIAN_POINT('',(1.77,-10.3,0.3));
#4288 = VECTOR('',#4289,1.);
#4289 = DIRECTION('',(0.,0.,-1.));
#4290 = ORIENTED_EDGE('',*,*,#4291,.T.);
#4291 = EDGE_CURVE('',#4282,#4202,#4292,.T.);
#4292 = CIRCLE('',#4293,0.7);
#4293 = AXIS2_PLACEMENT_3D('',#4294,#4295,#4296);
#4294 = CARTESIAN_POINT('',(1.77,-9.6,0.25));
#4295 = DIRECTION('',(0.,0.,-1.));
#4296 = DIRECTION('',(1.,0.,0.));
#4297 = ORIENTED_EDGE('',*,*,#4201,.T.);
#4298 = ORIENTED_EDGE('',*,*,#4299,.T.);
#4299 = EDGE_CURVE('',#4204,#4284,#4300,.T.);
#4300 = CIRCLE('',#4301,0.7);
#4301 = AXIS2_PLACEMENT_3D('',#4302,#4303,#4304);
#4302 = CARTESIAN_POINT('',(1.77,-9.6,-0.25));
#4303 = DIRECTION('',(0.,-1.355252715607E-16,1.));
#4304 = DIRECTION('',(0.,1.,1.355252715607E-16));
#4305 = CYLINDRICAL_SURFACE('',#4306,0.7);
#4306 = AXIS2_PLACEMENT_3D('',#4307,#4308,#4309);
#4307 = CARTESIAN_POINT('',(1.77,-9.6,0.));
#4308 = DIRECTION('',(-0.,-0.,-1.));
#4309 = DIRECTION('',(-1.,0.,0.));
#4310 = ADVANCED_FACE('',(#4311),#4338,.F.);
#4311 = FACE_BOUND('',#4312,.F.);
#4312 = EDGE_LOOP('',(#4313,#4322,#4323,#4332));
#4313 = ORIENTED_EDGE('',*,*,#4314,.F.);
#4314 = EDGE_CURVE('',#4244,#4315,#4317,.T.);
#4315 = VERTEX_POINT('',#4316);
#4316 = CARTESIAN_POINT('',(1.77,-9.9,0.25));
#4317 = CIRCLE('',#4318,0.3);
#4318 = AXIS2_PLACEMENT_3D('',#4319,#4320,#4321);
#4319 = CARTESIAN_POINT('',(1.77,-9.6,0.25));
#4320 = DIRECTION('',(0.,0.,1.));
#4321 = DIRECTION('',(1.,0.,-0.));
#4322 = ORIENTED_EDGE('',*,*,#4241,.F.);
#4323 = ORIENTED_EDGE('',*,*,#4324,.F.);
#4324 = EDGE_CURVE('',#4325,#4242,#4327,.T.);
#4325 = VERTEX_POINT('',#4326);
#4326 = CARTESIAN_POINT('',(1.77,-9.9,-0.25));
#4327 = CIRCLE('',#4328,0.3);
#4328 = AXIS2_PLACEMENT_3D('',#4329,#4330,#4331);
#4329 = CARTESIAN_POINT('',(1.77,-9.6,-0.25));
#4330 = DIRECTION('',(0.,1.355252715607E-16,-1.));
#4331 = DIRECTION('',(0.,1.,1.355252715607E-16));
#4332 = ORIENTED_EDGE('',*,*,#4333,.T.);
#4333 = EDGE_CURVE('',#4325,#4315,#4334,.T.);
#4334 = LINE('',#4335,#4336);
#4335 = CARTESIAN_POINT('',(1.77,-9.9,0.3));
#4336 = VECTOR('',#4337,1.);
#4337 = DIRECTION('',(-0.,-0.,1.));
#4338 = CYLINDRICAL_SURFACE('',#4339,0.3);
#4339 = AXIS2_PLACEMENT_3D('',#4340,#4341,#4342);
#4340 = CARTESIAN_POINT('',(1.77,-9.6,0.));
#4341 = DIRECTION('',(-0.,-0.,-1.));
#4342 = DIRECTION('',(-1.,0.,0.));
#4343 = ADVANCED_FACE('',(#4344),#4412,.T.);
#4344 = FACE_BOUND('',#4345,.T.);
#4345 = EDGE_LOOP('',(#4346,#4356,#4364,#4373,#4381,#4389,#4397,#4406));
#4346 = ORIENTED_EDGE('',*,*,#4347,.T.);
#4347 = EDGE_CURVE('',#4348,#4350,#4352,.T.);
#4348 = VERTEX_POINT('',#4349);
#4349 = CARTESIAN_POINT('',(1.12,-8.1,-0.3));
#4350 = VERTEX_POINT('',#4351);
#4351 = CARTESIAN_POINT('',(1.42,-8.1,-0.3));
#4352 = LINE('',#4353,#4354);
#4353 = CARTESIAN_POINT('',(1.47,-8.1,-0.3));
#4354 = VECTOR('',#4355,1.);
#4355 = DIRECTION('',(1.,-1.392757777032E-14,1.355252715607E-16));
#4356 = ORIENTED_EDGE('',*,*,#4357,.T.);
#4357 = EDGE_CURVE('',#4350,#4358,#4360,.T.);
#4358 = VERTEX_POINT('',#4359);
#4359 = CARTESIAN_POINT('',(1.42,-9.6,-0.3));
#4360 = LINE('',#4361,#4362);
#4361 = CARTESIAN_POINT('',(1.42,-9.6,-0.3));
#4362 = VECTOR('',#4363,1.);
#4363 = DIRECTION('',(1.445602896647E-16,-1.,-1.355252715607E-16));
#4364 = ORIENTED_EDGE('',*,*,#4365,.T.);
#4365 = EDGE_CURVE('',#4358,#4366,#4368,.T.);
#4366 = VERTEX_POINT('',#4367);
#4367 = CARTESIAN_POINT('',(1.77,-9.95,-0.3));
#4368 = CIRCLE('',#4369,0.35);
#4369 = AXIS2_PLACEMENT_3D('',#4370,#4371,#4372);
#4370 = CARTESIAN_POINT('',(1.77,-9.6,-0.3));
#4371 = DIRECTION('',(0.,-1.355252715607E-16,1.));
#4372 = DIRECTION('',(6.195440985631E-16,1.,1.355252715607E-16));
#4373 = ORIENTED_EDGE('',*,*,#4374,.T.);
#4374 = EDGE_CURVE('',#4366,#4375,#4377,.T.);
#4375 = VERTEX_POINT('',#4376);
#4376 = CARTESIAN_POINT('',(5.479289321881,-9.95,-0.3));
#4377 = LINE('',#4378,#4379);
#4378 = CARTESIAN_POINT('',(1.77,-9.95,-0.3));
#4379 = VECTOR('',#4380,1.);
#4380 = DIRECTION('',(1.,-0.,0.));
#4381 = ORIENTED_EDGE('',*,*,#4382,.T.);
#4382 = EDGE_CURVE('',#4375,#4383,#4385,.T.);
#4383 = VERTEX_POINT('',#4384);
#4384 = CARTESIAN_POINT('',(5.479289321881,-10.25,-0.3));
#4385 = LINE('',#4386,#4387);
#4386 = CARTESIAN_POINT('',(5.479289321881,-9.9,-0.3));
#4387 = VECTOR('',#4388,1.);
#4388 = DIRECTION('',(-1.743152798421E-32,-1.,-1.355252715607E-16));
#4389 = ORIENTED_EDGE('',*,*,#4390,.T.);
#4390 = EDGE_CURVE('',#4383,#4391,#4393,.T.);
#4391 = VERTEX_POINT('',#4392);
#4392 = CARTESIAN_POINT('',(1.77,-10.25,-0.3));
#4393 = LINE('',#4394,#4395);
#4394 = CARTESIAN_POINT('',(1.77,-10.25,-0.3));
#4395 = VECTOR('',#4396,1.);
#4396 = DIRECTION('',(-1.,-0.,-0.));
#4397 = ORIENTED_EDGE('',*,*,#4398,.T.);
#4398 = EDGE_CURVE('',#4391,#4399,#4401,.T.);
#4399 = VERTEX_POINT('',#4400);
#4400 = CARTESIAN_POINT('',(1.12,-9.6,-0.3));
#4401 = CIRCLE('',#4402,0.65);
#4402 = AXIS2_PLACEMENT_3D('',#4403,#4404,#4405);
#4403 = CARTESIAN_POINT('',(1.77,-9.6,-0.3));
#4404 = DIRECTION('',(0.,1.355252715607E-16,-1.));
#4405 = DIRECTION('',(0.,1.,1.355252715607E-16));
#4406 = ORIENTED_EDGE('',*,*,#4407,.T.);
#4407 = EDGE_CURVE('',#4399,#4348,#4408,.T.);
#4408 = LINE('',#4409,#4410);
#4409 = CARTESIAN_POINT('',(1.12,-8.1,-0.3));
#4410 = VECTOR('',#4411,1.);
#4411 = DIRECTION('',(-1.445602896647E-16,1.,1.355252715607E-16));
#4412 = PLANE('',#4413);
#4413 = AXIS2_PLACEMENT_3D('',#4414,#4415,#4416);
#4414 = CARTESIAN_POINT('',(1.77,-9.9,-0.3));
#4415 = DIRECTION('',(0.,1.355252715607E-16,-1.));
#4416 = DIRECTION('',(0.,1.,1.355252715607E-16));
#4417 = ADVANCED_FACE('',(#4418),#4459,.T.);
#4418 = FACE_BOUND('',#4419,.T.);
#4419 = EDGE_LOOP('',(#4420,#4421,#4429,#4437,#4445,#4453));
#4420 = ORIENTED_EDGE('',*,*,#4281,.T.);
#4421 = ORIENTED_EDGE('',*,*,#4422,.T.);
#4422 = EDGE_CURVE('',#4284,#4423,#4425,.T.);
#4423 = VERTEX_POINT('',#4424);
#4424 = CARTESIAN_POINT('',(5.479289321881,-10.3,-0.25));
#4425 = LINE('',#4426,#4427);
#4426 = CARTESIAN_POINT('',(1.77,-10.3,-0.25));
#4427 = VECTOR('',#4428,1.);
#4428 = DIRECTION('',(1.,0.,0.));
#4429 = ORIENTED_EDGE('',*,*,#4430,.T.);
#4430 = EDGE_CURVE('',#4423,#4431,#4433,.T.);
#4431 = VERTEX_POINT('',#4432);
#4432 = CARTESIAN_POINT('',(5.65,-10.3,-7.928932188134E-02));
#4433 = LINE('',#4434,#4435);
#4434 = CARTESIAN_POINT('',(3.899644660941,-10.3,-1.829644660941));
#4435 = VECTOR('',#4436,1.);
#4436 = DIRECTION('',(0.707106781187,-0.,0.707106781187));
#4437 = ORIENTED_EDGE('',*,*,#4438,.T.);
#4438 = EDGE_CURVE('',#4431,#4439,#4441,.T.);
#4439 = VERTEX_POINT('',#4440);
#4440 = CARTESIAN_POINT('',(5.65,-10.3,7.928932188135E-02));
#4441 = LINE('',#4442,#4443);
#4442 = CARTESIAN_POINT('',(5.65,-10.3,0.3));
#4443 = VECTOR('',#4444,1.);
#4444 = DIRECTION('',(-0.,-0.,1.));
#4445 = ORIENTED_EDGE('',*,*,#4446,.T.);
#4446 = EDGE_CURVE('',#4439,#4447,#4449,.T.);
#4447 = VERTEX_POINT('',#4448);
#4448 = CARTESIAN_POINT('',(5.479289321881,-10.3,0.25));
#4449 = LINE('',#4450,#4451);
#4450 = CARTESIAN_POINT('',(3.599644660941,-10.3,2.129644660941));
#4451 = VECTOR('',#4452,1.);
#4452 = DIRECTION('',(-0.707106781187,-0.,0.707106781187));
#4453 = ORIENTED_EDGE('',*,*,#4454,.T.);
#4454 = EDGE_CURVE('',#4447,#4282,#4455,.T.);
#4455 = LINE('',#4456,#4457);
#4456 = CARTESIAN_POINT('',(1.77,-10.3,0.25));
#4457 = VECTOR('',#4458,1.);
#4458 = DIRECTION('',(-1.,-0.,-0.));
#4459 = PLANE('',#4460);
#4460 = AXIS2_PLACEMENT_3D('',#4461,#4462,#4463);
#4461 = CARTESIAN_POINT('',(1.77,-10.3,0.3));
#4462 = DIRECTION('',(0.,-1.,-0.));
#4463 = DIRECTION('',(0.,0.,-1.));
#4464 = ADVANCED_FACE('',(#4465),#4533,.T.);
#4465 = FACE_BOUND('',#4466,.T.);
#4466 = EDGE_LOOP('',(#4467,#4477,#4485,#4494,#4502,#4510,#4518,#4527));
#4467 = ORIENTED_EDGE('',*,*,#4468,.T.);
#4468 = EDGE_CURVE('',#4469,#4471,#4473,.T.);
#4469 = VERTEX_POINT('',#4470);
#4470 = CARTESIAN_POINT('',(1.42,-8.1,0.3));
#4471 = VERTEX_POINT('',#4472);
#4472 = CARTESIAN_POINT('',(1.12,-8.1,0.3));
#4473 = LINE('',#4474,#4475);
#4474 = CARTESIAN_POINT('',(1.47,-8.1,0.3));
#4475 = VECTOR('',#4476,1.);
#4476 = DIRECTION('',(-1.,1.392757777032E-14,0.));
#4477 = ORIENTED_EDGE('',*,*,#4478,.T.);
#4478 = EDGE_CURVE('',#4471,#4479,#4481,.T.);
#4479 = VERTEX_POINT('',#4480);
#4480 = CARTESIAN_POINT('',(1.12,-9.6,0.3));
#4481 = LINE('',#4482,#4483);
#4482 = CARTESIAN_POINT('',(1.12,-9.6,0.3));
#4483 = VECTOR('',#4484,1.);
#4484 = DIRECTION('',(1.445602896647E-16,-1.,-0.));
#4485 = ORIENTED_EDGE('',*,*,#4486,.T.);
#4486 = EDGE_CURVE('',#4479,#4487,#4489,.T.);
#4487 = VERTEX_POINT('',#4488);
#4488 = CARTESIAN_POINT('',(1.77,-10.25,0.3));
#4489 = CIRCLE('',#4490,0.65);
#4490 = AXIS2_PLACEMENT_3D('',#4491,#4492,#4493);
#4491 = CARTESIAN_POINT('',(1.77,-9.6,0.3));
#4492 = DIRECTION('',(0.,0.,1.));
#4493 = DIRECTION('',(1.,0.,-0.));
#4494 = ORIENTED_EDGE('',*,*,#4495,.T.);
#4495 = EDGE_CURVE('',#4487,#4496,#4498,.T.);
#4496 = VERTEX_POINT('',#4497);
#4497 = CARTESIAN_POINT('',(5.479289321881,-10.25,0.3));
#4498 = LINE('',#4499,#4500);
#4499 = CARTESIAN_POINT('',(1.77,-10.25,0.3));
#4500 = VECTOR('',#4501,1.);
#4501 = DIRECTION('',(1.,0.,-0.));
#4502 = ORIENTED_EDGE('',*,*,#4503,.T.);
#4503 = EDGE_CURVE('',#4496,#4504,#4506,.T.);
#4504 = VERTEX_POINT('',#4505);
#4505 = CARTESIAN_POINT('',(5.479289321881,-9.95,0.3));
#4506 = LINE('',#4507,#4508);
#4507 = CARTESIAN_POINT('',(5.479289321881,-9.9,0.3));
#4508 = VECTOR('',#4509,1.);
#4509 = DIRECTION('',(-0.,1.,-0.));
#4510 = ORIENTED_EDGE('',*,*,#4511,.T.);
#4511 = EDGE_CURVE('',#4504,#4512,#4514,.T.);
#4512 = VERTEX_POINT('',#4513);
#4513 = CARTESIAN_POINT('',(1.77,-9.95,0.3));
#4514 = LINE('',#4515,#4516);
#4515 = CARTESIAN_POINT('',(1.77,-9.95,0.3));
#4516 = VECTOR('',#4517,1.);
#4517 = DIRECTION('',(-1.,-0.,0.));
#4518 = ORIENTED_EDGE('',*,*,#4519,.T.);
#4519 = EDGE_CURVE('',#4512,#4520,#4522,.T.);
#4520 = VERTEX_POINT('',#4521);
#4521 = CARTESIAN_POINT('',(1.42,-9.6,0.3));
#4522 = CIRCLE('',#4523,0.35);
#4523 = AXIS2_PLACEMENT_3D('',#4524,#4525,#4526);
#4524 = CARTESIAN_POINT('',(1.77,-9.6,0.3));
#4525 = DIRECTION('',(0.,0.,-1.));
#4526 = DIRECTION('',(1.,0.,0.));
#4527 = ORIENTED_EDGE('',*,*,#4528,.T.);
#4528 = EDGE_CURVE('',#4520,#4469,#4529,.T.);
#4529 = LINE('',#4530,#4531);
#4530 = CARTESIAN_POINT('',(1.42,-8.1,0.3));
#4531 = VECTOR('',#4532,1.);
#4532 = DIRECTION('',(-1.445602896647E-16,1.,0.));
#4533 = PLANE('',#4534);
#4534 = AXIS2_PLACEMENT_3D('',#4535,#4536,#4537);
#4535 = CARTESIAN_POINT('',(1.77,-9.9,0.3));
#4536 = DIRECTION('',(0.,0.,1.));
#4537 = DIRECTION('',(1.,0.,-0.));
#4538 = ADVANCED_FACE('',(#4539),#4580,.T.);
#4539 = FACE_BOUND('',#4540,.T.);
#4540 = EDGE_LOOP('',(#4541,#4551,#4557,#4558,#4566,#4574));
#4541 = ORIENTED_EDGE('',*,*,#4542,.T.);
#4542 = EDGE_CURVE('',#4543,#4545,#4547,.T.);
#4543 = VERTEX_POINT('',#4544);
#4544 = CARTESIAN_POINT('',(5.65,-9.9,-7.928932188134E-02));
#4545 = VERTEX_POINT('',#4546);
#4546 = CARTESIAN_POINT('',(5.479289321881,-9.9,-0.25));
#4547 = LINE('',#4548,#4549);
#4548 = CARTESIAN_POINT('',(3.899644660941,-9.9,-1.829644660941));
#4549 = VECTOR('',#4550,1.);
#4550 = DIRECTION('',(-0.707106781187,0.,-0.707106781187));
#4551 = ORIENTED_EDGE('',*,*,#4552,.T.);
#4552 = EDGE_CURVE('',#4545,#4325,#4553,.T.);
#4553 = LINE('',#4554,#4555);
#4554 = CARTESIAN_POINT('',(1.77,-9.9,-0.25));
#4555 = VECTOR('',#4556,1.);
#4556 = DIRECTION('',(-1.,0.,-0.));
#4557 = ORIENTED_EDGE('',*,*,#4333,.T.);
#4558 = ORIENTED_EDGE('',*,*,#4559,.T.);
#4559 = EDGE_CURVE('',#4315,#4560,#4562,.T.);
#4560 = VERTEX_POINT('',#4561);
#4561 = CARTESIAN_POINT('',(5.479289321881,-9.9,0.25));
#4562 = LINE('',#4563,#4564);
#4563 = CARTESIAN_POINT('',(1.77,-9.9,0.25));
#4564 = VECTOR('',#4565,1.);
#4565 = DIRECTION('',(1.,0.,0.));
#4566 = ORIENTED_EDGE('',*,*,#4567,.T.);
#4567 = EDGE_CURVE('',#4560,#4568,#4570,.T.);
#4568 = VERTEX_POINT('',#4569);
#4569 = CARTESIAN_POINT('',(5.65,-9.9,7.928932188135E-02));
#4570 = LINE('',#4571,#4572);
#4571 = CARTESIAN_POINT('',(3.599644660941,-9.9,2.129644660941));
#4572 = VECTOR('',#4573,1.);
#4573 = DIRECTION('',(0.707106781187,-0.,-0.707106781187));
#4574 = ORIENTED_EDGE('',*,*,#4575,.T.);
#4575 = EDGE_CURVE('',#4568,#4543,#4576,.T.);
#4576 = LINE('',#4577,#4578);
#4577 = CARTESIAN_POINT('',(5.65,-9.9,0.3));
#4578 = VECTOR('',#4579,1.);
#4579 = DIRECTION('',(-0.,0.,-1.));
#4580 = PLANE('',#4581);
#4581 = AXIS2_PLACEMENT_3D('',#4582,#4583,#4584);
#4582 = CARTESIAN_POINT('',(1.77,-9.9,0.3));
#4583 = DIRECTION('',(0.,1.,0.));
#4584 = DIRECTION('',(0.,-0.,1.));
#4585 = ADVANCED_FACE('',(#4586),#4620,.F.);
#4586 = FACE_BOUND('',#4587,.T.);
#4587 = EDGE_LOOP('',(#4588,#4589,#4596,#4597,#4604,#4605,#4612,#4613));
#4588 = ORIENTED_EDGE('',*,*,#4259,.F.);
#4589 = ORIENTED_EDGE('',*,*,#4590,.T.);
#4590 = EDGE_CURVE('',#4252,#4350,#4591,.T.);
#4591 = CIRCLE('',#4592,5.E-02);
#4592 = AXIS2_PLACEMENT_3D('',#4593,#4594,#4595);
#4593 = CARTESIAN_POINT('',(1.42,-8.1,-0.25));
#4594 = DIRECTION('',(1.392757777032E-14,1.,0.));
#4595 = DIRECTION('',(1.,-1.392757777032E-14,0.));
#4596 = ORIENTED_EDGE('',*,*,#4347,.F.);
#4597 = ORIENTED_EDGE('',*,*,#4598,.T.);
#4598 = EDGE_CURVE('',#4348,#4220,#4599,.T.);
#4599 = CIRCLE('',#4600,5.E-02);
#4600 = AXIS2_PLACEMENT_3D('',#4601,#4602,#4603);
#4601 = CARTESIAN_POINT('',(1.12,-8.1,-0.25));
#4602 = DIRECTION('',(1.392757777032E-14,1.,0.));
#4603 = DIRECTION('',(1.,-1.392757777032E-14,0.));
#4604 = ORIENTED_EDGE('',*,*,#4219,.F.);
#4605 = ORIENTED_EDGE('',*,*,#4606,.T.);
#4606 = EDGE_CURVE('',#4212,#4471,#4607,.T.);
#4607 = CIRCLE('',#4608,5.E-02);
#4608 = AXIS2_PLACEMENT_3D('',#4609,#4610,#4611);
#4609 = CARTESIAN_POINT('',(1.12,-8.1,0.25));
#4610 = DIRECTION('',(1.392757777032E-14,1.,0.));
#4611 = DIRECTION('',(1.,-1.392757777032E-14,0.));
#4612 = ORIENTED_EDGE('',*,*,#4468,.F.);
#4613 = ORIENTED_EDGE('',*,*,#4614,.T.);
#4614 = EDGE_CURVE('',#4469,#4260,#4615,.T.);
#4615 = CIRCLE('',#4616,5.E-02);
#4616 = AXIS2_PLACEMENT_3D('',#4617,#4618,#4619);
#4617 = CARTESIAN_POINT('',(1.42,-8.1,0.25));
#4618 = DIRECTION('',(1.392757777032E-14,1.,0.));
#4619 = DIRECTION('',(1.,-1.392757777032E-14,0.));
#4620 = PLANE('',#4621);
#4621 = AXIS2_PLACEMENT_3D('',#4622,#4623,#4624);
#4622 = CARTESIAN_POINT('',(11.37,-8.1,0.));
#4623 = DIRECTION('',(-1.392757777032E-14,-1.,0.));
#4624 = DIRECTION('',(0.,-0.,-1.));
#4625 = ADVANCED_FACE('',(#4626),#4660,.T.);
#4626 = FACE_BOUND('',#4627,.T.);
#4627 = EDGE_LOOP('',(#4628,#4638,#4646,#4654));
#4628 = ORIENTED_EDGE('',*,*,#4629,.T.);
#4629 = EDGE_CURVE('',#4630,#4632,#4634,.T.);
#4630 = VERTEX_POINT('',#4631);
#4631 = CARTESIAN_POINT('',(5.7,-9.95,-7.928932188134E-02));
#4632 = VERTEX_POINT('',#4633);
#4633 = CARTESIAN_POINT('',(5.7,-9.95,7.928932188135E-02));
#4634 = LINE('',#4635,#4636);
#4635 = CARTESIAN_POINT('',(5.7,-9.95,0.));
#4636 = VECTOR('',#4637,1.);
#4637 = DIRECTION('',(0.,0.,1.));
#4638 = ORIENTED_EDGE('',*,*,#4639,.T.);
#4639 = EDGE_CURVE('',#4632,#4640,#4642,.T.);
#4640 = VERTEX_POINT('',#4641);
#4641 = CARTESIAN_POINT('',(5.7,-10.25,7.928932188135E-02));
#4642 = LINE('',#4643,#4644);
#4643 = CARTESIAN_POINT('',(5.7,0.,7.928932188135E-02));
#4644 = VECTOR('',#4645,1.);
#4645 = DIRECTION('',(0.,-1.,-0.));
#4646 = ORIENTED_EDGE('',*,*,#4647,.T.);
#4647 = EDGE_CURVE('',#4640,#4648,#4650,.T.);
#4648 = VERTEX_POINT('',#4649);
#4649 = CARTESIAN_POINT('',(5.7,-10.25,-7.928932188135E-02));
#4650 = LINE('',#4651,#4652);
#4651 = CARTESIAN_POINT('',(5.7,-10.25,0.));
#4652 = VECTOR('',#4653,1.);
#4653 = DIRECTION('',(0.,0.,-1.));
#4654 = ORIENTED_EDGE('',*,*,#4655,.T.);
#4655 = EDGE_CURVE('',#4648,#4630,#4656,.T.);
#4656 = LINE('',#4657,#4658);
#4657 = CARTESIAN_POINT('',(5.7,1.074570687983E-17,-7.928932188134E-02)
  );
#4658 = VECTOR('',#4659,1.);
#4659 = DIRECTION('',(-0.,1.,1.355252715607E-16));
#4660 = PLANE('',#4661);
#4661 = AXIS2_PLACEMENT_3D('',#4662,#4663,#4664);
#4662 = CARTESIAN_POINT('',(5.7,0.,0.));
#4663 = DIRECTION('',(1.,0.,0.));
#4664 = DIRECTION('',(0.,0.,-1.));
#4665 = ADVANCED_FACE('',(#4666),#4700,.F.);
#4666 = FACE_BOUND('',#4667,.T.);
#4667 = EDGE_LOOP('',(#4668,#4678,#4686,#4694));
#4668 = ORIENTED_EDGE('',*,*,#4669,.T.);
#4669 = EDGE_CURVE('',#4670,#4672,#4674,.T.);
#4670 = VERTEX_POINT('',#4671);
#4671 = CARTESIAN_POINT('',(5.514644660941,-9.95,-0.285355339059));
#4672 = VERTEX_POINT('',#4673);
#4673 = CARTESIAN_POINT('',(5.685355339059,-9.95,-0.114644660941));
#4674 = LINE('',#4675,#4676);
#4675 = CARTESIAN_POINT('',(5.7,-9.95,-1.E-01));
#4676 = VECTOR('',#4677,1.);
#4677 = DIRECTION('',(0.707106781187,-6.162975822039E-33,0.707106781187)
  );
#4678 = ORIENTED_EDGE('',*,*,#4679,.T.);
#4679 = EDGE_CURVE('',#4672,#4680,#4682,.T.);
#4680 = VERTEX_POINT('',#4681);
#4681 = CARTESIAN_POINT('',(5.685355339059,-10.25,-0.114644660941));
#4682 = LINE('',#4683,#4684);
#4683 = CARTESIAN_POINT('',(5.685355339059,1.553724880697E-17,
    -0.114644660941));
#4684 = VECTOR('',#4685,1.);
#4685 = DIRECTION('',(-3.694829935231E-47,-1.,-1.355252715607E-16));
#4686 = ORIENTED_EDGE('',*,*,#4687,.T.);
#4687 = EDGE_CURVE('',#4680,#4688,#4690,.T.);
#4688 = VERTEX_POINT('',#4689);
#4689 = CARTESIAN_POINT('',(5.514644660941,-10.25,-0.285355339059));
#4690 = LINE('',#4691,#4692);
#4691 = CARTESIAN_POINT('',(5.7,-10.25,-1.E-01));
#4692 = VECTOR('',#4693,1.);
#4693 = DIRECTION('',(-0.707106781187,6.162975822039E-33,-0.707106781187
    ));
#4694 = ORIENTED_EDGE('',*,*,#4695,.T.);
#4695 = EDGE_CURVE('',#4688,#4670,#4696,.T.);
#4696 = LINE('',#4697,#4698);
#4697 = CARTESIAN_POINT('',(5.514644660941,3.867285981731E-17,
    -0.285355339059));
#4698 = VECTOR('',#4699,1.);
#4699 = DIRECTION('',(2.465190328816E-32,1.,1.355252715607E-16));
#4700 = PLANE('',#4701);
#4701 = AXIS2_PLACEMENT_3D('',#4702,#4703,#4704);
#4702 = CARTESIAN_POINT('',(5.7,1.355252715607E-17,-1.E-01));
#4703 = DIRECTION('',(-0.707106781187,-9.583083854271E-17,0.707106781187
    ));
#4704 = DIRECTION('',(0.,1.,1.355252715607E-16));
#4705 = ADVANCED_FACE('',(#4706),#4740,.F.);
#4706 = FACE_BOUND('',#4707,.T.);
#4707 = EDGE_LOOP('',(#4708,#4718,#4726,#4734));
#4708 = ORIENTED_EDGE('',*,*,#4709,.T.);
#4709 = EDGE_CURVE('',#4710,#4712,#4714,.T.);
#4710 = VERTEX_POINT('',#4711);
#4711 = CARTESIAN_POINT('',(5.514644660941,-10.25,0.285355339059));
#4712 = VERTEX_POINT('',#4713);
#4713 = CARTESIAN_POINT('',(5.685355339059,-10.25,0.114644660941));
#4714 = LINE('',#4715,#4716);
#4715 = CARTESIAN_POINT('',(5.7,-10.25,0.1));
#4716 = VECTOR('',#4717,1.);
#4717 = DIRECTION('',(0.707106781187,-0.,-0.707106781187));
#4718 = ORIENTED_EDGE('',*,*,#4719,.T.);
#4719 = EDGE_CURVE('',#4712,#4720,#4722,.T.);
#4720 = VERTEX_POINT('',#4721);
#4721 = CARTESIAN_POINT('',(5.685355339059,-9.95,0.114644660941));
#4722 = LINE('',#4723,#4724);
#4723 = CARTESIAN_POINT('',(5.685355339059,0.,0.114644660941));
#4724 = VECTOR('',#4725,1.);
#4725 = DIRECTION('',(-0.,1.,-0.));
#4726 = ORIENTED_EDGE('',*,*,#4727,.T.);
#4727 = EDGE_CURVE('',#4720,#4728,#4730,.T.);
#4728 = VERTEX_POINT('',#4729);
#4729 = CARTESIAN_POINT('',(5.514644660941,-9.95,0.285355339059));
#4730 = LINE('',#4731,#4732);
#4731 = CARTESIAN_POINT('',(5.7,-9.95,0.1));
#4732 = VECTOR('',#4733,1.);
#4733 = DIRECTION('',(-0.707106781187,-0.,0.707106781187));
#4734 = ORIENTED_EDGE('',*,*,#4735,.T.);
#4735 = EDGE_CURVE('',#4728,#4710,#4736,.T.);
#4736 = LINE('',#4737,#4738);
#4737 = CARTESIAN_POINT('',(5.514644660941,0.,0.285355339059));
#4738 = VECTOR('',#4739,1.);
#4739 = DIRECTION('',(-0.,-1.,-0.));
#4740 = PLANE('',#4741);
#4741 = AXIS2_PLACEMENT_3D('',#4742,#4743,#4744);
#4742 = CARTESIAN_POINT('',(5.7,0.,0.1));
#4743 = DIRECTION('',(-0.707106781187,-0.,-0.707106781187));
#4744 = DIRECTION('',(0.,-1.,0.));
#4745 = ADVANCED_FACE('',(#4746),#4758,.T.);
#4746 = FACE_BOUND('',#4747,.T.);
#4747 = EDGE_LOOP('',(#4748,#4749,#4750,#4757));
#4748 = ORIENTED_EDGE('',*,*,#4598,.F.);
#4749 = ORIENTED_EDGE('',*,*,#4407,.F.);
#4750 = ORIENTED_EDGE('',*,*,#4751,.F.);
#4751 = EDGE_CURVE('',#4204,#4399,#4752,.T.);
#4752 = CIRCLE('',#4753,5.E-02);
#4753 = AXIS2_PLACEMENT_3D('',#4754,#4755,#4756);
#4754 = CARTESIAN_POINT('',(1.12,-9.6,-0.25));
#4755 = DIRECTION('',(0.,-1.,-0.));
#4756 = DIRECTION('',(0.,0.,-1.));
#4757 = ORIENTED_EDGE('',*,*,#4227,.F.);
#4758 = CYLINDRICAL_SURFACE('',#4759,5.E-02);
#4759 = AXIS2_PLACEMENT_3D('',#4760,#4761,#4762);
#4760 = CARTESIAN_POINT('',(1.12,-9.9,-0.25));
#4761 = DIRECTION('',(1.445602896647E-16,-1.,-1.355252715607E-16));
#4762 = DIRECTION('',(1.,1.445602896647E-16,1.95915725137E-32));
#4763 = ADVANCED_FACE('',(#4764),#4776,.T.);
#4764 = FACE_BOUND('',#4765,.T.);
#4765 = EDGE_LOOP('',(#4766,#4767,#4768,#4775));
#4766 = ORIENTED_EDGE('',*,*,#4606,.F.);
#4767 = ORIENTED_EDGE('',*,*,#4211,.F.);
#4768 = ORIENTED_EDGE('',*,*,#4769,.F.);
#4769 = EDGE_CURVE('',#4479,#4202,#4770,.T.);
#4770 = CIRCLE('',#4771,5.E-02);
#4771 = AXIS2_PLACEMENT_3D('',#4772,#4773,#4774);
#4772 = CARTESIAN_POINT('',(1.12,-9.6,0.25));
#4773 = DIRECTION('',(0.,-1.,0.));
#4774 = DIRECTION('',(0.,0.,-1.));
#4775 = ORIENTED_EDGE('',*,*,#4478,.F.);
#4776 = CYLINDRICAL_SURFACE('',#4777,5.E-02);
#4777 = AXIS2_PLACEMENT_3D('',#4778,#4779,#4780);
#4778 = CARTESIAN_POINT('',(1.12,-9.6,0.25));
#4779 = DIRECTION('',(1.445602896647E-16,-1.,0.));
#4780 = DIRECTION('',(1.,1.445602896647E-16,0.));
#4781 = ADVANCED_FACE('',(#4782),#4794,.T.);
#4782 = FACE_BOUND('',#4783,.T.);
#4783 = EDGE_LOOP('',(#4784,#4785,#4786,#4793));
#4784 = ORIENTED_EDGE('',*,*,#4751,.T.);
#4785 = ORIENTED_EDGE('',*,*,#4398,.F.);
#4786 = ORIENTED_EDGE('',*,*,#4787,.F.);
#4787 = EDGE_CURVE('',#4284,#4391,#4788,.T.);
#4788 = CIRCLE('',#4789,5.E-02);
#4789 = AXIS2_PLACEMENT_3D('',#4790,#4791,#4792);
#4790 = CARTESIAN_POINT('',(1.77,-10.25,-0.25));
#4791 = DIRECTION('',(1.,4.336808689942E-15,4.336808689942E-15));
#4792 = DIRECTION('',(-4.336808689942E-15,1.,-2.80259692865E-45));
#4793 = ORIENTED_EDGE('',*,*,#4299,.F.);
#4794 = TOROIDAL_SURFACE('',#4795,0.65,5.E-02);
#4795 = AXIS2_PLACEMENT_3D('',#4796,#4797,#4798);
#4796 = CARTESIAN_POINT('',(1.77,-9.6,-0.25));
#4797 = DIRECTION('',(0.,1.355252715607E-16,-1.));
#4798 = DIRECTION('',(0.,1.,1.355252715607E-16));
#4799 = ADVANCED_FACE('',(#4800),#4812,.T.);
#4800 = FACE_BOUND('',#4801,.T.);
#4801 = EDGE_LOOP('',(#4802,#4803,#4804,#4811));
#4802 = ORIENTED_EDGE('',*,*,#4769,.T.);
#4803 = ORIENTED_EDGE('',*,*,#4291,.F.);
#4804 = ORIENTED_EDGE('',*,*,#4805,.F.);
#4805 = EDGE_CURVE('',#4487,#4282,#4806,.T.);
#4806 = CIRCLE('',#4807,5.E-02);
#4807 = AXIS2_PLACEMENT_3D('',#4808,#4809,#4810);
#4808 = CARTESIAN_POINT('',(1.77,-10.25,0.25));
#4809 = DIRECTION('',(1.,0.,0.));
#4810 = DIRECTION('',(0.,-0.,-1.));
#4811 = ORIENTED_EDGE('',*,*,#4486,.F.);
#4812 = TOROIDAL_SURFACE('',#4813,0.65,5.E-02);
#4813 = AXIS2_PLACEMENT_3D('',#4814,#4815,#4816);
#4814 = CARTESIAN_POINT('',(1.77,-9.6,0.25));
#4815 = DIRECTION('',(0.,0.,1.));
#4816 = DIRECTION('',(1.,0.,-0.));
#4817 = ADVANCED_FACE('',(#4818),#4830,.T.);
#4818 = FACE_BOUND('',#4819,.T.);
#4819 = EDGE_LOOP('',(#4820,#4821,#4822,#4829));
#4820 = ORIENTED_EDGE('',*,*,#4590,.F.);
#4821 = ORIENTED_EDGE('',*,*,#4251,.F.);
#4822 = ORIENTED_EDGE('',*,*,#4823,.F.);
#4823 = EDGE_CURVE('',#4358,#4242,#4824,.T.);
#4824 = CIRCLE('',#4825,5.E-02);
#4825 = AXIS2_PLACEMENT_3D('',#4826,#4827,#4828);
#4826 = CARTESIAN_POINT('',(1.42,-9.6,-0.25));
#4827 = DIRECTION('',(0.,-1.,0.));
#4828 = DIRECTION('',(0.,0.,-1.));
#4829 = ORIENTED_EDGE('',*,*,#4357,.F.);
#4830 = CYLINDRICAL_SURFACE('',#4831,5.E-02);
#4831 = AXIS2_PLACEMENT_3D('',#4832,#4833,#4834);
#4832 = CARTESIAN_POINT('',(1.42,-9.6,-0.25));
#4833 = DIRECTION('',(1.445602896647E-16,-1.,-1.355252715607E-16));
#4834 = DIRECTION('',(1.,1.445602896647E-16,1.95915725137E-32));
#4835 = ADVANCED_FACE('',(#4836),#4848,.T.);
#4836 = FACE_BOUND('',#4837,.T.);
#4837 = EDGE_LOOP('',(#4838,#4839,#4840,#4847));
#4838 = ORIENTED_EDGE('',*,*,#4787,.T.);
#4839 = ORIENTED_EDGE('',*,*,#4390,.F.);
#4840 = ORIENTED_EDGE('',*,*,#4841,.F.);
#4841 = EDGE_CURVE('',#4423,#4383,#4842,.T.);
#4842 = CIRCLE('',#4843,5.E-02);
#4843 = AXIS2_PLACEMENT_3D('',#4844,#4845,#4846);
#4844 = CARTESIAN_POINT('',(5.479289321881,-10.25,-0.25));
#4845 = DIRECTION('',(1.,0.,1.734723475977E-14));
#4846 = DIRECTION('',(1.734723475977E-14,0.,-1.));
#4847 = ORIENTED_EDGE('',*,*,#4422,.F.);
#4848 = CYLINDRICAL_SURFACE('',#4849,5.E-02);
#4849 = AXIS2_PLACEMENT_3D('',#4850,#4851,#4852);
#4850 = CARTESIAN_POINT('',(1.77,-10.25,-0.25));
#4851 = DIRECTION('',(1.,0.,0.));
#4852 = DIRECTION('',(0.,0.,-1.));
#4853 = ADVANCED_FACE('',(#4854),#4866,.T.);
#4854 = FACE_BOUND('',#4855,.T.);
#4855 = EDGE_LOOP('',(#4856,#4857,#4858,#4865));
#4856 = ORIENTED_EDGE('',*,*,#4805,.T.);
#4857 = ORIENTED_EDGE('',*,*,#4454,.F.);
#4858 = ORIENTED_EDGE('',*,*,#4859,.F.);
#4859 = EDGE_CURVE('',#4496,#4447,#4860,.T.);
#4860 = CIRCLE('',#4861,5.E-02);
#4861 = AXIS2_PLACEMENT_3D('',#4862,#4863,#4864);
#4862 = CARTESIAN_POINT('',(5.479289321881,-10.25,0.25));
#4863 = DIRECTION('',(1.,0.,0.));
#4864 = DIRECTION('',(0.,-0.,-1.));
#4865 = ORIENTED_EDGE('',*,*,#4495,.F.);
#4866 = CYLINDRICAL_SURFACE('',#4867,5.E-02);
#4867 = AXIS2_PLACEMENT_3D('',#4868,#4869,#4870);
#4868 = CARTESIAN_POINT('',(1.77,-10.25,0.25));
#4869 = DIRECTION('',(1.,0.,0.));
#4870 = DIRECTION('',(0.,0.,-1.));
#4871 = ADVANCED_FACE('',(#4872),#4884,.T.);
#4872 = FACE_BOUND('',#4873,.T.);
#4873 = EDGE_LOOP('',(#4874,#4875,#4876,#4883));
#4874 = ORIENTED_EDGE('',*,*,#4614,.F.);
#4875 = ORIENTED_EDGE('',*,*,#4528,.F.);
#4876 = ORIENTED_EDGE('',*,*,#4877,.F.);
#4877 = EDGE_CURVE('',#4244,#4520,#4878,.T.);
#4878 = CIRCLE('',#4879,5.E-02);
#4879 = AXIS2_PLACEMENT_3D('',#4880,#4881,#4882);
#4880 = CARTESIAN_POINT('',(1.42,-9.6,0.25));
#4881 = DIRECTION('',(0.,-1.,0.));
#4882 = DIRECTION('',(0.,0.,-1.));
#4883 = ORIENTED_EDGE('',*,*,#4267,.F.);
#4884 = CYLINDRICAL_SURFACE('',#4885,5.E-02);
#4885 = AXIS2_PLACEMENT_3D('',#4886,#4887,#4888);
#4886 = CARTESIAN_POINT('',(1.42,-9.9,0.25));
#4887 = DIRECTION('',(1.445602896647E-16,-1.,0.));
#4888 = DIRECTION('',(1.,1.445602896647E-16,0.));
#4889 = ADVANCED_FACE('',(#4890),#4902,.T.);
#4890 = FACE_BOUND('',#4891,.T.);
#4891 = EDGE_LOOP('',(#4892,#4893,#4894,#4901));
#4892 = ORIENTED_EDGE('',*,*,#4823,.T.);
#4893 = ORIENTED_EDGE('',*,*,#4324,.F.);
#4894 = ORIENTED_EDGE('',*,*,#4895,.F.);
#4895 = EDGE_CURVE('',#4366,#4325,#4896,.T.);
#4896 = CIRCLE('',#4897,5.E-02);
#4897 = AXIS2_PLACEMENT_3D('',#4898,#4899,#4900);
#4898 = CARTESIAN_POINT('',(1.77,-9.95,-0.25));
#4899 = DIRECTION('',(1.,-0.,0.));
#4900 = DIRECTION('',(0.,0.,-1.));
#4901 = ORIENTED_EDGE('',*,*,#4365,.F.);
#4902 = TOROIDAL_SURFACE('',#4903,0.35,5.E-02);
#4903 = AXIS2_PLACEMENT_3D('',#4904,#4905,#4906);
#4904 = CARTESIAN_POINT('',(1.77,-9.6,-0.25));
#4905 = DIRECTION('',(0.,1.355252715607E-16,-1.));
#4906 = DIRECTION('',(0.,1.,1.355252715607E-16));
#4907 = ADVANCED_FACE('',(#4908),#4925,.T.);
#4908 = FACE_BOUND('',#4909,.T.);
#4909 = EDGE_LOOP('',(#4910,#4917,#4918));
#4910 = ORIENTED_EDGE('',*,*,#4911,.F.);
#4911 = EDGE_CURVE('',#4423,#4688,#4912,.T.);
#4912 = CIRCLE('',#4913,5.E-02);
#4913 = AXIS2_PLACEMENT_3D('',#4914,#4915,#4916);
#4914 = CARTESIAN_POINT('',(5.479289321881,-10.25,-0.25));
#4915 = DIRECTION('',(0.707106781187,-1.916616770854E-14,0.707106781187)
  );
#4916 = DIRECTION('',(-0.707106781187,-1.262177448354E-29,0.707106781187
    ));
#4917 = ORIENTED_EDGE('',*,*,#4841,.T.);
#4918 = ORIENTED_EDGE('',*,*,#4919,.F.);
#4919 = EDGE_CURVE('',#4688,#4383,#4920,.T.);
#4920 = CIRCLE('',#4921,5.E-02);
#4921 = AXIS2_PLACEMENT_3D('',#4922,#4923,#4924);
#4922 = CARTESIAN_POINT('',(5.479289321881,-10.25,-0.25));
#4923 = DIRECTION('',(-0.,1.,0.));
#4924 = DIRECTION('',(1.734723475977E-14,0.,-1.));
#4925 = SPHERICAL_SURFACE('',#4926,5.E-02);
#4926 = AXIS2_PLACEMENT_3D('',#4927,#4928,#4929);
#4927 = CARTESIAN_POINT('',(5.479289321881,-10.25,-0.25));
#4928 = DIRECTION('',(0.,1.,0.));
#4929 = DIRECTION('',(1.,0.,0.));
#4930 = ADVANCED_FACE('',(#4931),#4948,.T.);
#4931 = FACE_BOUND('',#4932,.T.);
#4932 = EDGE_LOOP('',(#4933,#4940,#4941));
#4933 = ORIENTED_EDGE('',*,*,#4934,.F.);
#4934 = EDGE_CURVE('',#4496,#4710,#4935,.T.);
#4935 = CIRCLE('',#4936,5.E-02);
#4936 = AXIS2_PLACEMENT_3D('',#4937,#4938,#4939);
#4937 = CARTESIAN_POINT('',(5.479289321881,-10.25,0.25));
#4938 = DIRECTION('',(-0.,1.,0.));
#4939 = DIRECTION('',(0.,0.,-1.));
#4940 = ORIENTED_EDGE('',*,*,#4859,.T.);
#4941 = ORIENTED_EDGE('',*,*,#4942,.F.);
#4942 = EDGE_CURVE('',#4710,#4447,#4943,.T.);
#4943 = CIRCLE('',#4944,5.E-02);
#4944 = AXIS2_PLACEMENT_3D('',#4945,#4946,#4947);
#4945 = CARTESIAN_POINT('',(5.479289321881,-10.25,0.25));
#4946 = DIRECTION('',(0.707106781187,0.,-0.707106781187));
#4947 = DIRECTION('',(0.707106781187,0.,0.707106781187));
#4948 = SPHERICAL_SURFACE('',#4949,5.E-02);
#4949 = AXIS2_PLACEMENT_3D('',#4950,#4951,#4952);
#4950 = CARTESIAN_POINT('',(5.479289321881,-10.25,0.25));
#4951 = DIRECTION('',(0.,1.,0.));
#4952 = DIRECTION('',(1.,0.,0.));
#4953 = ADVANCED_FACE('',(#4954),#4966,.T.);
#4954 = FACE_BOUND('',#4955,.T.);
#4955 = EDGE_LOOP('',(#4956,#4957,#4958,#4965));
#4956 = ORIENTED_EDGE('',*,*,#4877,.T.);
#4957 = ORIENTED_EDGE('',*,*,#4519,.F.);
#4958 = ORIENTED_EDGE('',*,*,#4959,.F.);
#4959 = EDGE_CURVE('',#4315,#4512,#4960,.T.);
#4960 = CIRCLE('',#4961,5.E-02);
#4961 = AXIS2_PLACEMENT_3D('',#4962,#4963,#4964);
#4962 = CARTESIAN_POINT('',(1.77,-9.95,0.25));
#4963 = DIRECTION('',(1.,1.301042606983E-14,-0.));
#4964 = DIRECTION('',(-1.301042606983E-14,1.,0.));
#4965 = ORIENTED_EDGE('',*,*,#4314,.F.);
#4966 = TOROIDAL_SURFACE('',#4967,0.35,5.E-02);
#4967 = AXIS2_PLACEMENT_3D('',#4968,#4969,#4970);
#4968 = CARTESIAN_POINT('',(1.77,-9.6,0.25));
#4969 = DIRECTION('',(0.,0.,1.));
#4970 = DIRECTION('',(1.,0.,-0.));
#4971 = ADVANCED_FACE('',(#4972),#4984,.T.);
#4972 = FACE_BOUND('',#4973,.T.);
#4973 = EDGE_LOOP('',(#4974,#4975,#4976,#4983));
#4974 = ORIENTED_EDGE('',*,*,#4895,.T.);
#4975 = ORIENTED_EDGE('',*,*,#4552,.F.);
#4976 = ORIENTED_EDGE('',*,*,#4977,.F.);
#4977 = EDGE_CURVE('',#4375,#4545,#4978,.T.);
#4978 = CIRCLE('',#4979,5.E-02);
#4979 = AXIS2_PLACEMENT_3D('',#4980,#4981,#4982);
#4980 = CARTESIAN_POINT('',(5.479289321881,-9.95,-0.25));
#4981 = DIRECTION('',(1.,1.734723475977E-14,0.));
#4982 = DIRECTION('',(-1.734723475977E-14,1.,0.));
#4983 = ORIENTED_EDGE('',*,*,#4374,.F.);
#4984 = CYLINDRICAL_SURFACE('',#4985,5.E-02);
#4985 = AXIS2_PLACEMENT_3D('',#4986,#4987,#4988);
#4986 = CARTESIAN_POINT('',(1.77,-9.95,-0.25));
#4987 = DIRECTION('',(1.,-0.,0.));
#4988 = DIRECTION('',(0.,0.,-1.));
#4989 = ADVANCED_FACE('',(#4990),#5002,.T.);
#4990 = FACE_BOUND('',#4991,.T.);
#4991 = EDGE_LOOP('',(#4992,#4993,#4994,#5001));
#4992 = ORIENTED_EDGE('',*,*,#4919,.T.);
#4993 = ORIENTED_EDGE('',*,*,#4382,.F.);
#4994 = ORIENTED_EDGE('',*,*,#4995,.F.);
#4995 = EDGE_CURVE('',#4670,#4375,#4996,.T.);
#4996 = CIRCLE('',#4997,5.E-02);
#4997 = AXIS2_PLACEMENT_3D('',#4998,#4999,#5000);
#4998 = CARTESIAN_POINT('',(5.479289321881,-9.95,-0.25));
#4999 = DIRECTION('',(0.,1.,0.));
#5000 = DIRECTION('',(0.,-0.,1.));
#5001 = ORIENTED_EDGE('',*,*,#4695,.F.);
#5002 = CYLINDRICAL_SURFACE('',#5003,5.E-02);
#5003 = AXIS2_PLACEMENT_3D('',#5004,#5005,#5006);
#5004 = CARTESIAN_POINT('',(5.479289321881,-9.9,-0.25));
#5005 = DIRECTION('',(1.743152798421E-32,1.,1.355252715607E-16));
#5006 = DIRECTION('',(-2.362412563778E-48,-1.355252715607E-16,1.));
#5007 = ADVANCED_FACE('',(#5008),#5020,.T.);
#5008 = FACE_BOUND('',#5009,.T.);
#5009 = EDGE_LOOP('',(#5010,#5011,#5012,#5019));
#5010 = ORIENTED_EDGE('',*,*,#4911,.T.);
#5011 = ORIENTED_EDGE('',*,*,#4687,.F.);
#5012 = ORIENTED_EDGE('',*,*,#5013,.F.);
#5013 = EDGE_CURVE('',#4431,#4680,#5014,.T.);
#5014 = CIRCLE('',#5015,5.E-02);
#5015 = AXIS2_PLACEMENT_3D('',#5016,#5017,#5018);
#5016 = CARTESIAN_POINT('',(5.65,-10.25,-7.928932188134E-02));
#5017 = DIRECTION('',(0.707106781187,0.,0.707106781187));
#5018 = DIRECTION('',(0.707106781187,0.,-0.707106781187));
#5019 = ORIENTED_EDGE('',*,*,#4430,.F.);
#5020 = CYLINDRICAL_SURFACE('',#5021,5.E-02);
#5021 = AXIS2_PLACEMENT_3D('',#5022,#5023,#5024);
#5022 = CARTESIAN_POINT('',(3.899644660941,-10.25,-1.829644660941));
#5023 = DIRECTION('',(-0.707106781187,0.,-0.707106781187));
#5024 = DIRECTION('',(-0.707106781187,0.,0.707106781187));
#5025 = ADVANCED_FACE('',(#5026),#5044,.T.);
#5026 = FACE_BOUND('',#5027,.T.);
#5027 = EDGE_LOOP('',(#5028,#5035,#5036,#5043));
#5028 = ORIENTED_EDGE('',*,*,#5029,.F.);
#5029 = EDGE_CURVE('',#4439,#4640,#5030,.T.);
#5030 = CIRCLE('',#5031,5.E-02);
#5031 = AXIS2_PLACEMENT_3D('',#5032,#5033,#5034);
#5032 = CARTESIAN_POINT('',(5.65,-10.25,7.928932188135E-02));
#5033 = DIRECTION('',(1.463672932855E-14,0.,1.));
#5034 = DIRECTION('',(1.,0.,-1.463672932855E-14));
#5035 = ORIENTED_EDGE('',*,*,#4438,.F.);
#5036 = ORIENTED_EDGE('',*,*,#5037,.F.);
#5037 = EDGE_CURVE('',#4648,#4431,#5038,.T.);
#5038 = CIRCLE('',#5039,5.E-02);
#5039 = AXIS2_PLACEMENT_3D('',#5040,#5041,#5042);
#5040 = CARTESIAN_POINT('',(5.65,-10.25,-7.928932188135E-02));
#5041 = DIRECTION('',(0.,-4.065758146821E-15,-1.));
#5042 = DIRECTION('',(0.,1.,-4.065758146821E-15));
#5043 = ORIENTED_EDGE('',*,*,#4647,.F.);
#5044 = CYLINDRICAL_SURFACE('',#5045,5.E-02);
#5045 = AXIS2_PLACEMENT_3D('',#5046,#5047,#5048);
#5046 = CARTESIAN_POINT('',(5.65,-10.25,0.));
#5047 = DIRECTION('',(0.,0.,-1.));
#5048 = DIRECTION('',(-1.,0.,0.));
#5049 = ADVANCED_FACE('',(#5050),#5062,.T.);
#5050 = FACE_BOUND('',#5051,.T.);
#5051 = EDGE_LOOP('',(#5052,#5053,#5054,#5061));
#5052 = ORIENTED_EDGE('',*,*,#4942,.T.);
#5053 = ORIENTED_EDGE('',*,*,#4446,.F.);
#5054 = ORIENTED_EDGE('',*,*,#5055,.F.);
#5055 = EDGE_CURVE('',#4712,#4439,#5056,.T.);
#5056 = CIRCLE('',#5057,5.E-02);
#5057 = AXIS2_PLACEMENT_3D('',#5058,#5059,#5060);
#5058 = CARTESIAN_POINT('',(5.65,-10.25,7.928932188135E-02));
#5059 = DIRECTION('',(0.707106781187,-1.015806888553E-14,-0.707106781187
    ));
#5060 = DIRECTION('',(-0.707106781187,-9.466330862652E-30,
    -0.707106781187));
#5061 = ORIENTED_EDGE('',*,*,#4709,.F.);
#5062 = CYLINDRICAL_SURFACE('',#5063,5.E-02);
#5063 = AXIS2_PLACEMENT_3D('',#5064,#5065,#5066);
#5064 = CARTESIAN_POINT('',(3.599644660941,-10.25,2.129644660941));
#5065 = DIRECTION('',(0.707106781187,0.,-0.707106781187));
#5066 = DIRECTION('',(-0.707106781187,0.,-0.707106781187));
#5067 = ADVANCED_FACE('',(#5068),#5080,.T.);
#5068 = FACE_BOUND('',#5069,.T.);
#5069 = EDGE_LOOP('',(#5070,#5071,#5072,#5079));
#5070 = ORIENTED_EDGE('',*,*,#4934,.T.);
#5071 = ORIENTED_EDGE('',*,*,#4735,.F.);
#5072 = ORIENTED_EDGE('',*,*,#5073,.F.);
#5073 = EDGE_CURVE('',#4504,#4728,#5074,.T.);
#5074 = CIRCLE('',#5075,5.E-02);
#5075 = AXIS2_PLACEMENT_3D('',#5076,#5077,#5078);
#5076 = CARTESIAN_POINT('',(5.479289321881,-9.95,0.25));
#5077 = DIRECTION('',(0.,1.,0.));
#5078 = DIRECTION('',(0.,-0.,1.));
#5079 = ORIENTED_EDGE('',*,*,#4503,.F.);
#5080 = CYLINDRICAL_SURFACE('',#5081,5.E-02);
#5081 = AXIS2_PLACEMENT_3D('',#5082,#5083,#5084);
#5082 = CARTESIAN_POINT('',(5.479289321881,-9.9,0.25));
#5083 = DIRECTION('',(0.,-1.,0.));
#5084 = DIRECTION('',(0.,0.,-1.));
#5085 = ADVANCED_FACE('',(#5086),#5098,.T.);
#5086 = FACE_BOUND('',#5087,.T.);
#5087 = EDGE_LOOP('',(#5088,#5089,#5090,#5097));
#5088 = ORIENTED_EDGE('',*,*,#4959,.T.);
#5089 = ORIENTED_EDGE('',*,*,#4511,.F.);
#5090 = ORIENTED_EDGE('',*,*,#5091,.F.);
#5091 = EDGE_CURVE('',#4560,#4504,#5092,.T.);
#5092 = CIRCLE('',#5093,5.E-02);
#5093 = AXIS2_PLACEMENT_3D('',#5094,#5095,#5096);
#5094 = CARTESIAN_POINT('',(5.479289321881,-9.95,0.25));
#5095 = DIRECTION('',(1.,0.,-1.734723475977E-14));
#5096 = DIRECTION('',(-1.734723475977E-14,0.,-1.));
#5097 = ORIENTED_EDGE('',*,*,#4559,.F.);
#5098 = CYLINDRICAL_SURFACE('',#5099,5.E-02);
#5099 = AXIS2_PLACEMENT_3D('',#5100,#5101,#5102);
#5100 = CARTESIAN_POINT('',(1.77,-9.95,0.25));
#5101 = DIRECTION('',(1.,0.,0.));
#5102 = DIRECTION('',(0.,0.,-1.));
#5103 = ADVANCED_FACE('',(#5104),#5115,.T.);
#5104 = FACE_BOUND('',#5105,.T.);
#5105 = EDGE_LOOP('',(#5106,#5107,#5108));
#5106 = ORIENTED_EDGE('',*,*,#4995,.T.);
#5107 = ORIENTED_EDGE('',*,*,#4977,.T.);
#5108 = ORIENTED_EDGE('',*,*,#5109,.F.);
#5109 = EDGE_CURVE('',#4670,#4545,#5110,.T.);
#5110 = CIRCLE('',#5111,5.E-02);
#5111 = AXIS2_PLACEMENT_3D('',#5112,#5113,#5114);
#5112 = CARTESIAN_POINT('',(5.479289321881,-9.95,-0.25));
#5113 = DIRECTION('',(0.707106781187,0.,0.707106781187));
#5114 = DIRECTION('',(-0.707106781187,0.,0.707106781187));
#5115 = SPHERICAL_SURFACE('',#5116,5.E-02);
#5116 = AXIS2_PLACEMENT_3D('',#5117,#5118,#5119);
#5117 = CARTESIAN_POINT('',(5.479289321881,-9.95,-0.25));
#5118 = DIRECTION('',(0.,1.,0.));
#5119 = DIRECTION('',(1.,0.,0.));
#5120 = ADVANCED_FACE('',(#5121),#5132,.T.);
#5121 = FACE_BOUND('',#5122,.T.);
#5122 = EDGE_LOOP('',(#5123,#5124,#5125));
#5123 = ORIENTED_EDGE('',*,*,#5037,.T.);
#5124 = ORIENTED_EDGE('',*,*,#5013,.T.);
#5125 = ORIENTED_EDGE('',*,*,#5126,.F.);
#5126 = EDGE_CURVE('',#4648,#4680,#5127,.T.);
#5127 = CIRCLE('',#5128,5.E-02);
#5128 = AXIS2_PLACEMENT_3D('',#5129,#5130,#5131);
#5129 = CARTESIAN_POINT('',(5.65,-10.25,-7.928932188135E-02));
#5130 = DIRECTION('',(-0.,1.,0.));
#5131 = DIRECTION('',(0.,0.,-1.));
#5132 = SPHERICAL_SURFACE('',#5133,5.E-02);
#5133 = AXIS2_PLACEMENT_3D('',#5134,#5135,#5136);
#5134 = CARTESIAN_POINT('',(5.65,-10.25,-7.928932188135E-02));
#5135 = DIRECTION('',(0.,1.,0.));
#5136 = DIRECTION('',(1.,0.,0.));
#5137 = ADVANCED_FACE('',(#5138),#5149,.T.);
#5138 = FACE_BOUND('',#5139,.T.);
#5139 = EDGE_LOOP('',(#5140,#5141,#5142));
#5140 = ORIENTED_EDGE('',*,*,#5055,.T.);
#5141 = ORIENTED_EDGE('',*,*,#5029,.T.);
#5142 = ORIENTED_EDGE('',*,*,#5143,.F.);
#5143 = EDGE_CURVE('',#4712,#4640,#5144,.T.);
#5144 = CIRCLE('',#5145,5.E-02);
#5145 = AXIS2_PLACEMENT_3D('',#5146,#5147,#5148);
#5146 = CARTESIAN_POINT('',(5.65,-10.25,7.928932188135E-02));
#5147 = DIRECTION('',(-0.,1.,0.));
#5148 = DIRECTION('',(1.734723475977E-14,0.,-1.));
#5149 = SPHERICAL_SURFACE('',#5150,5.E-02);
#5150 = AXIS2_PLACEMENT_3D('',#5151,#5152,#5153);
#5151 = CARTESIAN_POINT('',(5.65,-10.25,7.928932188135E-02));
#5152 = DIRECTION('',(0.,1.,0.));
#5153 = DIRECTION('',(1.,0.,0.));
#5154 = ADVANCED_FACE('',(#5155),#5166,.T.);
#5155 = FACE_BOUND('',#5156,.T.);
#5156 = EDGE_LOOP('',(#5157,#5158,#5159));
#5157 = ORIENTED_EDGE('',*,*,#5091,.T.);
#5158 = ORIENTED_EDGE('',*,*,#5073,.T.);
#5159 = ORIENTED_EDGE('',*,*,#5160,.F.);
#5160 = EDGE_CURVE('',#4560,#4728,#5161,.T.);
#5161 = CIRCLE('',#5162,5.E-02);
#5162 = AXIS2_PLACEMENT_3D('',#5163,#5164,#5165);
#5163 = CARTESIAN_POINT('',(5.479289321881,-9.95,0.25));
#5164 = DIRECTION('',(0.707106781187,2.069946112523E-14,-0.707106781187)
  );
#5165 = DIRECTION('',(0.707106781187,-1.735493991486E-29,0.707106781187)
  );
#5166 = SPHERICAL_SURFACE('',#5167,5.E-02);
#5167 = AXIS2_PLACEMENT_3D('',#5168,#5169,#5170);
#5168 = CARTESIAN_POINT('',(5.479289321881,-9.95,0.25));
#5169 = DIRECTION('',(0.,1.,0.));
#5170 = DIRECTION('',(1.,0.,0.));
#5171 = ADVANCED_FACE('',(#5172),#5184,.T.);
#5172 = FACE_BOUND('',#5173,.T.);
#5173 = EDGE_LOOP('',(#5174,#5175,#5176,#5183));
#5174 = ORIENTED_EDGE('',*,*,#5109,.T.);
#5175 = ORIENTED_EDGE('',*,*,#4542,.F.);
#5176 = ORIENTED_EDGE('',*,*,#5177,.F.);
#5177 = EDGE_CURVE('',#4672,#4543,#5178,.T.);
#5178 = CIRCLE('',#5179,5.E-02);
#5179 = AXIS2_PLACEMENT_3D('',#5180,#5181,#5182);
#5180 = CARTESIAN_POINT('',(5.65,-9.95,-7.928932188134E-02));
#5181 = DIRECTION('',(0.707106781187,-2.49160180211E-15,0.707106781187)
  );
#5182 = DIRECTION('',(0.707106781187,2.366582715663E-30,-0.707106781187)
  );
#5183 = ORIENTED_EDGE('',*,*,#4669,.F.);
#5184 = CYLINDRICAL_SURFACE('',#5185,5.E-02);
#5185 = AXIS2_PLACEMENT_3D('',#5186,#5187,#5188);
#5186 = CARTESIAN_POINT('',(3.899644660941,-9.95,-1.829644660941));
#5187 = DIRECTION('',(0.707106781187,0.,0.707106781187));
#5188 = DIRECTION('',(0.707106781187,0.,-0.707106781187));
#5189 = ADVANCED_FACE('',(#5190),#5202,.T.);
#5190 = FACE_BOUND('',#5191,.T.);
#5191 = EDGE_LOOP('',(#5192,#5193,#5194,#5201));
#5192 = ORIENTED_EDGE('',*,*,#5126,.T.);
#5193 = ORIENTED_EDGE('',*,*,#4679,.F.);
#5194 = ORIENTED_EDGE('',*,*,#5195,.F.);
#5195 = EDGE_CURVE('',#4630,#4672,#5196,.T.);
#5196 = CIRCLE('',#5197,5.E-02);
#5197 = AXIS2_PLACEMENT_3D('',#5198,#5199,#5200);
#5198 = CARTESIAN_POINT('',(5.65,-9.95,-7.928932188134E-02));
#5199 = DIRECTION('',(-0.,1.,0.));
#5200 = DIRECTION('',(0.,0.,1.));
#5201 = ORIENTED_EDGE('',*,*,#4655,.F.);
#5202 = CYLINDRICAL_SURFACE('',#5203,5.E-02);
#5203 = AXIS2_PLACEMENT_3D('',#5204,#5205,#5206);
#5204 = CARTESIAN_POINT('',(5.65,1.074570687983E-17,-7.928932188134E-02)
  );
#5205 = DIRECTION('',(0.,-1.,-1.355252715607E-16));
#5206 = DIRECTION('',(0.,1.355252715607E-16,-1.));
#5207 = ADVANCED_FACE('',(#5208),#5220,.T.);
#5208 = FACE_BOUND('',#5209,.T.);
#5209 = EDGE_LOOP('',(#5210,#5211,#5212,#5219));
#5210 = ORIENTED_EDGE('',*,*,#5143,.T.);
#5211 = ORIENTED_EDGE('',*,*,#4639,.F.);
#5212 = ORIENTED_EDGE('',*,*,#5213,.F.);
#5213 = EDGE_CURVE('',#4720,#4632,#5214,.T.);
#5214 = CIRCLE('',#5215,5.E-02);
#5215 = AXIS2_PLACEMENT_3D('',#5216,#5217,#5218);
#5216 = CARTESIAN_POINT('',(5.65,-9.95,7.928932188135E-02));
#5217 = DIRECTION('',(-0.,1.,0.));
#5218 = DIRECTION('',(0.,0.,1.));
#5219 = ORIENTED_EDGE('',*,*,#4719,.F.);
#5220 = CYLINDRICAL_SURFACE('',#5221,5.E-02);
#5221 = AXIS2_PLACEMENT_3D('',#5222,#5223,#5224);
#5222 = CARTESIAN_POINT('',(5.65,0.,7.928932188135E-02));
#5223 = DIRECTION('',(0.,1.,0.));
#5224 = DIRECTION('',(0.,-0.,1.));
#5225 = ADVANCED_FACE('',(#5226),#5238,.T.);
#5226 = FACE_BOUND('',#5227,.T.);
#5227 = EDGE_LOOP('',(#5228,#5229,#5230,#5237));
#5228 = ORIENTED_EDGE('',*,*,#5160,.T.);
#5229 = ORIENTED_EDGE('',*,*,#4727,.F.);
#5230 = ORIENTED_EDGE('',*,*,#5231,.F.);
#5231 = EDGE_CURVE('',#4568,#4720,#5232,.T.);
#5232 = CIRCLE('',#5233,5.E-02);
#5233 = AXIS2_PLACEMENT_3D('',#5234,#5235,#5236);
#5234 = CARTESIAN_POINT('',(5.65,-9.95,7.928932188135E-02));
#5235 = DIRECTION('',(0.707106781187,0.,-0.707106781187));
#5236 = DIRECTION('',(-0.707106781187,0.,-0.707106781187));
#5237 = ORIENTED_EDGE('',*,*,#4567,.F.);
#5238 = CYLINDRICAL_SURFACE('',#5239,5.E-02);
#5239 = AXIS2_PLACEMENT_3D('',#5240,#5241,#5242);
#5240 = CARTESIAN_POINT('',(3.599644660941,-9.95,2.129644660941));
#5241 = DIRECTION('',(-0.707106781187,0.,0.707106781187));
#5242 = DIRECTION('',(0.707106781187,0.,0.707106781187));
#5243 = ADVANCED_FACE('',(#5244),#5255,.T.);
#5244 = FACE_BOUND('',#5245,.T.);
#5245 = EDGE_LOOP('',(#5246,#5247,#5248));
#5246 = ORIENTED_EDGE('',*,*,#5195,.T.);
#5247 = ORIENTED_EDGE('',*,*,#5177,.T.);
#5248 = ORIENTED_EDGE('',*,*,#5249,.F.);
#5249 = EDGE_CURVE('',#4630,#4543,#5250,.T.);
#5250 = CIRCLE('',#5251,5.E-02);
#5251 = AXIS2_PLACEMENT_3D('',#5252,#5253,#5254);
#5252 = CARTESIAN_POINT('',(5.65,-9.95,-7.928932188134E-02));
#5253 = DIRECTION('',(2.981555974335E-15,0.,1.));
#5254 = DIRECTION('',(-1.,0.,2.981555974335E-15));
#5255 = SPHERICAL_SURFACE('',#5256,5.E-02);
#5256 = AXIS2_PLACEMENT_3D('',#5257,#5258,#5259);
#5257 = CARTESIAN_POINT('',(5.65,-9.95,-7.928932188134E-02));
#5258 = DIRECTION('',(0.,1.,0.));
#5259 = DIRECTION('',(1.,0.,0.));
#5260 = ADVANCED_FACE('',(#5261),#5272,.T.);
#5261 = FACE_BOUND('',#5262,.T.);
#5262 = EDGE_LOOP('',(#5263,#5264,#5265));
#5263 = ORIENTED_EDGE('',*,*,#5231,.T.);
#5264 = ORIENTED_EDGE('',*,*,#5213,.T.);
#5265 = ORIENTED_EDGE('',*,*,#5266,.F.);
#5266 = EDGE_CURVE('',#4568,#4632,#5267,.T.);
#5267 = CIRCLE('',#5268,5.E-02);
#5268 = AXIS2_PLACEMENT_3D('',#5269,#5270,#5271);
#5269 = CARTESIAN_POINT('',(5.65,-9.95,7.928932188135E-02));
#5270 = DIRECTION('',(0.,-2.710505431214E-15,-1.));
#5271 = DIRECTION('',(0.,-1.,2.710505431214E-15));
#5272 = SPHERICAL_SURFACE('',#5273,5.E-02);
#5273 = AXIS2_PLACEMENT_3D('',#5274,#5275,#5276);
#5274 = CARTESIAN_POINT('',(5.65,-9.95,7.928932188135E-02));
#5275 = DIRECTION('',(0.,1.,0.));
#5276 = DIRECTION('',(1.,0.,0.));
#5277 = ADVANCED_FACE('',(#5278),#5284,.T.);
#5278 = FACE_BOUND('',#5279,.T.);
#5279 = EDGE_LOOP('',(#5280,#5281,#5282,#5283));
#5280 = ORIENTED_EDGE('',*,*,#5249,.T.);
#5281 = ORIENTED_EDGE('',*,*,#4575,.F.);
#5282 = ORIENTED_EDGE('',*,*,#5266,.T.);
#5283 = ORIENTED_EDGE('',*,*,#4629,.F.);
#5284 = CYLINDRICAL_SURFACE('',#5285,5.E-02);
#5285 = AXIS2_PLACEMENT_3D('',#5286,#5287,#5288);
#5286 = CARTESIAN_POINT('',(5.65,-9.95,0.));
#5287 = DIRECTION('',(0.,0.,1.));
#5288 = DIRECTION('',(1.,0.,-0.));
#5289 = ( GEOMETRIC_REPRESENTATION_CONTEXT(3) 
GLOBAL_UNCERTAINTY_ASSIGNED_CONTEXT((#5293)) 
GLOBAL_UNIT_ASSIGNED_CONTEXT((#5290,#5291,#5292)) REPRESENTATION_CONTEXT
('Context #1','3D Context with UNIT and UNCERTAINTY') );
#5290 = ( LENGTH_UNIT() NAMED_UNIT(*) SI_UNIT(.MILLI.,.METRE.) );
#5291 = ( NAMED_UNIT(*) PLANE_ANGLE_UNIT() SI_UNIT($,.RADIAN.) );
#5292 = ( NAMED_UNIT(*) SI_UNIT($,.STERADIAN.) SOLID_ANGLE_UNIT() );
#5293 = UNCERTAINTY_MEASURE_WITH_UNIT(LENGTH_MEASURE(2.E-05),#5290,
  'distance_accuracy_value','confusion accuracy');
#5294 = CONTEXT_DEPENDENT_SHAPE_REPRESENTATION(#5295,#5297);
#5295 = ( REPRESENTATION_RELATIONSHIP('','',#134,#63) 
REPRESENTATION_RELATIONSHIP_WITH_TRANSFORMATION(#5296) 
SHAPE_REPRESENTATION_RELATIONSHIP() );
#5296 = ITEM_DEFINED_TRANSFORMATION('','',#11,#64);
#5297 = PRODUCT_DEFINITION_SHAPE('Placement','Placement of an item',
  #5298);
#5298 = NEXT_ASSEMBLY_USAGE_OCCURRENCE('1','NAUO1','',#58,#129,$);
#5299 = PRODUCT_RELATED_PRODUCT_CATEGORY('part',$,(#131));
#5300 = SHAPE_DEFINITION_REPRESENTATION(#5301,#5307);
#5301 = PRODUCT_DEFINITION_SHAPE('','',#5302);
#5302 = PRODUCT_DEFINITION('design','',#5303,#5306);
#5303 = PRODUCT_DEFINITION_FORMATION('','',#5304);
#5304 = PRODUCT('end','end','',(#5305));
#5305 = PRODUCT_CONTEXT('',#2,'mechanical');
#5306 = PRODUCT_DEFINITION_CONTEXT('part definition',#2,'design');
#5307 = ADVANCED_BREP_SHAPE_REPRESENTATION('',(#11,#5308),#6218);
#5308 = MANIFOLD_SOLID_BREP('',#5309);
#5309 = CLOSED_SHELL('',(#5310,#5350,#5390,#5430,#5470,#5578,#5668,#5699
    ,#5730,#5761,#5792,#5810,#5834,#5852,#5869,#5887,#5905,#5923,#5941,
    #5959,#5976,#5994,#6012,#6030,#6048,#6066,#6083,#6100,#6118,#6136,
    #6154,#6172,#6189,#6206));
#5310 = ADVANCED_FACE('',(#5311),#5345,.T.);
#5311 = FACE_BOUND('',#5312,.T.);
#5312 = EDGE_LOOP('',(#5313,#5323,#5331,#5339));
#5313 = ORIENTED_EDGE('',*,*,#5314,.T.);
#5314 = EDGE_CURVE('',#5315,#5317,#5319,.T.);
#5315 = VERTEX_POINT('',#5316);
#5316 = CARTESIAN_POINT('',(-0.1,-4.05,-2.3));
#5317 = VERTEX_POINT('',#5318);
#5318 = CARTESIAN_POINT('',(-0.1,-4.05,2.3));
#5319 = LINE('',#5320,#5321);
#5320 = CARTESIAN_POINT('',(-1.E-01,-4.05,3.));
#5321 = VECTOR('',#5322,1.);
#5322 = DIRECTION('',(-0.,-0.,1.));
#5323 = ORIENTED_EDGE('',*,*,#5324,.T.);
#5324 = EDGE_CURVE('',#5317,#5325,#5327,.T.);
#5325 = VERTEX_POINT('',#5326);
#5326 = CARTESIAN_POINT('',(-2.46,-4.05,2.3));
#5327 = LINE('',#5328,#5329);
#5328 = CARTESIAN_POINT('',(-2.46,-4.05,2.3));
#5329 = VECTOR('',#5330,1.);
#5330 = DIRECTION('',(-1.,-0.,-0.));
#5331 = ORIENTED_EDGE('',*,*,#5332,.T.);
#5332 = EDGE_CURVE('',#5325,#5333,#5335,.T.);
#5333 = VERTEX_POINT('',#5334);
#5334 = CARTESIAN_POINT('',(-2.46,-4.05,-2.3));
#5335 = LINE('',#5336,#5337);
#5336 = CARTESIAN_POINT('',(-2.46,-4.05,3.));
#5337 = VECTOR('',#5338,1.);
#5338 = DIRECTION('',(0.,0.,-1.));
#5339 = ORIENTED_EDGE('',*,*,#5340,.T.);
#5340 = EDGE_CURVE('',#5333,#5315,#5341,.T.);
#5341 = LINE('',#5342,#5343);
#5342 = CARTESIAN_POINT('',(-2.46,-4.05,-2.3));
#5343 = VECTOR('',#5344,1.);
#5344 = DIRECTION('',(1.,-0.,-0.));
#5345 = PLANE('',#5346);
#5346 = AXIS2_PLACEMENT_3D('',#5347,#5348,#5349);
#5347 = CARTESIAN_POINT('',(-2.46,-4.05,3.));
#5348 = DIRECTION('',(0.,-1.,0.));
#5349 = DIRECTION('',(0.,-0.,-1.));
#5350 = ADVANCED_FACE('',(#5351),#5385,.T.);
#5351 = FACE_BOUND('',#5352,.T.);
#5352 = EDGE_LOOP('',(#5353,#5363,#5371,#5379));
#5353 = ORIENTED_EDGE('',*,*,#5354,.T.);
#5354 = EDGE_CURVE('',#5355,#5357,#5359,.T.);
#5355 = VERTEX_POINT('',#5356);
#5356 = CARTESIAN_POINT('',(-0.1,3.95,-3.));
#5357 = VERTEX_POINT('',#5358);
#5358 = CARTESIAN_POINT('',(-0.1,-4.35,-3.));
#5359 = LINE('',#5360,#5361);
#5360 = CARTESIAN_POINT('',(-1.E-01,4.05,-3.));
#5361 = VECTOR('',#5362,1.);
#5362 = DIRECTION('',(-0.,-1.,-5.354084802398E-17));
#5363 = ORIENTED_EDGE('',*,*,#5364,.T.);
#5364 = EDGE_CURVE('',#5357,#5365,#5367,.T.);
#5365 = VERTEX_POINT('',#5366);
#5366 = CARTESIAN_POINT('',(-2.46,-4.35,-3.));
#5367 = LINE('',#5368,#5369);
#5368 = CARTESIAN_POINT('',(-2.46,-4.35,-3.));
#5369 = VECTOR('',#5370,1.);
#5370 = DIRECTION('',(-1.,-0.,-0.));
#5371 = ORIENTED_EDGE('',*,*,#5372,.T.);
#5372 = EDGE_CURVE('',#5365,#5373,#5375,.T.);
#5373 = VERTEX_POINT('',#5374);
#5374 = CARTESIAN_POINT('',(-2.46,3.95,-3.));
#5375 = LINE('',#5376,#5377);
#5376 = CARTESIAN_POINT('',(-2.46,4.05,-3.));
#5377 = VECTOR('',#5378,1.);
#5378 = DIRECTION('',(-0.,1.,5.354084802398E-17));
#5379 = ORIENTED_EDGE('',*,*,#5380,.T.);
#5380 = EDGE_CURVE('',#5373,#5355,#5381,.T.);
#5381 = LINE('',#5382,#5383);
#5382 = CARTESIAN_POINT('',(-2.46,3.95,-3.));
#5383 = VECTOR('',#5384,1.);
#5384 = DIRECTION('',(1.,0.,0.));
#5385 = PLANE('',#5386);
#5386 = AXIS2_PLACEMENT_3D('',#5387,#5388,#5389);
#5387 = CARTESIAN_POINT('',(-2.46,4.05,-3.));
#5388 = DIRECTION('',(0.,5.354084802398E-17,-1.));
#5389 = DIRECTION('',(0.,1.,5.354084802398E-17));
#5390 = ADVANCED_FACE('',(#5391),#5425,.T.);
#5391 = FACE_BOUND('',#5392,.T.);
#5392 = EDGE_LOOP('',(#5393,#5403,#5411,#5419));
#5393 = ORIENTED_EDGE('',*,*,#5394,.T.);
#5394 = EDGE_CURVE('',#5395,#5397,#5399,.T.);
#5395 = VERTEX_POINT('',#5396);
#5396 = CARTESIAN_POINT('',(-0.1,-4.35,3.));
#5397 = VERTEX_POINT('',#5398);
#5398 = CARTESIAN_POINT('',(-0.1,3.95,3.));
#5399 = LINE('',#5400,#5401);
#5400 = CARTESIAN_POINT('',(-1.E-01,4.05,3.));
#5401 = VECTOR('',#5402,1.);
#5402 = DIRECTION('',(-0.,1.,1.07081696048E-16));
#5403 = ORIENTED_EDGE('',*,*,#5404,.T.);
#5404 = EDGE_CURVE('',#5397,#5405,#5407,.T.);
#5405 = VERTEX_POINT('',#5406);
#5406 = CARTESIAN_POINT('',(-2.46,3.95,3.));
#5407 = LINE('',#5408,#5409);
#5408 = CARTESIAN_POINT('',(-2.46,3.95,3.));
#5409 = VECTOR('',#5410,1.);
#5410 = DIRECTION('',(-1.,-0.,-0.));
#5411 = ORIENTED_EDGE('',*,*,#5412,.T.);
#5412 = EDGE_CURVE('',#5405,#5413,#5415,.T.);
#5413 = VERTEX_POINT('',#5414);
#5414 = CARTESIAN_POINT('',(-2.46,-4.35,3.));
#5415 = LINE('',#5416,#5417);
#5416 = CARTESIAN_POINT('',(-2.46,4.05,3.));
#5417 = VECTOR('',#5418,1.);
#5418 = DIRECTION('',(0.,-1.,-1.07081696048E-16));
#5419 = ORIENTED_EDGE('',*,*,#5420,.T.);
#5420 = EDGE_CURVE('',#5413,#5395,#5421,.T.);
#5421 = LINE('',#5422,#5423);
#5422 = CARTESIAN_POINT('',(-2.46,-4.35,3.));
#5423 = VECTOR('',#5424,1.);
#5424 = DIRECTION('',(1.,-0.,-0.));
#5425 = PLANE('',#5426);
#5426 = AXIS2_PLACEMENT_3D('',#5427,#5428,#5429);
#5427 = CARTESIAN_POINT('',(-2.46,4.05,3.));
#5428 = DIRECTION('',(0.,-1.07081696048E-16,1.));
#5429 = DIRECTION('',(0.,-1.,-1.07081696048E-16));
#5430 = ADVANCED_FACE('',(#5431),#5465,.T.);
#5431 = FACE_BOUND('',#5432,.T.);
#5432 = EDGE_LOOP('',(#5433,#5443,#5451,#5459));
#5433 = ORIENTED_EDGE('',*,*,#5434,.T.);
#5434 = EDGE_CURVE('',#5435,#5437,#5439,.T.);
#5435 = VERTEX_POINT('',#5436);
#5436 = CARTESIAN_POINT('',(-2.46,4.05,-2.9));
#5437 = VERTEX_POINT('',#5438);
#5438 = CARTESIAN_POINT('',(-2.46,4.05,2.9));
#5439 = LINE('',#5440,#5441);
#5440 = CARTESIAN_POINT('',(-2.46,4.05,3.));
#5441 = VECTOR('',#5442,1.);
#5442 = DIRECTION('',(-0.,-0.,1.));
#5443 = ORIENTED_EDGE('',*,*,#5444,.T.);
#5444 = EDGE_CURVE('',#5437,#5445,#5447,.T.);
#5445 = VERTEX_POINT('',#5446);
#5446 = CARTESIAN_POINT('',(-0.1,4.05,2.9));
#5447 = LINE('',#5448,#5449);
#5448 = CARTESIAN_POINT('',(-2.46,4.05,2.9));
#5449 = VECTOR('',#5450,1.);
#5450 = DIRECTION('',(1.,0.,0.));
#5451 = ORIENTED_EDGE('',*,*,#5452,.T.);
#5452 = EDGE_CURVE('',#5445,#5453,#5455,.T.);
#5453 = VERTEX_POINT('',#5454);
#5454 = CARTESIAN_POINT('',(-0.1,4.05,-2.9));
#5455 = LINE('',#5456,#5457);
#5456 = CARTESIAN_POINT('',(-1.E-01,4.05,3.));
#5457 = VECTOR('',#5458,1.);
#5458 = DIRECTION('',(-0.,-0.,-1.));
#5459 = ORIENTED_EDGE('',*,*,#5460,.T.);
#5460 = EDGE_CURVE('',#5453,#5435,#5461,.T.);
#5461 = LINE('',#5462,#5463);
#5462 = CARTESIAN_POINT('',(-2.46,4.05,-2.9));
#5463 = VECTOR('',#5464,1.);
#5464 = DIRECTION('',(-1.,-0.,-0.));
#5465 = PLANE('',#5466);
#5466 = AXIS2_PLACEMENT_3D('',#5467,#5468,#5469);
#5467 = CARTESIAN_POINT('',(-2.46,4.05,3.));
#5468 = DIRECTION('',(-0.,1.,0.));
#5469 = DIRECTION('',(0.,0.,1.));
#5470 = ADVANCED_FACE('',(#5471),#5573,.F.);
#5471 = FACE_BOUND('',#5472,.T.);
#5472 = EDGE_LOOP('',(#5473,#5474,#5481,#5482,#5489,#5490,#5499,#5507,
    #5516,#5524,#5531,#5532,#5541,#5549,#5558,#5566));
#5473 = ORIENTED_EDGE('',*,*,#5412,.F.);
#5474 = ORIENTED_EDGE('',*,*,#5475,.T.);
#5475 = EDGE_CURVE('',#5405,#5437,#5476,.T.);
#5476 = CIRCLE('',#5477,1.E-01);
#5477 = AXIS2_PLACEMENT_3D('',#5478,#5479,#5480);
#5478 = CARTESIAN_POINT('',(-2.46,3.95,2.9));
#5479 = DIRECTION('',(-1.,-0.,-0.));
#5480 = DIRECTION('',(0.,0.,-1.));
#5481 = ORIENTED_EDGE('',*,*,#5434,.F.);
#5482 = ORIENTED_EDGE('',*,*,#5483,.T.);
#5483 = EDGE_CURVE('',#5435,#5373,#5484,.T.);
#5484 = CIRCLE('',#5485,1.E-01);
#5485 = AXIS2_PLACEMENT_3D('',#5486,#5487,#5488);
#5486 = CARTESIAN_POINT('',(-2.46,3.95,-2.9));
#5487 = DIRECTION('',(-1.,-0.,-0.));
#5488 = DIRECTION('',(0.,0.,-1.));
#5489 = ORIENTED_EDGE('',*,*,#5372,.F.);
#5490 = ORIENTED_EDGE('',*,*,#5491,.T.);
#5491 = EDGE_CURVE('',#5365,#5492,#5494,.T.);
#5492 = VERTEX_POINT('',#5493);
#5493 = CARTESIAN_POINT('',(-2.46,-4.45,-2.9));
#5494 = CIRCLE('',#5495,1.E-01);
#5495 = AXIS2_PLACEMENT_3D('',#5496,#5497,#5498);
#5496 = CARTESIAN_POINT('',(-2.46,-4.35,-2.9));
#5497 = DIRECTION('',(-1.,-0.,-0.));
#5498 = DIRECTION('',(0.,0.,-1.));
#5499 = ORIENTED_EDGE('',*,*,#5500,.F.);
#5500 = EDGE_CURVE('',#5501,#5492,#5503,.T.);
#5501 = VERTEX_POINT('',#5502);
#5502 = CARTESIAN_POINT('',(-2.46,-4.45,-2.5));
#5503 = LINE('',#5504,#5505);
#5504 = CARTESIAN_POINT('',(-2.46,-4.45,-3.));
#5505 = VECTOR('',#5506,1.);
#5506 = DIRECTION('',(-0.,-0.,-1.));
#5507 = ORIENTED_EDGE('',*,*,#5508,.T.);
#5508 = EDGE_CURVE('',#5501,#5509,#5511,.T.);
#5509 = VERTEX_POINT('',#5510);
#5510 = CARTESIAN_POINT('',(-2.46,-4.35,-2.4));
#5511 = CIRCLE('',#5512,1.E-01);
#5512 = AXIS2_PLACEMENT_3D('',#5513,#5514,#5515);
#5513 = CARTESIAN_POINT('',(-2.46,-4.35,-2.5));
#5514 = DIRECTION('',(-1.,-0.,-0.));
#5515 = DIRECTION('',(0.,0.,-1.));
#5516 = ORIENTED_EDGE('',*,*,#5517,.T.);
#5517 = EDGE_CURVE('',#5509,#5518,#5520,.T.);
#5518 = VERTEX_POINT('',#5519);
#5519 = CARTESIAN_POINT('',(-2.46,-4.15,-2.4));
#5520 = LINE('',#5521,#5522);
#5521 = CARTESIAN_POINT('',(-2.46,-4.45,-2.4));
#5522 = VECTOR('',#5523,1.);
#5523 = DIRECTION('',(-0.,1.,-0.));
#5524 = ORIENTED_EDGE('',*,*,#5525,.T.);
#5525 = EDGE_CURVE('',#5518,#5333,#5526,.T.);
#5526 = CIRCLE('',#5527,1.E-01);
#5527 = AXIS2_PLACEMENT_3D('',#5528,#5529,#5530);
#5528 = CARTESIAN_POINT('',(-2.46,-4.15,-2.3));
#5529 = DIRECTION('',(1.,0.,0.));
#5530 = DIRECTION('',(0.,0.,-1.));
#5531 = ORIENTED_EDGE('',*,*,#5332,.F.);
#5532 = ORIENTED_EDGE('',*,*,#5533,.T.);
#5533 = EDGE_CURVE('',#5325,#5534,#5536,.T.);
#5534 = VERTEX_POINT('',#5535);
#5535 = CARTESIAN_POINT('',(-2.46,-4.15,2.4));
#5536 = CIRCLE('',#5537,1.E-01);
#5537 = AXIS2_PLACEMENT_3D('',#5538,#5539,#5540);
#5538 = CARTESIAN_POINT('',(-2.46,-4.15,2.3));
#5539 = DIRECTION('',(1.,0.,0.));
#5540 = DIRECTION('',(0.,0.,-1.));
#5541 = ORIENTED_EDGE('',*,*,#5542,.F.);
#5542 = EDGE_CURVE('',#5543,#5534,#5545,.T.);
#5543 = VERTEX_POINT('',#5544);
#5544 = CARTESIAN_POINT('',(-2.46,-4.35,2.4));
#5545 = LINE('',#5546,#5547);
#5546 = CARTESIAN_POINT('',(-2.46,-4.45,2.4));
#5547 = VECTOR('',#5548,1.);
#5548 = DIRECTION('',(-0.,1.,-0.));
#5549 = ORIENTED_EDGE('',*,*,#5550,.T.);
#5550 = EDGE_CURVE('',#5543,#5551,#5553,.T.);
#5551 = VERTEX_POINT('',#5552);
#5552 = CARTESIAN_POINT('',(-2.46,-4.45,2.5));
#5553 = CIRCLE('',#5554,1.E-01);
#5554 = AXIS2_PLACEMENT_3D('',#5555,#5556,#5557);
#5555 = CARTESIAN_POINT('',(-2.46,-4.35,2.5));
#5556 = DIRECTION('',(-1.,-0.,-0.));
#5557 = DIRECTION('',(0.,0.,-1.));
#5558 = ORIENTED_EDGE('',*,*,#5559,.F.);
#5559 = EDGE_CURVE('',#5560,#5551,#5562,.T.);
#5560 = VERTEX_POINT('',#5561);
#5561 = CARTESIAN_POINT('',(-2.46,-4.45,2.9));
#5562 = LINE('',#5563,#5564);
#5563 = CARTESIAN_POINT('',(-2.46,-4.45,3.));
#5564 = VECTOR('',#5565,1.);
#5565 = DIRECTION('',(0.,0.,-1.));
#5566 = ORIENTED_EDGE('',*,*,#5567,.T.);
#5567 = EDGE_CURVE('',#5560,#5413,#5568,.T.);
#5568 = CIRCLE('',#5569,1.E-01);
#5569 = AXIS2_PLACEMENT_3D('',#5570,#5571,#5572);
#5570 = CARTESIAN_POINT('',(-2.46,-4.35,2.9));
#5571 = DIRECTION('',(-1.,-0.,-0.));
#5572 = DIRECTION('',(0.,0.,-1.));
#5573 = PLANE('',#5574);
#5574 = AXIS2_PLACEMENT_3D('',#5575,#5576,#5577);
#5575 = CARTESIAN_POINT('',(-2.46,0.,0.));
#5576 = DIRECTION('',(1.,0.,0.));
#5577 = DIRECTION('',(0.,0.,-1.));
#5578 = ADVANCED_FACE('',(#5579),#5663,.T.);
#5579 = FACE_BOUND('',#5580,.T.);
#5580 = EDGE_LOOP('',(#5581,#5591,#5599,#5608,#5616,#5625,#5633,#5641,
    #5649,#5657));
#5581 = ORIENTED_EDGE('',*,*,#5582,.T.);
#5582 = EDGE_CURVE('',#5583,#5585,#5587,.T.);
#5583 = VERTEX_POINT('',#5584);
#5584 = CARTESIAN_POINT('',(0.,-4.35,2.9));
#5585 = VERTEX_POINT('',#5586);
#5586 = CARTESIAN_POINT('',(0.,-4.35,2.5));
#5587 = LINE('',#5588,#5589);
#5588 = CARTESIAN_POINT('',(0.,-4.35,0.));
#5589 = VECTOR('',#5590,1.);
#5590 = DIRECTION('',(0.,-0.,-1.));
#5591 = ORIENTED_EDGE('',*,*,#5592,.T.);
#5592 = EDGE_CURVE('',#5585,#5593,#5595,.T.);
#5593 = VERTEX_POINT('',#5594);
#5594 = CARTESIAN_POINT('',(0.,-4.15,2.5));
#5595 = LINE('',#5596,#5597);
#5596 = CARTESIAN_POINT('',(0.,-4.05,2.5));
#5597 = VECTOR('',#5598,1.);
#5598 = DIRECTION('',(0.,1.,-0.));
#5599 = ORIENTED_EDGE('',*,*,#5600,.F.);
#5600 = EDGE_CURVE('',#5601,#5593,#5603,.T.);
#5601 = VERTEX_POINT('',#5602);
#5602 = CARTESIAN_POINT('',(0.,-3.95,2.3));
#5603 = CIRCLE('',#5604,0.2);
#5604 = AXIS2_PLACEMENT_3D('',#5605,#5606,#5607);
#5605 = CARTESIAN_POINT('',(0.,-4.15,2.3));
#5606 = DIRECTION('',(1.,0.,0.));
#5607 = DIRECTION('',(0.,0.,-1.));
#5608 = ORIENTED_EDGE('',*,*,#5609,.T.);
#5609 = EDGE_CURVE('',#5601,#5610,#5612,.T.);
#5610 = VERTEX_POINT('',#5611);
#5611 = CARTESIAN_POINT('',(0.,-3.95,-2.3));
#5612 = LINE('',#5613,#5614);
#5613 = CARTESIAN_POINT('',(0.,-3.95,0.));
#5614 = VECTOR('',#5615,1.);
#5615 = DIRECTION('',(0.,0.,-1.));
#5616 = ORIENTED_EDGE('',*,*,#5617,.F.);
#5617 = EDGE_CURVE('',#5618,#5610,#5620,.T.);
#5618 = VERTEX_POINT('',#5619);
#5619 = CARTESIAN_POINT('',(0.,-4.15,-2.5));
#5620 = CIRCLE('',#5621,0.2);
#5621 = AXIS2_PLACEMENT_3D('',#5622,#5623,#5624);
#5622 = CARTESIAN_POINT('',(0.,-4.15,-2.3));
#5623 = DIRECTION('',(1.,0.,0.));
#5624 = DIRECTION('',(0.,0.,-1.));
#5625 = ORIENTED_EDGE('',*,*,#5626,.T.);
#5626 = EDGE_CURVE('',#5618,#5627,#5629,.T.);
#5627 = VERTEX_POINT('',#5628);
#5628 = CARTESIAN_POINT('',(0.,-4.35,-2.5));
#5629 = LINE('',#5630,#5631);
#5630 = CARTESIAN_POINT('',(0.,-4.45,-2.5));
#5631 = VECTOR('',#5632,1.);
#5632 = DIRECTION('',(-0.,-1.,0.));
#5633 = ORIENTED_EDGE('',*,*,#5634,.T.);
#5634 = EDGE_CURVE('',#5627,#5635,#5637,.T.);
#5635 = VERTEX_POINT('',#5636);
#5636 = CARTESIAN_POINT('',(0.,-4.35,-2.9));
#5637 = LINE('',#5638,#5639);
#5638 = CARTESIAN_POINT('',(0.,-4.35,-3.));
#5639 = VECTOR('',#5640,1.);
#5640 = DIRECTION('',(0.,-0.,-1.));
#5641 = ORIENTED_EDGE('',*,*,#5642,.T.);
#5642 = EDGE_CURVE('',#5635,#5643,#5645,.T.);
#5643 = VERTEX_POINT('',#5644);
#5644 = CARTESIAN_POINT('',(0.,3.95,-2.9));
#5645 = LINE('',#5646,#5647);
#5646 = CARTESIAN_POINT('',(0.,1.552684592695E-16,-2.9));
#5647 = VECTOR('',#5648,1.);
#5648 = DIRECTION('',(-0.,1.,5.354084802398E-17));
#5649 = ORIENTED_EDGE('',*,*,#5650,.T.);
#5650 = EDGE_CURVE('',#5643,#5651,#5653,.T.);
#5651 = VERTEX_POINT('',#5652);
#5652 = CARTESIAN_POINT('',(0.,3.95,2.9));
#5653 = LINE('',#5654,#5655);
#5654 = CARTESIAN_POINT('',(0.,3.95,0.));
#5655 = VECTOR('',#5656,1.);
#5656 = DIRECTION('',(0.,-0.,1.));
#5657 = ORIENTED_EDGE('',*,*,#5658,.T.);
#5658 = EDGE_CURVE('',#5651,#5583,#5659,.T.);
#5659 = LINE('',#5660,#5661);
#5660 = CARTESIAN_POINT('',(0.,-3.105369185391E-16,2.9));
#5661 = VECTOR('',#5662,1.);
#5662 = DIRECTION('',(0.,-1.,-1.07081696048E-16));
#5663 = PLANE('',#5664);
#5664 = AXIS2_PLACEMENT_3D('',#5665,#5666,#5667);
#5665 = CARTESIAN_POINT('',(0.,0.,0.));
#5666 = DIRECTION('',(1.,0.,0.));
#5667 = DIRECTION('',(0.,0.,-1.));
#5668 = ADVANCED_FACE('',(#5669),#5694,.F.);
#5669 = FACE_BOUND('',#5670,.T.);
#5670 = EDGE_LOOP('',(#5671,#5672,#5680,#5688));
#5671 = ORIENTED_EDGE('',*,*,#5542,.T.);
#5672 = ORIENTED_EDGE('',*,*,#5673,.T.);
#5673 = EDGE_CURVE('',#5534,#5674,#5676,.T.);
#5674 = VERTEX_POINT('',#5675);
#5675 = CARTESIAN_POINT('',(-0.1,-4.15,2.4));
#5676 = LINE('',#5677,#5678);
#5677 = CARTESIAN_POINT('',(-2.46,-4.15,2.4));
#5678 = VECTOR('',#5679,1.);
#5679 = DIRECTION('',(1.,0.,0.));
#5680 = ORIENTED_EDGE('',*,*,#5681,.T.);
#5681 = EDGE_CURVE('',#5674,#5682,#5684,.T.);
#5682 = VERTEX_POINT('',#5683);
#5683 = CARTESIAN_POINT('',(-0.1,-4.35,2.4));
#5684 = LINE('',#5685,#5686);
#5685 = CARTESIAN_POINT('',(-0.1,-4.45,2.4));
#5686 = VECTOR('',#5687,1.);
#5687 = DIRECTION('',(-0.,-1.,0.));
#5688 = ORIENTED_EDGE('',*,*,#5689,.T.);
#5689 = EDGE_CURVE('',#5682,#5543,#5690,.T.);
#5690 = LINE('',#5691,#5692);
#5691 = CARTESIAN_POINT('',(-2.46,-4.35,2.4));
#5692 = VECTOR('',#5693,1.);
#5693 = DIRECTION('',(-1.,0.,-0.));
#5694 = PLANE('',#5695);
#5695 = AXIS2_PLACEMENT_3D('',#5696,#5697,#5698);
#5696 = CARTESIAN_POINT('',(-2.46,-4.45,2.4));
#5697 = DIRECTION('',(-0.,0.,1.));
#5698 = DIRECTION('',(1.,0.,0.));
#5699 = ADVANCED_FACE('',(#5700),#5725,.T.);
#5700 = FACE_BOUND('',#5701,.T.);
#5701 = EDGE_LOOP('',(#5702,#5712,#5718,#5719));
#5702 = ORIENTED_EDGE('',*,*,#5703,.T.);
#5703 = EDGE_CURVE('',#5704,#5706,#5708,.T.);
#5704 = VERTEX_POINT('',#5705);
#5705 = CARTESIAN_POINT('',(-0.1,-4.45,2.5));
#5706 = VERTEX_POINT('',#5707);
#5707 = CARTESIAN_POINT('',(-0.1,-4.45,2.9));
#5708 = LINE('',#5709,#5710);
#5709 = CARTESIAN_POINT('',(-0.1,-4.45,0.));
#5710 = VECTOR('',#5711,1.);
#5711 = DIRECTION('',(-0.,0.,1.));
#5712 = ORIENTED_EDGE('',*,*,#5713,.T.);
#5713 = EDGE_CURVE('',#5706,#5560,#5714,.T.);
#5714 = LINE('',#5715,#5716);
#5715 = CARTESIAN_POINT('',(0.,-4.45,2.9));
#5716 = VECTOR('',#5717,1.);
#5717 = DIRECTION('',(-1.,0.,0.));
#5718 = ORIENTED_EDGE('',*,*,#5559,.T.);
#5719 = ORIENTED_EDGE('',*,*,#5720,.T.);
#5720 = EDGE_CURVE('',#5551,#5704,#5721,.T.);
#5721 = LINE('',#5722,#5723);
#5722 = CARTESIAN_POINT('',(0.,-4.45,2.5));
#5723 = VECTOR('',#5724,1.);
#5724 = DIRECTION('',(1.,0.,-0.));
#5725 = PLANE('',#5726);
#5726 = AXIS2_PLACEMENT_3D('',#5727,#5728,#5729);
#5727 = CARTESIAN_POINT('',(0.,-4.45,0.));
#5728 = DIRECTION('',(0.,-1.,0.));
#5729 = DIRECTION('',(0.,-0.,-1.));
#5730 = ADVANCED_FACE('',(#5731),#5756,.F.);
#5731 = FACE_BOUND('',#5732,.T.);
#5732 = EDGE_LOOP('',(#5733,#5743,#5749,#5750));
#5733 = ORIENTED_EDGE('',*,*,#5734,.T.);
#5734 = EDGE_CURVE('',#5735,#5737,#5739,.T.);
#5735 = VERTEX_POINT('',#5736);
#5736 = CARTESIAN_POINT('',(-1.E-01,-4.35,-2.4));
#5737 = VERTEX_POINT('',#5738);
#5738 = CARTESIAN_POINT('',(-1.E-01,-4.15,-2.4));
#5739 = LINE('',#5740,#5741);
#5740 = CARTESIAN_POINT('',(-1.E-01,-4.05,-2.4));
#5741 = VECTOR('',#5742,1.);
#5742 = DIRECTION('',(-0.,1.,0.));
#5743 = ORIENTED_EDGE('',*,*,#5744,.T.);
#5744 = EDGE_CURVE('',#5737,#5518,#5745,.T.);
#5745 = LINE('',#5746,#5747);
#5746 = CARTESIAN_POINT('',(-2.46,-4.15,-2.4));
#5747 = VECTOR('',#5748,1.);
#5748 = DIRECTION('',(-1.,0.,0.));
#5749 = ORIENTED_EDGE('',*,*,#5517,.F.);
#5750 = ORIENTED_EDGE('',*,*,#5751,.T.);
#5751 = EDGE_CURVE('',#5509,#5735,#5752,.T.);
#5752 = LINE('',#5753,#5754);
#5753 = CARTESIAN_POINT('',(-2.46,-4.35,-2.4));
#5754 = VECTOR('',#5755,1.);
#5755 = DIRECTION('',(1.,-0.,-0.));
#5756 = PLANE('',#5757);
#5757 = AXIS2_PLACEMENT_3D('',#5758,#5759,#5760);
#5758 = CARTESIAN_POINT('',(-2.46,-4.45,-2.4));
#5759 = DIRECTION('',(0.,0.,-1.));
#5760 = DIRECTION('',(-1.,0.,-0.));
#5761 = ADVANCED_FACE('',(#5762),#5787,.F.);
#5762 = FACE_BOUND('',#5763,.T.);
#5763 = EDGE_LOOP('',(#5764,#5774,#5780,#5781));
#5764 = ORIENTED_EDGE('',*,*,#5765,.T.);
#5765 = EDGE_CURVE('',#5766,#5768,#5770,.T.);
#5766 = VERTEX_POINT('',#5767);
#5767 = CARTESIAN_POINT('',(-0.1,-4.45,-2.9));
#5768 = VERTEX_POINT('',#5769);
#5769 = CARTESIAN_POINT('',(-0.1,-4.45,-2.5));
#5770 = LINE('',#5771,#5772);
#5771 = CARTESIAN_POINT('',(-0.1,-4.45,-2.4));
#5772 = VECTOR('',#5773,1.);
#5773 = DIRECTION('',(-0.,0.,1.));
#5774 = ORIENTED_EDGE('',*,*,#5775,.T.);
#5775 = EDGE_CURVE('',#5768,#5501,#5776,.T.);
#5776 = LINE('',#5777,#5778);
#5777 = CARTESIAN_POINT('',(0.,-4.45,-2.5));
#5778 = VECTOR('',#5779,1.);
#5779 = DIRECTION('',(-1.,0.,0.));
#5780 = ORIENTED_EDGE('',*,*,#5500,.T.);
#5781 = ORIENTED_EDGE('',*,*,#5782,.T.);
#5782 = EDGE_CURVE('',#5492,#5766,#5783,.T.);
#5783 = LINE('',#5784,#5785);
#5784 = CARTESIAN_POINT('',(0.,-4.45,-2.9));
#5785 = VECTOR('',#5786,1.);
#5786 = DIRECTION('',(1.,-0.,0.));
#5787 = PLANE('',#5788);
#5788 = AXIS2_PLACEMENT_3D('',#5789,#5790,#5791);
#5789 = CARTESIAN_POINT('',(0.,-4.45,0.));
#5790 = DIRECTION('',(0.,1.,0.));
#5791 = DIRECTION('',(0.,-0.,1.));
#5792 = ADVANCED_FACE('',(#5793),#5805,.T.);
#5793 = FACE_BOUND('',#5794,.T.);
#5794 = EDGE_LOOP('',(#5795,#5796,#5797,#5804));
#5795 = ORIENTED_EDGE('',*,*,#5508,.F.);
#5796 = ORIENTED_EDGE('',*,*,#5775,.F.);
#5797 = ORIENTED_EDGE('',*,*,#5798,.F.);
#5798 = EDGE_CURVE('',#5735,#5768,#5799,.T.);
#5799 = CIRCLE('',#5800,0.1);
#5800 = AXIS2_PLACEMENT_3D('',#5801,#5802,#5803);
#5801 = CARTESIAN_POINT('',(-1.E-01,-4.35,-2.5));
#5802 = DIRECTION('',(1.,-1.761828530289E-15,0.));
#5803 = DIRECTION('',(1.761828530289E-15,1.,0.));
#5804 = ORIENTED_EDGE('',*,*,#5751,.F.);
#5805 = CYLINDRICAL_SURFACE('',#5806,1.E-01);
#5806 = AXIS2_PLACEMENT_3D('',#5807,#5808,#5809);
#5807 = CARTESIAN_POINT('',(0.,-4.35,-2.5));
#5808 = DIRECTION('',(-1.,0.,0.));
#5809 = DIRECTION('',(0.,0.,1.));
#5810 = ADVANCED_FACE('',(#5811),#5829,.T.);
#5811 = FACE_BOUND('',#5812,.T.);
#5812 = EDGE_LOOP('',(#5813,#5820,#5821,#5828));
#5813 = ORIENTED_EDGE('',*,*,#5814,.F.);
#5814 = EDGE_CURVE('',#5737,#5618,#5815,.T.);
#5815 = CIRCLE('',#5816,1.E-01);
#5816 = AXIS2_PLACEMENT_3D('',#5817,#5818,#5819);
#5817 = CARTESIAN_POINT('',(-1.E-01,-4.15,-2.5));
#5818 = DIRECTION('',(0.,1.,0.));
#5819 = DIRECTION('',(0.,-0.,1.));
#5820 = ORIENTED_EDGE('',*,*,#5734,.F.);
#5821 = ORIENTED_EDGE('',*,*,#5822,.F.);
#5822 = EDGE_CURVE('',#5627,#5735,#5823,.T.);
#5823 = CIRCLE('',#5824,1.E-01);
#5824 = AXIS2_PLACEMENT_3D('',#5825,#5826,#5827);
#5825 = CARTESIAN_POINT('',(-0.1,-4.35,-2.5));
#5826 = DIRECTION('',(0.,-1.,0.));
#5827 = DIRECTION('',(0.,0.,-1.));
#5828 = ORIENTED_EDGE('',*,*,#5626,.F.);
#5829 = CYLINDRICAL_SURFACE('',#5830,1.E-01);
#5830 = AXIS2_PLACEMENT_3D('',#5831,#5832,#5833);
#5831 = CARTESIAN_POINT('',(-1.E-01,-4.45,-2.5));
#5832 = DIRECTION('',(0.,-1.,0.));
#5833 = DIRECTION('',(0.,0.,-1.));
#5834 = ADVANCED_FACE('',(#5835),#5847,.F.);
#5835 = FACE_BOUND('',#5836,.F.);
#5836 = EDGE_LOOP('',(#5837,#5838,#5845,#5846));
#5837 = ORIENTED_EDGE('',*,*,#5340,.T.);
#5838 = ORIENTED_EDGE('',*,*,#5839,.T.);
#5839 = EDGE_CURVE('',#5315,#5737,#5840,.T.);
#5840 = CIRCLE('',#5841,1.E-01);
#5841 = AXIS2_PLACEMENT_3D('',#5842,#5843,#5844);
#5842 = CARTESIAN_POINT('',(-1.E-01,-4.15,-2.3));
#5843 = DIRECTION('',(-1.,-0.,-0.));
#5844 = DIRECTION('',(0.,0.,-1.));
#5845 = ORIENTED_EDGE('',*,*,#5744,.T.);
#5846 = ORIENTED_EDGE('',*,*,#5525,.T.);
#5847 = CYLINDRICAL_SURFACE('',#5848,1.E-01);
#5848 = AXIS2_PLACEMENT_3D('',#5849,#5850,#5851);
#5849 = CARTESIAN_POINT('',(-2.46,-4.15,-2.3));
#5850 = DIRECTION('',(-1.,0.,0.));
#5851 = DIRECTION('',(0.,0.,1.));
#5852 = ADVANCED_FACE('',(#5853),#5864,.T.);
#5853 = FACE_BOUND('',#5854,.T.);
#5854 = EDGE_LOOP('',(#5855,#5856,#5857));
#5855 = ORIENTED_EDGE('',*,*,#5822,.T.);
#5856 = ORIENTED_EDGE('',*,*,#5798,.T.);
#5857 = ORIENTED_EDGE('',*,*,#5858,.F.);
#5858 = EDGE_CURVE('',#5627,#5768,#5859,.T.);
#5859 = CIRCLE('',#5860,0.1);
#5860 = AXIS2_PLACEMENT_3D('',#5861,#5862,#5863);
#5861 = CARTESIAN_POINT('',(-0.1,-4.35,-2.5));
#5862 = DIRECTION('',(0.,0.,-1.));
#5863 = DIRECTION('',(1.,0.,0.));
#5864 = SPHERICAL_SURFACE('',#5865,0.1);
#5865 = AXIS2_PLACEMENT_3D('',#5866,#5867,#5868);
#5866 = CARTESIAN_POINT('',(-0.1,-4.35,-2.5));
#5867 = DIRECTION('',(0.,1.,0.));
#5868 = DIRECTION('',(1.,0.,0.));
#5869 = ADVANCED_FACE('',(#5870),#5882,.T.);
#5870 = FACE_BOUND('',#5871,.T.);
#5871 = EDGE_LOOP('',(#5872,#5873,#5874,#5881));
#5872 = ORIENTED_EDGE('',*,*,#5814,.T.);
#5873 = ORIENTED_EDGE('',*,*,#5617,.T.);
#5874 = ORIENTED_EDGE('',*,*,#5875,.F.);
#5875 = EDGE_CURVE('',#5315,#5610,#5876,.T.);
#5876 = CIRCLE('',#5877,0.1);
#5877 = AXIS2_PLACEMENT_3D('',#5878,#5879,#5880);
#5878 = CARTESIAN_POINT('',(-0.1,-3.95,-2.3));
#5879 = DIRECTION('',(0.,-0.,1.));
#5880 = DIRECTION('',(-1.,0.,0.));
#5881 = ORIENTED_EDGE('',*,*,#5839,.T.);
#5882 = TOROIDAL_SURFACE('',#5883,0.2,0.1);
#5883 = AXIS2_PLACEMENT_3D('',#5884,#5885,#5886);
#5884 = CARTESIAN_POINT('',(-1.E-01,-4.15,-2.3));
#5885 = DIRECTION('',(1.,0.,0.));
#5886 = DIRECTION('',(0.,0.,-1.));
#5887 = ADVANCED_FACE('',(#5888),#5900,.T.);
#5888 = FACE_BOUND('',#5889,.T.);
#5889 = EDGE_LOOP('',(#5890,#5891,#5892,#5899));
#5890 = ORIENTED_EDGE('',*,*,#5491,.F.);
#5891 = ORIENTED_EDGE('',*,*,#5364,.F.);
#5892 = ORIENTED_EDGE('',*,*,#5893,.F.);
#5893 = EDGE_CURVE('',#5766,#5357,#5894,.T.);
#5894 = CIRCLE('',#5895,1.E-01);
#5895 = AXIS2_PLACEMENT_3D('',#5896,#5897,#5898);
#5896 = CARTESIAN_POINT('',(-0.1,-4.35,-2.9));
#5897 = DIRECTION('',(1.,0.,0.));
#5898 = DIRECTION('',(0.,0.,-1.));
#5899 = ORIENTED_EDGE('',*,*,#5782,.F.);
#5900 = CYLINDRICAL_SURFACE('',#5901,1.E-01);
#5901 = AXIS2_PLACEMENT_3D('',#5902,#5903,#5904);
#5902 = CARTESIAN_POINT('',(0.,-4.35,-2.9));
#5903 = DIRECTION('',(-1.,0.,0.));
#5904 = DIRECTION('',(0.,0.,1.));
#5905 = ADVANCED_FACE('',(#5906),#5918,.T.);
#5906 = FACE_BOUND('',#5907,.T.);
#5907 = EDGE_LOOP('',(#5908,#5909,#5910,#5917));
#5908 = ORIENTED_EDGE('',*,*,#5858,.T.);
#5909 = ORIENTED_EDGE('',*,*,#5765,.F.);
#5910 = ORIENTED_EDGE('',*,*,#5911,.F.);
#5911 = EDGE_CURVE('',#5635,#5766,#5912,.T.);
#5912 = CIRCLE('',#5913,0.1);
#5913 = AXIS2_PLACEMENT_3D('',#5914,#5915,#5916);
#5914 = CARTESIAN_POINT('',(-0.1,-4.35,-2.9));
#5915 = DIRECTION('',(0.,0.,-1.));
#5916 = DIRECTION('',(-1.,0.,0.));
#5917 = ORIENTED_EDGE('',*,*,#5634,.F.);
#5918 = CYLINDRICAL_SURFACE('',#5919,0.1);
#5919 = AXIS2_PLACEMENT_3D('',#5920,#5921,#5922);
#5920 = CARTESIAN_POINT('',(-0.1,-4.35,0.));
#5921 = DIRECTION('',(0.,0.,-1.));
#5922 = DIRECTION('',(-1.,0.,0.));
#5923 = ADVANCED_FACE('',(#5924),#5936,.T.);
#5924 = FACE_BOUND('',#5925,.T.);
#5925 = EDGE_LOOP('',(#5926,#5927,#5928,#5935));
#5926 = ORIENTED_EDGE('',*,*,#5875,.T.);
#5927 = ORIENTED_EDGE('',*,*,#5609,.F.);
#5928 = ORIENTED_EDGE('',*,*,#5929,.F.);
#5929 = EDGE_CURVE('',#5317,#5601,#5930,.T.);
#5930 = CIRCLE('',#5931,0.1);
#5931 = AXIS2_PLACEMENT_3D('',#5932,#5933,#5934);
#5932 = CARTESIAN_POINT('',(-0.1,-3.95,2.3));
#5933 = DIRECTION('',(-0.,0.,1.));
#5934 = DIRECTION('',(1.,0.,0.));
#5935 = ORIENTED_EDGE('',*,*,#5314,.F.);
#5936 = CYLINDRICAL_SURFACE('',#5937,0.1);
#5937 = AXIS2_PLACEMENT_3D('',#5938,#5939,#5940);
#5938 = CARTESIAN_POINT('',(-0.1,-3.95,0.));
#5939 = DIRECTION('',(0.,0.,-1.));
#5940 = DIRECTION('',(-1.,0.,0.));
#5941 = ADVANCED_FACE('',(#5942),#5954,.F.);
#5942 = FACE_BOUND('',#5943,.F.);
#5943 = EDGE_LOOP('',(#5944,#5945,#5952,#5953));
#5944 = ORIENTED_EDGE('',*,*,#5673,.T.);
#5945 = ORIENTED_EDGE('',*,*,#5946,.T.);
#5946 = EDGE_CURVE('',#5674,#5317,#5947,.T.);
#5947 = CIRCLE('',#5948,1.E-01);
#5948 = AXIS2_PLACEMENT_3D('',#5949,#5950,#5951);
#5949 = CARTESIAN_POINT('',(-1.E-01,-4.15,2.3));
#5950 = DIRECTION('',(-1.,-0.,-0.));
#5951 = DIRECTION('',(0.,0.,-1.));
#5952 = ORIENTED_EDGE('',*,*,#5324,.T.);
#5953 = ORIENTED_EDGE('',*,*,#5533,.T.);
#5954 = CYLINDRICAL_SURFACE('',#5955,1.E-01);
#5955 = AXIS2_PLACEMENT_3D('',#5956,#5957,#5958);
#5956 = CARTESIAN_POINT('',(-2.46,-4.15,2.3));
#5957 = DIRECTION('',(1.,0.,0.));
#5958 = DIRECTION('',(0.,0.,-1.));
#5959 = ADVANCED_FACE('',(#5960),#5971,.T.);
#5960 = FACE_BOUND('',#5961,.T.);
#5961 = EDGE_LOOP('',(#5962,#5963,#5964));
#5962 = ORIENTED_EDGE('',*,*,#5911,.T.);
#5963 = ORIENTED_EDGE('',*,*,#5893,.T.);
#5964 = ORIENTED_EDGE('',*,*,#5965,.F.);
#5965 = EDGE_CURVE('',#5635,#5357,#5966,.T.);
#5966 = CIRCLE('',#5967,1.E-01);
#5967 = AXIS2_PLACEMENT_3D('',#5968,#5969,#5970);
#5968 = CARTESIAN_POINT('',(-0.1,-4.35,-2.9));
#5969 = DIRECTION('',(-0.,1.,0.));
#5970 = DIRECTION('',(0.,0.,-1.));
#5971 = SPHERICAL_SURFACE('',#5972,0.1);
#5972 = AXIS2_PLACEMENT_3D('',#5973,#5974,#5975);
#5973 = CARTESIAN_POINT('',(-0.1,-4.35,-2.9));
#5974 = DIRECTION('',(0.,1.,0.));
#5975 = DIRECTION('',(1.,0.,0.));
#5976 = ADVANCED_FACE('',(#5977),#5989,.T.);
#5977 = FACE_BOUND('',#5978,.T.);
#5978 = EDGE_LOOP('',(#5979,#5980,#5981,#5988));
#5979 = ORIENTED_EDGE('',*,*,#5929,.T.);
#5980 = ORIENTED_EDGE('',*,*,#5600,.T.);
#5981 = ORIENTED_EDGE('',*,*,#5982,.F.);
#5982 = EDGE_CURVE('',#5674,#5593,#5983,.T.);
#5983 = CIRCLE('',#5984,1.E-01);
#5984 = AXIS2_PLACEMENT_3D('',#5985,#5986,#5987);
#5985 = CARTESIAN_POINT('',(-0.1,-4.15,2.5));
#5986 = DIRECTION('',(0.,-1.,0.));
#5987 = DIRECTION('',(0.,0.,1.));
#5988 = ORIENTED_EDGE('',*,*,#5946,.T.);
#5989 = TOROIDAL_SURFACE('',#5990,0.2,0.1);
#5990 = AXIS2_PLACEMENT_3D('',#5991,#5992,#5993);
#5991 = CARTESIAN_POINT('',(-1.E-01,-4.15,2.3));
#5992 = DIRECTION('',(1.,0.,0.));
#5993 = DIRECTION('',(0.,0.,-1.));
#5994 = ADVANCED_FACE('',(#5995),#6007,.T.);
#5995 = FACE_BOUND('',#5996,.T.);
#5996 = EDGE_LOOP('',(#5997,#5998,#5999,#6006));
#5997 = ORIENTED_EDGE('',*,*,#5483,.F.);
#5998 = ORIENTED_EDGE('',*,*,#5460,.F.);
#5999 = ORIENTED_EDGE('',*,*,#6000,.F.);
#6000 = EDGE_CURVE('',#5355,#5453,#6001,.T.);
#6001 = CIRCLE('',#6002,1.E-01);
#6002 = AXIS2_PLACEMENT_3D('',#6003,#6004,#6005);
#6003 = CARTESIAN_POINT('',(-0.1,3.95,-2.9));
#6004 = DIRECTION('',(1.,-0.,0.));
#6005 = DIRECTION('',(0.,0.,-1.));
#6006 = ORIENTED_EDGE('',*,*,#5380,.F.);
#6007 = CYLINDRICAL_SURFACE('',#6008,1.E-01);
#6008 = AXIS2_PLACEMENT_3D('',#6009,#6010,#6011);
#6009 = CARTESIAN_POINT('',(-2.46,3.95,-2.9));
#6010 = DIRECTION('',(1.,0.,0.));
#6011 = DIRECTION('',(0.,0.,-1.));
#6012 = ADVANCED_FACE('',(#6013),#6025,.T.);
#6013 = FACE_BOUND('',#6014,.T.);
#6014 = EDGE_LOOP('',(#6015,#6016,#6017,#6024));
#6015 = ORIENTED_EDGE('',*,*,#5965,.T.);
#6016 = ORIENTED_EDGE('',*,*,#5354,.F.);
#6017 = ORIENTED_EDGE('',*,*,#6018,.F.);
#6018 = EDGE_CURVE('',#5643,#5355,#6019,.T.);
#6019 = CIRCLE('',#6020,1.E-01);
#6020 = AXIS2_PLACEMENT_3D('',#6021,#6022,#6023);
#6021 = CARTESIAN_POINT('',(-0.1,3.95,-2.9));
#6022 = DIRECTION('',(-0.,1.,0.));
#6023 = DIRECTION('',(0.,0.,1.));
#6024 = ORIENTED_EDGE('',*,*,#5642,.F.);
#6025 = CYLINDRICAL_SURFACE('',#6026,1.E-01);
#6026 = AXIS2_PLACEMENT_3D('',#6027,#6028,#6029);
#6027 = CARTESIAN_POINT('',(-0.1,1.552684592695E-16,-2.9));
#6028 = DIRECTION('',(-0.,1.,5.354084802398E-17));
#6029 = DIRECTION('',(0.,-5.354084802398E-17,1.));
#6030 = ADVANCED_FACE('',(#6031),#6043,.T.);
#6031 = FACE_BOUND('',#6032,.T.);
#6032 = EDGE_LOOP('',(#6033,#6034,#6035,#6042));
#6033 = ORIENTED_EDGE('',*,*,#5982,.T.);
#6034 = ORIENTED_EDGE('',*,*,#5592,.F.);
#6035 = ORIENTED_EDGE('',*,*,#6036,.F.);
#6036 = EDGE_CURVE('',#5682,#5585,#6037,.T.);
#6037 = CIRCLE('',#6038,1.E-01);
#6038 = AXIS2_PLACEMENT_3D('',#6039,#6040,#6041);
#6039 = CARTESIAN_POINT('',(-0.1,-4.35,2.5));
#6040 = DIRECTION('',(0.,-1.,0.));
#6041 = DIRECTION('',(0.,0.,-1.));
#6042 = ORIENTED_EDGE('',*,*,#5681,.F.);
#6043 = CYLINDRICAL_SURFACE('',#6044,1.E-01);
#6044 = AXIS2_PLACEMENT_3D('',#6045,#6046,#6047);
#6045 = CARTESIAN_POINT('',(-0.1,0.,2.5));
#6046 = DIRECTION('',(0.,-1.,0.));
#6047 = DIRECTION('',(0.,0.,-1.));
#6048 = ADVANCED_FACE('',(#6049),#6061,.T.);
#6049 = FACE_BOUND('',#6050,.T.);
#6050 = EDGE_LOOP('',(#6051,#6052,#6053,#6060));
#6051 = ORIENTED_EDGE('',*,*,#5550,.F.);
#6052 = ORIENTED_EDGE('',*,*,#5689,.F.);
#6053 = ORIENTED_EDGE('',*,*,#6054,.F.);
#6054 = EDGE_CURVE('',#5704,#5682,#6055,.T.);
#6055 = CIRCLE('',#6056,1.E-01);
#6056 = AXIS2_PLACEMENT_3D('',#6057,#6058,#6059);
#6057 = CARTESIAN_POINT('',(-0.1,-4.35,2.5));
#6058 = DIRECTION('',(1.,0.,0.));
#6059 = DIRECTION('',(0.,0.,-1.));
#6060 = ORIENTED_EDGE('',*,*,#5720,.F.);
#6061 = CYLINDRICAL_SURFACE('',#6062,1.E-01);
#6062 = AXIS2_PLACEMENT_3D('',#6063,#6064,#6065);
#6063 = CARTESIAN_POINT('',(0.,-4.35,2.5));
#6064 = DIRECTION('',(-1.,0.,0.));
#6065 = DIRECTION('',(0.,0.,1.));
#6066 = ADVANCED_FACE('',(#6067),#6078,.T.);
#6067 = FACE_BOUND('',#6068,.T.);
#6068 = EDGE_LOOP('',(#6069,#6070,#6071));
#6069 = ORIENTED_EDGE('',*,*,#6018,.T.);
#6070 = ORIENTED_EDGE('',*,*,#6000,.T.);
#6071 = ORIENTED_EDGE('',*,*,#6072,.F.);
#6072 = EDGE_CURVE('',#5643,#5453,#6073,.T.);
#6073 = CIRCLE('',#6074,0.1);
#6074 = AXIS2_PLACEMENT_3D('',#6075,#6076,#6077);
#6075 = CARTESIAN_POINT('',(-0.1,3.95,-2.9));
#6076 = DIRECTION('',(0.,-0.,1.));
#6077 = DIRECTION('',(-1.,0.,0.));
#6078 = SPHERICAL_SURFACE('',#6079,0.1);
#6079 = AXIS2_PLACEMENT_3D('',#6080,#6081,#6082);
#6080 = CARTESIAN_POINT('',(-0.1,3.95,-2.9));
#6081 = DIRECTION('',(0.,1.,0.));
#6082 = DIRECTION('',(1.,0.,0.));
#6083 = ADVANCED_FACE('',(#6084),#6095,.T.);
#6084 = FACE_BOUND('',#6085,.T.);
#6085 = EDGE_LOOP('',(#6086,#6087,#6088));
#6086 = ORIENTED_EDGE('',*,*,#6054,.T.);
#6087 = ORIENTED_EDGE('',*,*,#6036,.T.);
#6088 = ORIENTED_EDGE('',*,*,#6089,.F.);
#6089 = EDGE_CURVE('',#5704,#5585,#6090,.T.);
#6090 = CIRCLE('',#6091,0.1);
#6091 = AXIS2_PLACEMENT_3D('',#6092,#6093,#6094);
#6092 = CARTESIAN_POINT('',(-0.1,-4.35,2.5));
#6093 = DIRECTION('',(0.,-0.,1.));
#6094 = DIRECTION('',(-1.,0.,0.));
#6095 = SPHERICAL_SURFACE('',#6096,0.1);
#6096 = AXIS2_PLACEMENT_3D('',#6097,#6098,#6099);
#6097 = CARTESIAN_POINT('',(-0.1,-4.35,2.5));
#6098 = DIRECTION('',(0.,1.,0.));
#6099 = DIRECTION('',(1.,0.,0.));
#6100 = ADVANCED_FACE('',(#6101),#6113,.T.);
#6101 = FACE_BOUND('',#6102,.T.);
#6102 = EDGE_LOOP('',(#6103,#6104,#6105,#6112));
#6103 = ORIENTED_EDGE('',*,*,#5475,.F.);
#6104 = ORIENTED_EDGE('',*,*,#5404,.F.);
#6105 = ORIENTED_EDGE('',*,*,#6106,.F.);
#6106 = EDGE_CURVE('',#5445,#5397,#6107,.T.);
#6107 = CIRCLE('',#6108,1.E-01);
#6108 = AXIS2_PLACEMENT_3D('',#6109,#6110,#6111);
#6109 = CARTESIAN_POINT('',(-0.1,3.95,2.9));
#6110 = DIRECTION('',(1.,0.,0.));
#6111 = DIRECTION('',(0.,0.,-1.));
#6112 = ORIENTED_EDGE('',*,*,#5444,.F.);
#6113 = CYLINDRICAL_SURFACE('',#6114,1.E-01);
#6114 = AXIS2_PLACEMENT_3D('',#6115,#6116,#6117);
#6115 = CARTESIAN_POINT('',(-2.46,3.95,2.9));
#6116 = DIRECTION('',(1.,0.,0.));
#6117 = DIRECTION('',(0.,0.,-1.));
#6118 = ADVANCED_FACE('',(#6119),#6131,.T.);
#6119 = FACE_BOUND('',#6120,.T.);
#6120 = EDGE_LOOP('',(#6121,#6122,#6123,#6130));
#6121 = ORIENTED_EDGE('',*,*,#6072,.T.);
#6122 = ORIENTED_EDGE('',*,*,#5452,.F.);
#6123 = ORIENTED_EDGE('',*,*,#6124,.F.);
#6124 = EDGE_CURVE('',#5651,#5445,#6125,.T.);
#6125 = CIRCLE('',#6126,0.1);
#6126 = AXIS2_PLACEMENT_3D('',#6127,#6128,#6129);
#6127 = CARTESIAN_POINT('',(-0.1,3.95,2.9));
#6128 = DIRECTION('',(0.,0.,1.));
#6129 = DIRECTION('',(1.,0.,-0.));
#6130 = ORIENTED_EDGE('',*,*,#5650,.F.);
#6131 = CYLINDRICAL_SURFACE('',#6132,0.1);
#6132 = AXIS2_PLACEMENT_3D('',#6133,#6134,#6135);
#6133 = CARTESIAN_POINT('',(-0.1,3.95,0.));
#6134 = DIRECTION('',(0.,-0.,1.));
#6135 = DIRECTION('',(1.,0.,0.));
#6136 = ADVANCED_FACE('',(#6137),#6149,.T.);
#6137 = FACE_BOUND('',#6138,.T.);
#6138 = EDGE_LOOP('',(#6139,#6140,#6141,#6148));
#6139 = ORIENTED_EDGE('',*,*,#6089,.T.);
#6140 = ORIENTED_EDGE('',*,*,#5582,.F.);
#6141 = ORIENTED_EDGE('',*,*,#6142,.F.);
#6142 = EDGE_CURVE('',#5706,#5583,#6143,.T.);
#6143 = CIRCLE('',#6144,0.1);
#6144 = AXIS2_PLACEMENT_3D('',#6145,#6146,#6147);
#6145 = CARTESIAN_POINT('',(-0.1,-4.35,2.9));
#6146 = DIRECTION('',(-0.,0.,1.));
#6147 = DIRECTION('',(1.,0.,0.));
#6148 = ORIENTED_EDGE('',*,*,#5703,.F.);
#6149 = CYLINDRICAL_SURFACE('',#6150,0.1);
#6150 = AXIS2_PLACEMENT_3D('',#6151,#6152,#6153);
#6151 = CARTESIAN_POINT('',(-0.1,-4.35,0.));
#6152 = DIRECTION('',(-0.,0.,1.));
#6153 = DIRECTION('',(1.,0.,0.));
#6154 = ADVANCED_FACE('',(#6155),#6167,.T.);
#6155 = FACE_BOUND('',#6156,.T.);
#6156 = EDGE_LOOP('',(#6157,#6158,#6159,#6166));
#6157 = ORIENTED_EDGE('',*,*,#5567,.F.);
#6158 = ORIENTED_EDGE('',*,*,#5713,.F.);
#6159 = ORIENTED_EDGE('',*,*,#6160,.F.);
#6160 = EDGE_CURVE('',#5395,#5706,#6161,.T.);
#6161 = CIRCLE('',#6162,1.E-01);
#6162 = AXIS2_PLACEMENT_3D('',#6163,#6164,#6165);
#6163 = CARTESIAN_POINT('',(-0.1,-4.35,2.9));
#6164 = DIRECTION('',(1.,0.,0.));
#6165 = DIRECTION('',(0.,-0.,-1.));
#6166 = ORIENTED_EDGE('',*,*,#5420,.F.);
#6167 = CYLINDRICAL_SURFACE('',#6168,1.E-01);
#6168 = AXIS2_PLACEMENT_3D('',#6169,#6170,#6171);
#6169 = CARTESIAN_POINT('',(0.,-4.35,2.9));
#6170 = DIRECTION('',(-1.,0.,0.));
#6171 = DIRECTION('',(0.,0.,1.));
#6172 = ADVANCED_FACE('',(#6173),#6184,.T.);
#6173 = FACE_BOUND('',#6174,.T.);
#6174 = EDGE_LOOP('',(#6175,#6176,#6177));
#6175 = ORIENTED_EDGE('',*,*,#6124,.T.);
#6176 = ORIENTED_EDGE('',*,*,#6106,.T.);
#6177 = ORIENTED_EDGE('',*,*,#6178,.F.);
#6178 = EDGE_CURVE('',#5651,#5397,#6179,.T.);
#6179 = CIRCLE('',#6180,1.E-01);
#6180 = AXIS2_PLACEMENT_3D('',#6181,#6182,#6183);
#6181 = CARTESIAN_POINT('',(-0.1,3.95,2.9));
#6182 = DIRECTION('',(0.,-1.,0.));
#6183 = DIRECTION('',(0.,0.,1.));
#6184 = SPHERICAL_SURFACE('',#6185,0.1);
#6185 = AXIS2_PLACEMENT_3D('',#6186,#6187,#6188);
#6186 = CARTESIAN_POINT('',(-0.1,3.95,2.9));
#6187 = DIRECTION('',(0.,1.,0.));
#6188 = DIRECTION('',(1.,0.,0.));
#6189 = ADVANCED_FACE('',(#6190),#6201,.T.);
#6190 = FACE_BOUND('',#6191,.T.);
#6191 = EDGE_LOOP('',(#6192,#6193,#6194));
#6192 = ORIENTED_EDGE('',*,*,#6160,.T.);
#6193 = ORIENTED_EDGE('',*,*,#6142,.T.);
#6194 = ORIENTED_EDGE('',*,*,#6195,.F.);
#6195 = EDGE_CURVE('',#5395,#5583,#6196,.T.);
#6196 = CIRCLE('',#6197,1.E-01);
#6197 = AXIS2_PLACEMENT_3D('',#6198,#6199,#6200);
#6198 = CARTESIAN_POINT('',(-0.1,-4.35,2.9));
#6199 = DIRECTION('',(-0.,1.,0.));
#6200 = DIRECTION('',(0.,0.,-1.));
#6201 = SPHERICAL_SURFACE('',#6202,0.1);
#6202 = AXIS2_PLACEMENT_3D('',#6203,#6204,#6205);
#6203 = CARTESIAN_POINT('',(-0.1,-4.35,2.9));
#6204 = DIRECTION('',(0.,1.,0.));
#6205 = DIRECTION('',(1.,0.,0.));
#6206 = ADVANCED_FACE('',(#6207),#6213,.T.);
#6207 = FACE_BOUND('',#6208,.T.);
#6208 = EDGE_LOOP('',(#6209,#6210,#6211,#6212));
#6209 = ORIENTED_EDGE('',*,*,#6178,.T.);
#6210 = ORIENTED_EDGE('',*,*,#5394,.F.);
#6211 = ORIENTED_EDGE('',*,*,#6195,.T.);
#6212 = ORIENTED_EDGE('',*,*,#5658,.F.);
#6213 = CYLINDRICAL_SURFACE('',#6214,1.E-01);
#6214 = AXIS2_PLACEMENT_3D('',#6215,#6216,#6217);
#6215 = CARTESIAN_POINT('',(-0.1,-3.105369185391E-16,2.9));
#6216 = DIRECTION('',(0.,-1.,-1.07081696048E-16));
#6217 = DIRECTION('',(0.,1.07081696048E-16,-1.));
#6218 = ( GEOMETRIC_REPRESENTATION_CONTEXT(3) 
GLOBAL_UNCERTAINTY_ASSIGNED_CONTEXT((#6222)) 
GLOBAL_UNIT_ASSIGNED_CONTEXT((#6219,#6220,#6221)) REPRESENTATION_CONTEXT
('Context #1','3D Context with UNIT and UNCERTAINTY') );
#6219 = ( LENGTH_UNIT() NAMED_UNIT(*) SI_UNIT(.MILLI.,.METRE.) );
#6220 = ( NAMED_UNIT(*) PLANE_ANGLE_UNIT() SI_UNIT($,.RADIAN.) );
#6221 = ( NAMED_UNIT(*) SI_UNIT($,.STERADIAN.) SOLID_ANGLE_UNIT() );
#6222 = UNCERTAINTY_MEASURE_WITH_UNIT(LENGTH_MEASURE(1.E-07),#6219,
  'distance_accuracy_value','confusion accuracy');
#6223 = CONTEXT_DEPENDENT_SHAPE_REPRESENTATION(#6224,#6226);
#6224 = ( REPRESENTATION_RELATIONSHIP('','',#5307,#63) 
REPRESENTATION_RELATIONSHIP_WITH_TRANSFORMATION(#6225) 
SHAPE_REPRESENTATION_RELATIONSHIP() );
#6225 = ITEM_DEFINED_TRANSFORMATION('','',#11,#68);
#6226 = PRODUCT_DEFINITION_SHAPE('Placement','Placement of an item',
  #6227);
#6227 = NEXT_ASSEMBLY_USAGE_OCCURRENCE('2','NAUO2','',#58,#5302,$);
#6228 = PRODUCT_RELATED_PRODUCT_CATEGORY('part',$,(#5304));
#6229 = CONTEXT_DEPENDENT_SHAPE_REPRESENTATION(#6230,#6232);
#6230 = ( REPRESENTATION_RELATIONSHIP('','',#134,#63) 
REPRESENTATION_RELATIONSHIP_WITH_TRANSFORMATION(#6231) 
SHAPE_REPRESENTATION_RELATIONSHIP() );
#6231 = ITEM_DEFINED_TRANSFORMATION('','',#11,#72);
#6232 = PRODUCT_DEFINITION_SHAPE('Placement','Placement of an item',
  #6233);
#6233 = NEXT_ASSEMBLY_USAGE_OCCURRENCE('3','NAUO3','',#58,#129,$);
#6234 = CONTEXT_DEPENDENT_SHAPE_REPRESENTATION(#6235,#6237);
#6235 = ( REPRESENTATION_RELATIONSHIP('','',#134,#63) 
REPRESENTATION_RELATIONSHIP_WITH_TRANSFORMATION(#6236) 
SHAPE_REPRESENTATION_RELATIONSHIP() );
#6236 = ITEM_DEFINED_TRANSFORMATION('','',#11,#76);
#6237 = PRODUCT_DEFINITION_SHAPE('Placement','Placement of an item',
  #6238);
#6238 = NEXT_ASSEMBLY_USAGE_OCCURRENCE('4','NAUO4','',#58,#129,$);
#6239 = CONTEXT_DEPENDENT_SHAPE_REPRESENTATION(#6240,#6242);
#6240 = ( REPRESENTATION_RELATIONSHIP('','',#5307,#63) 
REPRESENTATION_RELATIONSHIP_WITH_TRANSFORMATION(#6241) 
SHAPE_REPRESENTATION_RELATIONSHIP() );
#6241 = ITEM_DEFINED_TRANSFORMATION('','',#11,#80);
#6242 = PRODUCT_DEFINITION_SHAPE('Placement','Placement of an item',
  #6243);
#6243 = NEXT_ASSEMBLY_USAGE_OCCURRENCE('5','NAUO5','',#58,#5302,$);
#6244 = CONTEXT_DEPENDENT_SHAPE_REPRESENTATION(#6245,#6247);
#6245 = ( REPRESENTATION_RELATIONSHIP('','',#134,#63) 
REPRESENTATION_RELATIONSHIP_WITH_TRANSFORMATION(#6246) 
SHAPE_REPRESENTATION_RELATIONSHIP() );
#6246 = ITEM_DEFINED_TRANSFORMATION('','',#11,#84);
#6247 = PRODUCT_DEFINITION_SHAPE('Placement','Placement of an item',
  #6248);
#6248 = NEXT_ASSEMBLY_USAGE_OCCURRENCE('6','NAUO6','',#58,#129,$);
#6249 = CONTEXT_DEPENDENT_SHAPE_REPRESENTATION(#6250,#6252);
#6250 = ( REPRESENTATION_RELATIONSHIP('','',#134,#63) 
REPRESENTATION_RELATIONSHIP_WITH_TRANSFORMATION(#6251) 
SHAPE_REPRESENTATION_RELATIONSHIP() );
#6251 = ITEM_DEFINED_TRANSFORMATION('','',#11,#88);
#6252 = PRODUCT_DEFINITION_SHAPE('Placement','Placement of an item',
  #6253);
#6253 = NEXT_ASSEMBLY_USAGE_OCCURRENCE('7','NAUO7','',#58,#129,$);
#6254 = CONTEXT_DEPENDENT_SHAPE_REPRESENTATION(#6255,#6257);
#6255 = ( REPRESENTATION_RELATIONSHIP('','',#134,#63) 
REPRESENTATION_RELATIONSHIP_WITH_TRANSFORMATION(#6256) 
SHAPE_REPRESENTATION_RELATIONSHIP() );
#6256 = ITEM_DEFINED_TRANSFORMATION('','',#11,#92);
#6257 = PRODUCT_DEFINITION_SHAPE('Placement','Placement of an item',
  #6258);
#6258 = NEXT_ASSEMBLY_USAGE_OCCURRENCE('8','NAUO8','',#58,#129,$);
#6259 = CONTEXT_DEPENDENT_SHAPE_REPRESENTATION(#6260,#6262);
#6260 = ( REPRESENTATION_RELATIONSHIP('','',#134,#63) 
REPRESENTATION_RELATIONSHIP_WITH_TRANSFORMATION(#6261) 
SHAPE_REPRESENTATION_RELATIONSHIP() );
#6261 = ITEM_DEFINED_TRANSFORMATION('','',#11,#96);
#6262 = PRODUCT_DEFINITION_SHAPE('Placement','Placement of an item',
  #6263);
#6263 = NEXT_ASSEMBLY_USAGE_OCCURRENCE('9','NAUO9','',#58,#129,$);
#6264 = CONTEXT_DEPENDENT_SHAPE_REPRESENTATION(#6265,#6267);
#6265 = ( REPRESENTATION_RELATIONSHIP('','',#134,#63) 
REPRESENTATION_RELATIONSHIP_WITH_TRANSFORMATION(#6266) 
SHAPE_REPRESENTATION_RELATIONSHIP() );
#6266 = ITEM_DEFINED_TRANSFORMATION('','',#11,#100);
#6267 = PRODUCT_DEFINITION_SHAPE('Placement','Placement of an item',
  #6268);
#6268 = NEXT_ASSEMBLY_USAGE_OCCURRENCE('10','NAUO10','',#58,#129,$);
#6269 = CONTEXT_DEPENDENT_SHAPE_REPRESENTATION(#6270,#6272);
#6270 = ( REPRESENTATION_RELATIONSHIP('','',#134,#63) 
REPRESENTATION_RELATIONSHIP_WITH_TRANSFORMATION(#6271) 
SHAPE_REPRESENTATION_RELATIONSHIP() );
#6271 = ITEM_DEFINED_TRANSFORMATION('','',#11,#104);
#6272 = PRODUCT_DEFINITION_SHAPE('Placement','Placement of an item',
  #6273);
#6273 = NEXT_ASSEMBLY_USAGE_OCCURRENCE('11','NAUO11','',#58,#129,$);
#6274 = CONTEXT_DEPENDENT_SHAPE_REPRESENTATION(#6275,#6277);
#6275 = ( REPRESENTATION_RELATIONSHIP('','',#134,#63) 
REPRESENTATION_RELATIONSHIP_WITH_TRANSFORMATION(#6276) 
SHAPE_REPRESENTATION_RELATIONSHIP() );
#6276 = ITEM_DEFINED_TRANSFORMATION('','',#11,#108);
#6277 = PRODUCT_DEFINITION_SHAPE('Placement','Placement of an item',
  #6278);
#6278 = NEXT_ASSEMBLY_USAGE_OCCURRENCE('12','NAUO12','',#58,#129,$);
#6279 = SHAPE_DEFINITION_REPRESENTATION(#6280,#6286);
#6280 = PRODUCT_DEFINITION_SHAPE('','',#6281);
#6281 = PRODUCT_DEFINITION('design','',#6282,#6285);
#6282 = PRODUCT_DEFINITION_FORMATION('','',#6283);
#6283 = PRODUCT('Polarizing Key','Polarizing Key','',(#6284));
#6284 = PRODUCT_CONTEXT('',#2,'mechanical');
#6285 = PRODUCT_DEFINITION_CONTEXT('part definition',#2,'design');
#6286 = ADVANCED_BREP_SHAPE_REPRESENTATION('',(#11,#6287),#6959);
#6287 = MANIFOLD_SOLID_BREP('',#6288);
#6288 = CLOSED_SHELL('',(#6289,#6329,#6369,#6409,#6449,#6489,#6529,#6585
    ,#6641,#6659,#6683,#6701,#6718,#6735,#6753,#6771,#6789,#6807,#6824,
    #6841,#6859,#6877,#6895,#6913,#6930,#6947));
#6289 = ADVANCED_FACE('',(#6290),#6324,.F.);
#6290 = FACE_BOUND('',#6291,.T.);
#6291 = EDGE_LOOP('',(#6292,#6302,#6310,#6318));
#6292 = ORIENTED_EDGE('',*,*,#6293,.T.);
#6293 = EDGE_CURVE('',#6294,#6296,#6298,.T.);
#6294 = VERTEX_POINT('',#6295);
#6295 = CARTESIAN_POINT('',(-1.81977301744,5.960330917573,1.1));
#6296 = VERTEX_POINT('',#6297);
#6297 = CARTESIAN_POINT('',(-0.852419724296,6.902526118952,1.1));
#6298 = LINE('',#6299,#6300);
#6299 = CARTESIAN_POINT('',(-1.85,5.930890052356,1.1));
#6300 = VECTOR('',#6301,1.);
#6301 = DIRECTION('',(0.716360665963,0.697730174395,-0.));
#6302 = ORIENTED_EDGE('',*,*,#6303,.T.);
#6303 = EDGE_CURVE('',#6296,#6304,#6306,.T.);
#6304 = VERTEX_POINT('',#6305);
#6305 = CARTESIAN_POINT('',(-0.852419724296,6.902526118952,0.));
#6306 = LINE('',#6307,#6308);
#6307 = CARTESIAN_POINT('',(-0.852419724296,6.902526118952,1.2));
#6308 = VECTOR('',#6309,1.);
#6309 = DIRECTION('',(0.,0.,-1.));
#6310 = ORIENTED_EDGE('',*,*,#6311,.T.);
#6311 = EDGE_CURVE('',#6304,#6312,#6314,.T.);
#6312 = VERTEX_POINT('',#6313);
#6313 = CARTESIAN_POINT('',(-1.81977301744,5.960330917573,0.));
#6314 = LINE('',#6315,#6316);
#6315 = CARTESIAN_POINT('',(-1.85,5.930890052356,0.));
#6316 = VECTOR('',#6317,1.);
#6317 = DIRECTION('',(-0.716360665963,-0.697730174395,-0.));
#6318 = ORIENTED_EDGE('',*,*,#6319,.T.);
#6319 = EDGE_CURVE('',#6312,#6294,#6320,.T.);
#6320 = LINE('',#6321,#6322);
#6321 = CARTESIAN_POINT('',(-1.81977301744,5.960330917573,1.2));
#6322 = VECTOR('',#6323,1.);
#6323 = DIRECTION('',(-0.,-0.,1.));
#6324 = PLANE('',#6325);
#6325 = AXIS2_PLACEMENT_3D('',#6326,#6327,#6328);
#6326 = CARTESIAN_POINT('',(-1.85,5.930890052356,1.2));
#6327 = DIRECTION('',(0.697730174395,-0.716360665963,0.));
#6328 = DIRECTION('',(0.716360665963,0.697730174395,0.));
#6329 = ADVANCED_FACE('',(#6330),#6364,.F.);
#6330 = FACE_BOUND('',#6331,.T.);
#6331 = EDGE_LOOP('',(#6332,#6342,#6350,#6358));
#6332 = ORIENTED_EDGE('',*,*,#6333,.T.);
#6333 = EDGE_CURVE('',#6334,#6336,#6338,.T.);
#6334 = VERTEX_POINT('',#6335);
#6335 = CARTESIAN_POINT('',(-1.85,5.888694850977,0.));
#6336 = VERTEX_POINT('',#6337);
#6337 = CARTESIAN_POINT('',(-1.85,-1.469109947644,0.));
#6338 = LINE('',#6339,#6340);
#6339 = CARTESIAN_POINT('',(-1.85,-1.569109947644,0.));
#6340 = VECTOR('',#6341,1.);
#6341 = DIRECTION('',(-0.,-1.,-0.));
#6342 = ORIENTED_EDGE('',*,*,#6343,.T.);
#6343 = EDGE_CURVE('',#6336,#6344,#6346,.T.);
#6344 = VERTEX_POINT('',#6345);
#6345 = CARTESIAN_POINT('',(-1.85,-1.469109947644,1.1));
#6346 = LINE('',#6347,#6348);
#6347 = CARTESIAN_POINT('',(-1.85,-1.469109947644,1.2));
#6348 = VECTOR('',#6349,1.);
#6349 = DIRECTION('',(-0.,-0.,1.));
#6350 = ORIENTED_EDGE('',*,*,#6351,.T.);
#6351 = EDGE_CURVE('',#6344,#6352,#6354,.T.);
#6352 = VERTEX_POINT('',#6353);
#6353 = CARTESIAN_POINT('',(-1.85,5.888694850977,1.1));
#6354 = LINE('',#6355,#6356);
#6355 = CARTESIAN_POINT('',(-1.85,-1.569109947644,1.1));
#6356 = VECTOR('',#6357,1.);
#6357 = DIRECTION('',(-0.,1.,-0.));
#6358 = ORIENTED_EDGE('',*,*,#6359,.T.);
#6359 = EDGE_CURVE('',#6352,#6334,#6360,.T.);
#6360 = LINE('',#6361,#6362);
#6361 = CARTESIAN_POINT('',(-1.85,5.888694850977,1.2));
#6362 = VECTOR('',#6363,1.);
#6363 = DIRECTION('',(0.,0.,-1.));
#6364 = PLANE('',#6365);
#6365 = AXIS2_PLACEMENT_3D('',#6366,#6367,#6368);
#6366 = CARTESIAN_POINT('',(-1.85,-1.569109947644,1.2));
#6367 = DIRECTION('',(1.,0.,0.));
#6368 = DIRECTION('',(0.,0.,-1.));
#6369 = ADVANCED_FACE('',(#6370),#6404,.F.);
#6370 = FACE_BOUND('',#6371,.T.);
#6371 = EDGE_LOOP('',(#6372,#6382,#6390,#6398));
#6372 = ORIENTED_EDGE('',*,*,#6373,.T.);
#6373 = EDGE_CURVE('',#6374,#6376,#6378,.T.);
#6374 = VERTEX_POINT('',#6375);
#6375 = CARTESIAN_POINT('',(-1.75,-1.569109947644,0.));
#6376 = VERTEX_POINT('',#6377);
#6377 = CARTESIAN_POINT('',(1.75,-1.569109947644,0.));
#6378 = LINE('',#6379,#6380);
#6379 = CARTESIAN_POINT('',(1.85,-1.569109947644,0.));
#6380 = VECTOR('',#6381,1.);
#6381 = DIRECTION('',(1.,1.172110456741E-16,-0.));
#6382 = ORIENTED_EDGE('',*,*,#6383,.T.);
#6383 = EDGE_CURVE('',#6376,#6384,#6386,.T.);
#6384 = VERTEX_POINT('',#6385);
#6385 = CARTESIAN_POINT('',(1.75,-1.569109947644,1.1));
#6386 = LINE('',#6387,#6388);
#6387 = CARTESIAN_POINT('',(1.75,-1.569109947644,1.2));
#6388 = VECTOR('',#6389,1.);
#6389 = DIRECTION('',(-0.,-0.,1.));
#6390 = ORIENTED_EDGE('',*,*,#6391,.T.);
#6391 = EDGE_CURVE('',#6384,#6392,#6394,.T.);
#6392 = VERTEX_POINT('',#6393);
#6393 = CARTESIAN_POINT('',(-1.75,-1.569109947644,1.1));
#6394 = LINE('',#6395,#6396);
#6395 = CARTESIAN_POINT('',(1.85,-1.569109947644,1.1));
#6396 = VECTOR('',#6397,1.);
#6397 = DIRECTION('',(-1.,-1.172110456741E-16,-0.));
#6398 = ORIENTED_EDGE('',*,*,#6399,.T.);
#6399 = EDGE_CURVE('',#6392,#6374,#6400,.T.);
#6400 = LINE('',#6401,#6402);
#6401 = CARTESIAN_POINT('',(-1.75,-1.569109947644,1.2));
#6402 = VECTOR('',#6403,1.);
#6403 = DIRECTION('',(0.,0.,-1.));
#6404 = PLANE('',#6405);
#6405 = AXIS2_PLACEMENT_3D('',#6406,#6407,#6408);
#6406 = CARTESIAN_POINT('',(1.85,-1.569109947644,1.2));
#6407 = DIRECTION('',(-1.172110456741E-16,1.,0.));
#6408 = DIRECTION('',(-1.,-1.172110456741E-16,0.));
#6409 = ADVANCED_FACE('',(#6410),#6444,.F.);
#6410 = FACE_BOUND('',#6411,.T.);
#6411 = EDGE_LOOP('',(#6412,#6422,#6430,#6438));
#6412 = ORIENTED_EDGE('',*,*,#6413,.T.);
#6413 = EDGE_CURVE('',#6414,#6416,#6418,.T.);
#6414 = VERTEX_POINT('',#6415);
#6415 = CARTESIAN_POINT('',(1.85,-1.469109947644,0.));
#6416 = VERTEX_POINT('',#6417);
#6417 = CARTESIAN_POINT('',(1.85,5.888694850977,0.));
#6418 = LINE('',#6419,#6420);
#6419 = CARTESIAN_POINT('',(1.85,5.930890052356,0.));
#6420 = VECTOR('',#6421,1.);
#6421 = DIRECTION('',(-5.782411586589E-17,1.,-0.));
#6422 = ORIENTED_EDGE('',*,*,#6423,.T.);
#6423 = EDGE_CURVE('',#6416,#6424,#6426,.T.);
#6424 = VERTEX_POINT('',#6425);
#6425 = CARTESIAN_POINT('',(1.85,5.888694850977,1.1));
#6426 = LINE('',#6427,#6428);
#6427 = CARTESIAN_POINT('',(1.85,5.888694850977,1.2));
#6428 = VECTOR('',#6429,1.);
#6429 = DIRECTION('',(-0.,-0.,1.));
#6430 = ORIENTED_EDGE('',*,*,#6431,.T.);
#6431 = EDGE_CURVE('',#6424,#6432,#6434,.T.);
#6432 = VERTEX_POINT('',#6433);
#6433 = CARTESIAN_POINT('',(1.85,-1.469109947644,1.1));
#6434 = LINE('',#6435,#6436);
#6435 = CARTESIAN_POINT('',(1.85,5.930890052356,1.1));
#6436 = VECTOR('',#6437,1.);
#6437 = DIRECTION('',(5.782411586589E-17,-1.,-0.));
#6438 = ORIENTED_EDGE('',*,*,#6439,.T.);
#6439 = EDGE_CURVE('',#6432,#6414,#6440,.T.);
#6440 = LINE('',#6441,#6442);
#6441 = CARTESIAN_POINT('',(1.85,-1.469109947644,1.2));
#6442 = VECTOR('',#6443,1.);
#6443 = DIRECTION('',(0.,0.,-1.));
#6444 = PLANE('',#6445);
#6445 = AXIS2_PLACEMENT_3D('',#6446,#6447,#6448);
#6446 = CARTESIAN_POINT('',(1.85,5.930890052356,1.2));
#6447 = DIRECTION('',(-1.,-5.782411586589E-17,0.));
#6448 = DIRECTION('',(5.782411586589E-17,-1.,0.));
#6449 = ADVANCED_FACE('',(#6450),#6484,.F.);
#6450 = FACE_BOUND('',#6451,.T.);
#6451 = EDGE_LOOP('',(#6452,#6462,#6470,#6478));
#6452 = ORIENTED_EDGE('',*,*,#6453,.T.);
#6453 = EDGE_CURVE('',#6454,#6456,#6458,.T.);
#6454 = VERTEX_POINT('',#6455);
#6455 = CARTESIAN_POINT('',(1.81977301744,5.960330917573,0.));
#6456 = VERTEX_POINT('',#6457);
#6457 = CARTESIAN_POINT('',(0.852419724296,6.902526118952,0.));
#6458 = LINE('',#6459,#6460);
#6459 = CARTESIAN_POINT('',(0.823298429319,6.930890052356,0.));
#6460 = VECTOR('',#6461,1.);
#6461 = DIRECTION('',(-0.716360665963,0.697730174395,-0.));
#6462 = ORIENTED_EDGE('',*,*,#6463,.T.);
#6463 = EDGE_CURVE('',#6456,#6464,#6466,.T.);
#6464 = VERTEX_POINT('',#6465);
#6465 = CARTESIAN_POINT('',(0.852419724296,6.902526118952,1.1));
#6466 = LINE('',#6467,#6468);
#6467 = CARTESIAN_POINT('',(0.852419724296,6.902526118952,1.2));
#6468 = VECTOR('',#6469,1.);
#6469 = DIRECTION('',(-0.,-0.,1.));
#6470 = ORIENTED_EDGE('',*,*,#6471,.T.);
#6471 = EDGE_CURVE('',#6464,#6472,#6474,.T.);
#6472 = VERTEX_POINT('',#6473);
#6473 = CARTESIAN_POINT('',(1.81977301744,5.960330917573,1.1));
#6474 = LINE('',#6475,#6476);
#6475 = CARTESIAN_POINT('',(0.823298429319,6.930890052356,1.1));
#6476 = VECTOR('',#6477,1.);
#6477 = DIRECTION('',(0.716360665963,-0.697730174395,-0.));
#6478 = ORIENTED_EDGE('',*,*,#6479,.T.);
#6479 = EDGE_CURVE('',#6472,#6454,#6480,.T.);
#6480 = LINE('',#6481,#6482);
#6481 = CARTESIAN_POINT('',(1.81977301744,5.960330917573,1.2));
#6482 = VECTOR('',#6483,1.);
#6483 = DIRECTION('',(0.,0.,-1.));
#6484 = PLANE('',#6485);
#6485 = AXIS2_PLACEMENT_3D('',#6486,#6487,#6488);
#6486 = CARTESIAN_POINT('',(0.823298429319,6.930890052356,1.2));
#6487 = DIRECTION('',(-0.697730174395,-0.716360665963,0.));
#6488 = DIRECTION('',(0.716360665963,-0.697730174395,0.));
#6489 = ADVANCED_FACE('',(#6490),#6524,.F.);
#6490 = FACE_BOUND('',#6491,.T.);
#6491 = EDGE_LOOP('',(#6492,#6502,#6510,#6518));
#6492 = ORIENTED_EDGE('',*,*,#6493,.T.);
#6493 = EDGE_CURVE('',#6494,#6496,#6498,.T.);
#6494 = VERTEX_POINT('',#6495);
#6495 = CARTESIAN_POINT('',(0.782646706856,6.930890052356,0.));
#6496 = VERTEX_POINT('',#6497);
#6497 = CARTESIAN_POINT('',(-0.782646706856,6.930890052356,0.));
#6498 = LINE('',#6499,#6500);
#6499 = CARTESIAN_POINT('',(-0.823298429319,6.930890052356,0.));
#6500 = VECTOR('',#6501,1.);
#6501 = DIRECTION('',(-1.,-0.,-0.));
#6502 = ORIENTED_EDGE('',*,*,#6503,.T.);
#6503 = EDGE_CURVE('',#6496,#6504,#6506,.T.);
#6504 = VERTEX_POINT('',#6505);
#6505 = CARTESIAN_POINT('',(-0.782646706856,6.930890052356,1.1));
#6506 = LINE('',#6507,#6508);
#6507 = CARTESIAN_POINT('',(-0.782646706856,6.930890052356,1.2));
#6508 = VECTOR('',#6509,1.);
#6509 = DIRECTION('',(-0.,-0.,1.));
#6510 = ORIENTED_EDGE('',*,*,#6511,.T.);
#6511 = EDGE_CURVE('',#6504,#6512,#6514,.T.);
#6512 = VERTEX_POINT('',#6513);
#6513 = CARTESIAN_POINT('',(0.782646706856,6.930890052356,1.1));
#6514 = LINE('',#6515,#6516);
#6515 = CARTESIAN_POINT('',(-0.823298429319,6.930890052356,1.1));
#6516 = VECTOR('',#6517,1.);
#6517 = DIRECTION('',(1.,-0.,-0.));
#6518 = ORIENTED_EDGE('',*,*,#6519,.T.);
#6519 = EDGE_CURVE('',#6512,#6494,#6520,.T.);
#6520 = LINE('',#6521,#6522);
#6521 = CARTESIAN_POINT('',(0.782646706856,6.930890052356,1.2));
#6522 = VECTOR('',#6523,1.);
#6523 = DIRECTION('',(0.,0.,-1.));
#6524 = PLANE('',#6525);
#6525 = AXIS2_PLACEMENT_3D('',#6526,#6527,#6528);
#6526 = CARTESIAN_POINT('',(-0.823298429319,6.930890052356,1.2));
#6527 = DIRECTION('',(0.,-1.,0.));
#6528 = DIRECTION('',(0.,-0.,-1.));
#6529 = ADVANCED_FACE('',(#6530),#6580,.F.);
#6530 = FACE_BOUND('',#6531,.T.);
#6531 = EDGE_LOOP('',(#6532,#6542,#6550,#6558,#6566,#6574));
#6532 = ORIENTED_EDGE('',*,*,#6533,.T.);
#6533 = EDGE_CURVE('',#6534,#6536,#6538,.T.);
#6534 = VERTEX_POINT('',#6535);
#6535 = CARTESIAN_POINT('',(0.782646706856,6.830890052356,1.2));
#6536 = VERTEX_POINT('',#6537);
#6537 = CARTESIAN_POINT('',(-0.782646706856,6.830890052356,1.2));
#6538 = LINE('',#6539,#6540);
#6539 = CARTESIAN_POINT('',(0.,6.830890052356,1.2));
#6540 = VECTOR('',#6541,1.);
#6541 = DIRECTION('',(-1.,0.,0.));
#6542 = ORIENTED_EDGE('',*,*,#6543,.T.);
#6543 = EDGE_CURVE('',#6536,#6544,#6546,.T.);
#6544 = VERTEX_POINT('',#6545);
#6545 = CARTESIAN_POINT('',(-1.75,5.888694850977,1.2));
#6546 = LINE('',#6547,#6548);
#6547 = CARTESIAN_POINT('',(-3.79527340004,3.896613160984,1.2));
#6548 = VECTOR('',#6549,1.);
#6549 = DIRECTION('',(-0.716360665963,-0.697730174395,0.));
#6550 = ORIENTED_EDGE('',*,*,#6551,.T.);
#6551 = EDGE_CURVE('',#6544,#6552,#6554,.T.);
#6552 = VERTEX_POINT('',#6553);
#6553 = CARTESIAN_POINT('',(-1.75,-1.469109947644,1.2));
#6554 = LINE('',#6555,#6556);
#6555 = CARTESIAN_POINT('',(-1.75,0.,1.2));
#6556 = VECTOR('',#6557,1.);
#6557 = DIRECTION('',(0.,-1.,0.));
#6558 = ORIENTED_EDGE('',*,*,#6559,.T.);
#6559 = EDGE_CURVE('',#6552,#6560,#6562,.T.);
#6560 = VERTEX_POINT('',#6561);
#6561 = CARTESIAN_POINT('',(1.75,-1.469109947644,1.2));
#6562 = LINE('',#6563,#6564);
#6563 = CARTESIAN_POINT('',(1.721959131736E-16,-1.469109947644,1.2));
#6564 = VECTOR('',#6565,1.);
#6565 = DIRECTION('',(1.,1.172110456741E-16,0.));
#6566 = ORIENTED_EDGE('',*,*,#6567,.T.);
#6567 = EDGE_CURVE('',#6560,#6568,#6570,.T.);
#6568 = VERTEX_POINT('',#6569);
#6569 = CARTESIAN_POINT('',(1.75,5.888694850977,1.2));
#6570 = LINE('',#6571,#6572);
#6571 = CARTESIAN_POINT('',(1.75,1.011922027653E-16,1.2));
#6572 = VECTOR('',#6573,1.);
#6573 = DIRECTION('',(-5.782411586589E-17,1.,0.));
#6574 = ORIENTED_EDGE('',*,*,#6575,.T.);
#6575 = EDGE_CURVE('',#6568,#6534,#6576,.T.);
#6576 = LINE('',#6577,#6578);
#6577 = CARTESIAN_POINT('',(3.79527340004,3.896613160984,1.2));
#6578 = VECTOR('',#6579,1.);
#6579 = DIRECTION('',(-0.716360665963,0.697730174395,0.));
#6580 = PLANE('',#6581);
#6581 = AXIS2_PLACEMENT_3D('',#6582,#6583,#6584);
#6582 = CARTESIAN_POINT('',(0.,0.,1.2));
#6583 = DIRECTION('',(0.,0.,-1.));
#6584 = DIRECTION('',(-1.,0.,-0.));
#6585 = ADVANCED_FACE('',(#6586),#6636,.T.);
#6586 = FACE_BOUND('',#6587,.T.);
#6587 = EDGE_LOOP('',(#6588,#6589,#6596,#6597,#6604,#6605,#6612,#6613,
    #6620,#6621,#6628,#6629));
#6588 = ORIENTED_EDGE('',*,*,#6311,.F.);
#6589 = ORIENTED_EDGE('',*,*,#6590,.T.);
#6590 = EDGE_CURVE('',#6304,#6496,#6591,.T.);
#6591 = CIRCLE('',#6592,0.1);
#6592 = AXIS2_PLACEMENT_3D('',#6593,#6594,#6595);
#6593 = CARTESIAN_POINT('',(-0.782646706856,6.830890052356,0.));
#6594 = DIRECTION('',(0.,0.,-1.));
#6595 = DIRECTION('',(-1.,0.,0.));
#6596 = ORIENTED_EDGE('',*,*,#6493,.F.);
#6597 = ORIENTED_EDGE('',*,*,#6598,.T.);
#6598 = EDGE_CURVE('',#6494,#6456,#6599,.T.);
#6599 = CIRCLE('',#6600,0.1);
#6600 = AXIS2_PLACEMENT_3D('',#6601,#6602,#6603);
#6601 = CARTESIAN_POINT('',(0.782646706856,6.830890052356,0.));
#6602 = DIRECTION('',(0.,0.,-1.));
#6603 = DIRECTION('',(-1.,0.,0.));
#6604 = ORIENTED_EDGE('',*,*,#6453,.F.);
#6605 = ORIENTED_EDGE('',*,*,#6606,.T.);
#6606 = EDGE_CURVE('',#6454,#6416,#6607,.T.);
#6607 = CIRCLE('',#6608,0.1);
#6608 = AXIS2_PLACEMENT_3D('',#6609,#6610,#6611);
#6609 = CARTESIAN_POINT('',(1.75,5.888694850977,0.));
#6610 = DIRECTION('',(0.,0.,-1.));
#6611 = DIRECTION('',(-1.,0.,0.));
#6612 = ORIENTED_EDGE('',*,*,#6413,.F.);
#6613 = ORIENTED_EDGE('',*,*,#6614,.T.);
#6614 = EDGE_CURVE('',#6414,#6376,#6615,.T.);
#6615 = CIRCLE('',#6616,0.1);
#6616 = AXIS2_PLACEMENT_3D('',#6617,#6618,#6619);
#6617 = CARTESIAN_POINT('',(1.75,-1.469109947644,0.));
#6618 = DIRECTION('',(0.,0.,-1.));
#6619 = DIRECTION('',(-1.,0.,0.));
#6620 = ORIENTED_EDGE('',*,*,#6373,.F.);
#6621 = ORIENTED_EDGE('',*,*,#6622,.T.);
#6622 = EDGE_CURVE('',#6374,#6336,#6623,.T.);
#6623 = CIRCLE('',#6624,0.1);
#6624 = AXIS2_PLACEMENT_3D('',#6625,#6626,#6627);
#6625 = CARTESIAN_POINT('',(-1.75,-1.469109947644,0.));
#6626 = DIRECTION('',(0.,0.,-1.));
#6627 = DIRECTION('',(-1.,0.,0.));
#6628 = ORIENTED_EDGE('',*,*,#6333,.F.);
#6629 = ORIENTED_EDGE('',*,*,#6630,.T.);
#6630 = EDGE_CURVE('',#6334,#6312,#6631,.T.);
#6631 = CIRCLE('',#6632,0.1);
#6632 = AXIS2_PLACEMENT_3D('',#6633,#6634,#6635);
#6633 = CARTESIAN_POINT('',(-1.75,5.888694850977,0.));
#6634 = DIRECTION('',(0.,0.,-1.));
#6635 = DIRECTION('',(-1.,0.,0.));
#6636 = PLANE('',#6637);
#6637 = AXIS2_PLACEMENT_3D('',#6638,#6639,#6640);
#6638 = CARTESIAN_POINT('',(0.,0.,0.));
#6639 = DIRECTION('',(0.,0.,-1.));
#6640 = DIRECTION('',(-1.,0.,-0.));
#6641 = ADVANCED_FACE('',(#6642),#6654,.T.);
#6642 = FACE_BOUND('',#6643,.T.);
#6643 = EDGE_LOOP('',(#6644,#6645,#6646,#6653));
#6644 = ORIENTED_EDGE('',*,*,#6606,.F.);
#6645 = ORIENTED_EDGE('',*,*,#6479,.F.);
#6646 = ORIENTED_EDGE('',*,*,#6647,.F.);
#6647 = EDGE_CURVE('',#6424,#6472,#6648,.T.);
#6648 = CIRCLE('',#6649,0.1);
#6649 = AXIS2_PLACEMENT_3D('',#6650,#6651,#6652);
#6650 = CARTESIAN_POINT('',(1.75,5.888694850977,1.1));
#6651 = DIRECTION('',(0.,0.,1.));
#6652 = DIRECTION('',(1.,0.,-0.));
#6653 = ORIENTED_EDGE('',*,*,#6423,.F.);
#6654 = CYLINDRICAL_SURFACE('',#6655,0.1);
#6655 = AXIS2_PLACEMENT_3D('',#6656,#6657,#6658);
#6656 = CARTESIAN_POINT('',(1.75,5.888694850977,1.2));
#6657 = DIRECTION('',(0.,0.,-1.));
#6658 = DIRECTION('',(-1.,0.,0.));
#6659 = ADVANCED_FACE('',(#6660),#6678,.T.);
#6660 = FACE_BOUND('',#6661,.T.);
#6661 = EDGE_LOOP('',(#6662,#6669,#6670,#6677));
#6662 = ORIENTED_EDGE('',*,*,#6663,.F.);
#6663 = EDGE_CURVE('',#6432,#6560,#6664,.T.);
#6664 = CIRCLE('',#6665,0.1);
#6665 = AXIS2_PLACEMENT_3D('',#6666,#6667,#6668);
#6666 = CARTESIAN_POINT('',(1.75,-1.469109947644,1.1));
#6667 = DIRECTION('',(0.,-1.,-2.168404344971E-15));
#6668 = DIRECTION('',(0.,2.168404344971E-15,-1.));
#6669 = ORIENTED_EDGE('',*,*,#6431,.F.);
#6670 = ORIENTED_EDGE('',*,*,#6671,.F.);
#6671 = EDGE_CURVE('',#6568,#6424,#6672,.T.);
#6672 = CIRCLE('',#6673,0.1);
#6673 = AXIS2_PLACEMENT_3D('',#6674,#6675,#6676);
#6674 = CARTESIAN_POINT('',(1.75,5.888694850977,1.1));
#6675 = DIRECTION('',(0.,1.,0.));
#6676 = DIRECTION('',(0.,-0.,1.));
#6677 = ORIENTED_EDGE('',*,*,#6567,.F.);
#6678 = CYLINDRICAL_SURFACE('',#6679,0.1);
#6679 = AXIS2_PLACEMENT_3D('',#6680,#6681,#6682);
#6680 = CARTESIAN_POINT('',(1.75,1.011922027653E-16,1.1));
#6681 = DIRECTION('',(-5.782411586589E-17,1.,0.));
#6682 = DIRECTION('',(-1.,-5.782411586589E-17,0.));
#6683 = ADVANCED_FACE('',(#6684),#6696,.T.);
#6684 = FACE_BOUND('',#6685,.T.);
#6685 = EDGE_LOOP('',(#6686,#6687,#6688,#6695));
#6686 = ORIENTED_EDGE('',*,*,#6614,.F.);
#6687 = ORIENTED_EDGE('',*,*,#6439,.F.);
#6688 = ORIENTED_EDGE('',*,*,#6689,.F.);
#6689 = EDGE_CURVE('',#6384,#6432,#6690,.T.);
#6690 = CIRCLE('',#6691,0.1);
#6691 = AXIS2_PLACEMENT_3D('',#6692,#6693,#6694);
#6692 = CARTESIAN_POINT('',(1.75,-1.469109947644,1.1));
#6693 = DIRECTION('',(-0.,0.,1.));
#6694 = DIRECTION('',(1.,0.,0.));
#6695 = ORIENTED_EDGE('',*,*,#6383,.F.);
#6696 = CYLINDRICAL_SURFACE('',#6697,0.1);
#6697 = AXIS2_PLACEMENT_3D('',#6698,#6699,#6700);
#6698 = CARTESIAN_POINT('',(1.75,-1.469109947644,1.2));
#6699 = DIRECTION('',(0.,0.,-1.));
#6700 = DIRECTION('',(-1.,0.,0.));
#6701 = ADVANCED_FACE('',(#6702),#6713,.T.);
#6702 = FACE_BOUND('',#6703,.T.);
#6703 = EDGE_LOOP('',(#6704,#6705,#6706));
#6704 = ORIENTED_EDGE('',*,*,#6671,.T.);
#6705 = ORIENTED_EDGE('',*,*,#6647,.T.);
#6706 = ORIENTED_EDGE('',*,*,#6707,.F.);
#6707 = EDGE_CURVE('',#6568,#6472,#6708,.T.);
#6708 = CIRCLE('',#6709,0.1);
#6709 = AXIS2_PLACEMENT_3D('',#6710,#6711,#6712);
#6710 = CARTESIAN_POINT('',(1.75,5.888694850977,1.1));
#6711 = DIRECTION('',(-0.716360665963,0.697730174395,-1.55335958064E-15)
  );
#6712 = DIRECTION('',(0.697730174395,0.716360665963,2.26797510251E-30));
#6713 = SPHERICAL_SURFACE('',#6714,0.1);
#6714 = AXIS2_PLACEMENT_3D('',#6715,#6716,#6717);
#6715 = CARTESIAN_POINT('',(1.75,5.888694850977,1.1));
#6716 = DIRECTION('',(0.,1.,0.));
#6717 = DIRECTION('',(1.,0.,0.));
#6718 = ADVANCED_FACE('',(#6719),#6730,.T.);
#6719 = FACE_BOUND('',#6720,.T.);
#6720 = EDGE_LOOP('',(#6721,#6722,#6723));
#6721 = ORIENTED_EDGE('',*,*,#6689,.T.);
#6722 = ORIENTED_EDGE('',*,*,#6663,.T.);
#6723 = ORIENTED_EDGE('',*,*,#6724,.F.);
#6724 = EDGE_CURVE('',#6384,#6560,#6725,.T.);
#6725 = CIRCLE('',#6726,0.1);
#6726 = AXIS2_PLACEMENT_3D('',#6727,#6728,#6729);
#6727 = CARTESIAN_POINT('',(1.75,-1.469109947644,1.1));
#6728 = DIRECTION('',(-1.,-0.,0.));
#6729 = DIRECTION('',(-0.,0.,-1.));
#6730 = SPHERICAL_SURFACE('',#6731,0.1);
#6731 = AXIS2_PLACEMENT_3D('',#6732,#6733,#6734);
#6732 = CARTESIAN_POINT('',(1.75,-1.469109947644,1.1));
#6733 = DIRECTION('',(0.,1.,0.));
#6734 = DIRECTION('',(1.,0.,0.));
#6735 = ADVANCED_FACE('',(#6736),#6748,.T.);
#6736 = FACE_BOUND('',#6737,.T.);
#6737 = EDGE_LOOP('',(#6738,#6739,#6740,#6747));
#6738 = ORIENTED_EDGE('',*,*,#6598,.F.);
#6739 = ORIENTED_EDGE('',*,*,#6519,.F.);
#6740 = ORIENTED_EDGE('',*,*,#6741,.F.);
#6741 = EDGE_CURVE('',#6464,#6512,#6742,.T.);
#6742 = CIRCLE('',#6743,0.1);
#6743 = AXIS2_PLACEMENT_3D('',#6744,#6745,#6746);
#6744 = CARTESIAN_POINT('',(0.782646706856,6.830890052356,1.1));
#6745 = DIRECTION('',(0.,-0.,1.));
#6746 = DIRECTION('',(1.,0.,0.));
#6747 = ORIENTED_EDGE('',*,*,#6463,.F.);
#6748 = CYLINDRICAL_SURFACE('',#6749,0.1);
#6749 = AXIS2_PLACEMENT_3D('',#6750,#6751,#6752);
#6750 = CARTESIAN_POINT('',(0.782646706856,6.830890052356,1.2));
#6751 = DIRECTION('',(0.,0.,-1.));
#6752 = DIRECTION('',(-1.,0.,0.));
#6753 = ADVANCED_FACE('',(#6754),#6766,.T.);
#6754 = FACE_BOUND('',#6755,.T.);
#6755 = EDGE_LOOP('',(#6756,#6757,#6758,#6765));
#6756 = ORIENTED_EDGE('',*,*,#6707,.T.);
#6757 = ORIENTED_EDGE('',*,*,#6471,.F.);
#6758 = ORIENTED_EDGE('',*,*,#6759,.F.);
#6759 = EDGE_CURVE('',#6534,#6464,#6760,.T.);
#6760 = CIRCLE('',#6761,0.1);
#6761 = AXIS2_PLACEMENT_3D('',#6762,#6763,#6764);
#6762 = CARTESIAN_POINT('',(0.782646706856,6.830890052356,1.1));
#6763 = DIRECTION('',(-0.716360665963,0.697730174395,0.));
#6764 = DIRECTION('',(-0.697730174395,-0.716360665963,0.));
#6765 = ORIENTED_EDGE('',*,*,#6575,.F.);
#6766 = CYLINDRICAL_SURFACE('',#6767,0.1);
#6767 = AXIS2_PLACEMENT_3D('',#6768,#6769,#6770);
#6768 = CARTESIAN_POINT('',(3.79527340004,3.896613160984,1.1));
#6769 = DIRECTION('',(-0.716360665963,0.697730174395,0.));
#6770 = DIRECTION('',(-0.697730174395,-0.716360665963,0.));
#6771 = ADVANCED_FACE('',(#6772),#6784,.T.);
#6772 = FACE_BOUND('',#6773,.T.);
#6773 = EDGE_LOOP('',(#6774,#6775,#6776,#6783));
#6774 = ORIENTED_EDGE('',*,*,#6724,.T.);
#6775 = ORIENTED_EDGE('',*,*,#6559,.F.);
#6776 = ORIENTED_EDGE('',*,*,#6777,.F.);
#6777 = EDGE_CURVE('',#6392,#6552,#6778,.T.);
#6778 = CIRCLE('',#6779,0.1);
#6779 = AXIS2_PLACEMENT_3D('',#6780,#6781,#6782);
#6780 = CARTESIAN_POINT('',(-1.75,-1.469109947644,1.1));
#6781 = DIRECTION('',(-1.,0.,-2.168404344971E-15));
#6782 = DIRECTION('',(-2.168404344971E-15,0.,1.));
#6783 = ORIENTED_EDGE('',*,*,#6391,.F.);
#6784 = CYLINDRICAL_SURFACE('',#6785,0.1);
#6785 = AXIS2_PLACEMENT_3D('',#6786,#6787,#6788);
#6786 = CARTESIAN_POINT('',(1.721959131736E-16,-1.469109947644,1.1));
#6787 = DIRECTION('',(1.,1.172110456741E-16,0.));
#6788 = DIRECTION('',(-1.172110456741E-16,1.,0.));
#6789 = ADVANCED_FACE('',(#6790),#6802,.T.);
#6790 = FACE_BOUND('',#6791,.T.);
#6791 = EDGE_LOOP('',(#6792,#6793,#6794,#6801));
#6792 = ORIENTED_EDGE('',*,*,#6622,.F.);
#6793 = ORIENTED_EDGE('',*,*,#6399,.F.);
#6794 = ORIENTED_EDGE('',*,*,#6795,.F.);
#6795 = EDGE_CURVE('',#6344,#6392,#6796,.T.);
#6796 = CIRCLE('',#6797,0.1);
#6797 = AXIS2_PLACEMENT_3D('',#6798,#6799,#6800);
#6798 = CARTESIAN_POINT('',(-1.75,-1.469109947644,1.1));
#6799 = DIRECTION('',(0.,0.,1.));
#6800 = DIRECTION('',(1.,0.,-0.));
#6801 = ORIENTED_EDGE('',*,*,#6343,.F.);
#6802 = CYLINDRICAL_SURFACE('',#6803,0.1);
#6803 = AXIS2_PLACEMENT_3D('',#6804,#6805,#6806);
#6804 = CARTESIAN_POINT('',(-1.75,-1.469109947644,1.2));
#6805 = DIRECTION('',(0.,0.,-1.));
#6806 = DIRECTION('',(-1.,0.,0.));
#6807 = ADVANCED_FACE('',(#6808),#6819,.T.);
#6808 = FACE_BOUND('',#6809,.T.);
#6809 = EDGE_LOOP('',(#6810,#6811,#6812));
#6810 = ORIENTED_EDGE('',*,*,#6759,.T.);
#6811 = ORIENTED_EDGE('',*,*,#6741,.T.);
#6812 = ORIENTED_EDGE('',*,*,#6813,.F.);
#6813 = EDGE_CURVE('',#6534,#6512,#6814,.T.);
#6814 = CIRCLE('',#6815,0.1);
#6815 = AXIS2_PLACEMENT_3D('',#6816,#6817,#6818);
#6816 = CARTESIAN_POINT('',(0.782646706856,6.830890052356,1.1));
#6817 = DIRECTION('',(-1.,-0.,2.168404344971E-15));
#6818 = DIRECTION('',(-2.168404344971E-15,0.,-1.));
#6819 = SPHERICAL_SURFACE('',#6820,0.1);
#6820 = AXIS2_PLACEMENT_3D('',#6821,#6822,#6823);
#6821 = CARTESIAN_POINT('',(0.782646706856,6.830890052356,1.1));
#6822 = DIRECTION('',(0.,1.,0.));
#6823 = DIRECTION('',(1.,0.,0.));
#6824 = ADVANCED_FACE('',(#6825),#6836,.T.);
#6825 = FACE_BOUND('',#6826,.T.);
#6826 = EDGE_LOOP('',(#6827,#6828,#6829));
#6827 = ORIENTED_EDGE('',*,*,#6795,.T.);
#6828 = ORIENTED_EDGE('',*,*,#6777,.T.);
#6829 = ORIENTED_EDGE('',*,*,#6830,.F.);
#6830 = EDGE_CURVE('',#6344,#6552,#6831,.T.);
#6831 = CIRCLE('',#6832,0.1);
#6832 = AXIS2_PLACEMENT_3D('',#6833,#6834,#6835);
#6833 = CARTESIAN_POINT('',(-1.75,-1.469109947644,1.1));
#6834 = DIRECTION('',(-0.,1.,0.));
#6835 = DIRECTION('',(0.,0.,-1.));
#6836 = SPHERICAL_SURFACE('',#6837,0.1);
#6837 = AXIS2_PLACEMENT_3D('',#6838,#6839,#6840);
#6838 = CARTESIAN_POINT('',(-1.75,-1.469109947644,1.1));
#6839 = DIRECTION('',(0.,1.,0.));
#6840 = DIRECTION('',(1.,0.,0.));
#6841 = ADVANCED_FACE('',(#6842),#6854,.T.);
#6842 = FACE_BOUND('',#6843,.T.);
#6843 = EDGE_LOOP('',(#6844,#6845,#6846,#6853));
#6844 = ORIENTED_EDGE('',*,*,#6590,.F.);
#6845 = ORIENTED_EDGE('',*,*,#6303,.F.);
#6846 = ORIENTED_EDGE('',*,*,#6847,.F.);
#6847 = EDGE_CURVE('',#6504,#6296,#6848,.T.);
#6848 = CIRCLE('',#6849,0.1);
#6849 = AXIS2_PLACEMENT_3D('',#6850,#6851,#6852);
#6850 = CARTESIAN_POINT('',(-0.782646706856,6.830890052356,1.1));
#6851 = DIRECTION('',(0.,-0.,1.));
#6852 = DIRECTION('',(1.,0.,0.));
#6853 = ORIENTED_EDGE('',*,*,#6503,.F.);
#6854 = CYLINDRICAL_SURFACE('',#6855,0.1);
#6855 = AXIS2_PLACEMENT_3D('',#6856,#6857,#6858);
#6856 = CARTESIAN_POINT('',(-0.782646706856,6.830890052356,1.2));
#6857 = DIRECTION('',(0.,0.,-1.));
#6858 = DIRECTION('',(-1.,0.,0.));
#6859 = ADVANCED_FACE('',(#6860),#6872,.T.);
#6860 = FACE_BOUND('',#6861,.T.);
#6861 = EDGE_LOOP('',(#6862,#6863,#6864,#6871));
#6862 = ORIENTED_EDGE('',*,*,#6813,.T.);
#6863 = ORIENTED_EDGE('',*,*,#6511,.F.);
#6864 = ORIENTED_EDGE('',*,*,#6865,.F.);
#6865 = EDGE_CURVE('',#6536,#6504,#6866,.T.);
#6866 = CIRCLE('',#6867,0.1);
#6867 = AXIS2_PLACEMENT_3D('',#6868,#6869,#6870);
#6868 = CARTESIAN_POINT('',(-0.782646706856,6.830890052356,1.1));
#6869 = DIRECTION('',(-1.,-1.084202172486E-14,0.));
#6870 = DIRECTION('',(1.084202172486E-14,-1.,0.));
#6871 = ORIENTED_EDGE('',*,*,#6533,.F.);
#6872 = CYLINDRICAL_SURFACE('',#6873,0.1);
#6873 = AXIS2_PLACEMENT_3D('',#6874,#6875,#6876);
#6874 = CARTESIAN_POINT('',(0.,6.830890052356,1.1));
#6875 = DIRECTION('',(-1.,0.,0.));
#6876 = DIRECTION('',(0.,0.,1.));
#6877 = ADVANCED_FACE('',(#6878),#6890,.T.);
#6878 = FACE_BOUND('',#6879,.T.);
#6879 = EDGE_LOOP('',(#6880,#6881,#6882,#6889));
#6880 = ORIENTED_EDGE('',*,*,#6830,.T.);
#6881 = ORIENTED_EDGE('',*,*,#6551,.F.);
#6882 = ORIENTED_EDGE('',*,*,#6883,.F.);
#6883 = EDGE_CURVE('',#6352,#6544,#6884,.T.);
#6884 = CIRCLE('',#6885,0.1);
#6885 = AXIS2_PLACEMENT_3D('',#6886,#6887,#6888);
#6886 = CARTESIAN_POINT('',(-1.75,5.888694850977,1.1));
#6887 = DIRECTION('',(0.,1.,1.734723475977E-14));
#6888 = DIRECTION('',(0.,-1.734723475977E-14,1.));
#6889 = ORIENTED_EDGE('',*,*,#6351,.F.);
#6890 = CYLINDRICAL_SURFACE('',#6891,0.1);
#6891 = AXIS2_PLACEMENT_3D('',#6892,#6893,#6894);
#6892 = CARTESIAN_POINT('',(-1.75,0.,1.1));
#6893 = DIRECTION('',(0.,-1.,0.));
#6894 = DIRECTION('',(0.,0.,-1.));
#6895 = ADVANCED_FACE('',(#6896),#6908,.T.);
#6896 = FACE_BOUND('',#6897,.T.);
#6897 = EDGE_LOOP('',(#6898,#6899,#6900,#6907));
#6898 = ORIENTED_EDGE('',*,*,#6630,.F.);
#6899 = ORIENTED_EDGE('',*,*,#6359,.F.);
#6900 = ORIENTED_EDGE('',*,*,#6901,.F.);
#6901 = EDGE_CURVE('',#6294,#6352,#6902,.T.);
#6902 = CIRCLE('',#6903,0.1);
#6903 = AXIS2_PLACEMENT_3D('',#6904,#6905,#6906);
#6904 = CARTESIAN_POINT('',(-1.75,5.888694850977,1.1));
#6905 = DIRECTION('',(0.,0.,1.));
#6906 = DIRECTION('',(1.,0.,-0.));
#6907 = ORIENTED_EDGE('',*,*,#6319,.F.);
#6908 = CYLINDRICAL_SURFACE('',#6909,0.1);
#6909 = AXIS2_PLACEMENT_3D('',#6910,#6911,#6912);
#6910 = CARTESIAN_POINT('',(-1.75,5.888694850977,1.2));
#6911 = DIRECTION('',(0.,0.,-1.));
#6912 = DIRECTION('',(-1.,0.,0.));
#6913 = ADVANCED_FACE('',(#6914),#6925,.T.);
#6914 = FACE_BOUND('',#6915,.T.);
#6915 = EDGE_LOOP('',(#6916,#6917,#6918));
#6916 = ORIENTED_EDGE('',*,*,#6865,.T.);
#6917 = ORIENTED_EDGE('',*,*,#6847,.T.);
#6918 = ORIENTED_EDGE('',*,*,#6919,.F.);
#6919 = EDGE_CURVE('',#6536,#6296,#6920,.T.);
#6920 = CIRCLE('',#6921,0.1);
#6921 = AXIS2_PLACEMENT_3D('',#6922,#6923,#6924);
#6922 = CARTESIAN_POINT('',(-0.782646706856,6.830890052356,1.1));
#6923 = DIRECTION('',(-0.716360665963,-0.697730174395,6.99011811288E-15)
  );
#6924 = DIRECTION('',(-0.697730174395,0.716360665963,9.860761315263E-30)
  );
#6925 = SPHERICAL_SURFACE('',#6926,0.1);
#6926 = AXIS2_PLACEMENT_3D('',#6927,#6928,#6929);
#6927 = CARTESIAN_POINT('',(-0.782646706856,6.830890052356,1.1));
#6928 = DIRECTION('',(0.,1.,0.));
#6929 = DIRECTION('',(1.,0.,0.));
#6930 = ADVANCED_FACE('',(#6931),#6942,.T.);
#6931 = FACE_BOUND('',#6932,.T.);
#6932 = EDGE_LOOP('',(#6933,#6934,#6935));
#6933 = ORIENTED_EDGE('',*,*,#6901,.T.);
#6934 = ORIENTED_EDGE('',*,*,#6883,.T.);
#6935 = ORIENTED_EDGE('',*,*,#6936,.F.);
#6936 = EDGE_CURVE('',#6294,#6544,#6937,.T.);
#6937 = CIRCLE('',#6938,1.E-01);
#6938 = AXIS2_PLACEMENT_3D('',#6939,#6940,#6941);
#6939 = CARTESIAN_POINT('',(-1.75,5.888694850977,1.1));
#6940 = DIRECTION('',(0.716360665963,0.697730174395,0.));
#6941 = DIRECTION('',(0.697730174395,-0.716360665963,0.));
#6942 = SPHERICAL_SURFACE('',#6943,0.1);
#6943 = AXIS2_PLACEMENT_3D('',#6944,#6945,#6946);
#6944 = CARTESIAN_POINT('',(-1.75,5.888694850977,1.1));
#6945 = DIRECTION('',(0.,1.,0.));
#6946 = DIRECTION('',(1.,0.,0.));
#6947 = ADVANCED_FACE('',(#6948),#6954,.T.);
#6948 = FACE_BOUND('',#6949,.T.);
#6949 = EDGE_LOOP('',(#6950,#6951,#6952,#6953));
#6950 = ORIENTED_EDGE('',*,*,#6919,.T.);
#6951 = ORIENTED_EDGE('',*,*,#6293,.F.);
#6952 = ORIENTED_EDGE('',*,*,#6936,.T.);
#6953 = ORIENTED_EDGE('',*,*,#6543,.F.);
#6954 = CYLINDRICAL_SURFACE('',#6955,0.1);
#6955 = AXIS2_PLACEMENT_3D('',#6956,#6957,#6958);
#6956 = CARTESIAN_POINT('',(-3.79527340004,3.896613160984,1.1));
#6957 = DIRECTION('',(-0.716360665963,-0.697730174395,0.));
#6958 = DIRECTION('',(0.697730174395,-0.716360665963,0.));
#6959 = ( GEOMETRIC_REPRESENTATION_CONTEXT(3) 
GLOBAL_UNCERTAINTY_ASSIGNED_CONTEXT((#6963)) 
GLOBAL_UNIT_ASSIGNED_CONTEXT((#6960,#6961,#6962)) REPRESENTATION_CONTEXT
('Context #1','3D Context with UNIT and UNCERTAINTY') );
#6960 = ( LENGTH_UNIT() NAMED_UNIT(*) SI_UNIT(.MILLI.,.METRE.) );
#6961 = ( NAMED_UNIT(*) PLANE_ANGLE_UNIT() SI_UNIT($,.RADIAN.) );
#6962 = ( NAMED_UNIT(*) SI_UNIT($,.STERADIAN.) SOLID_ANGLE_UNIT() );
#6963 = UNCERTAINTY_MEASURE_WITH_UNIT(LENGTH_MEASURE(1.E-07),#6960,
  'distance_accuracy_value','confusion accuracy');
#6964 = CONTEXT_DEPENDENT_SHAPE_REPRESENTATION(#6965,#6967);
#6965 = ( REPRESENTATION_RELATIONSHIP('','',#6286,#63) 
REPRESENTATION_RELATIONSHIP_WITH_TRANSFORMATION(#6966) 
SHAPE_REPRESENTATION_RELATIONSHIP() );
#6966 = ITEM_DEFINED_TRANSFORMATION('','',#11,#112);
#6967 = PRODUCT_DEFINITION_SHAPE('Placement','Placement of an item',
  #6968);
#6968 = NEXT_ASSEMBLY_USAGE_OCCURRENCE('13','NAUO13','',#58,#6281,$);
#6969 = PRODUCT_RELATED_PRODUCT_CATEGORY('part',$,(#6283));
#6970 = SHAPE_DEFINITION_REPRESENTATION(#6971,#6977);
#6971 = PRODUCT_DEFINITION_SHAPE('','',#6972);
#6972 = PRODUCT_DEFINITION('design','',#6973,#6976);
#6973 = PRODUCT_DEFINITION_FORMATION('','',#6974);
#6974 = PRODUCT('SFH11-xxPC-D05-RA-BK','SFH11-xxPC-D05-RA-BK','',(#6975)
  );
#6975 = PRODUCT_CONTEXT('',#2,'mechanical');
#6976 = PRODUCT_DEFINITION_CONTEXT('part definition',#2,'design');
#6977 = SHAPE_REPRESENTATION('',(#11,#6978),#6982);
#6978 = AXIS2_PLACEMENT_3D('',#6979,#6980,#6981);
#6979 = CARTESIAN_POINT('',(0.,0.,0.));
#6980 = DIRECTION('',(0.,0.,1.));
#6981 = DIRECTION('',(1.,0.,-0.));
#6982 = ( GEOMETRIC_REPRESENTATION_CONTEXT(3) 
GLOBAL_UNCERTAINTY_ASSIGNED_CONTEXT((#6986)) 
GLOBAL_UNIT_ASSIGNED_CONTEXT((#6983,#6984,#6985)) REPRESENTATION_CONTEXT
('Context #1','3D Context with UNIT and UNCERTAINTY') );
#6983 = ( LENGTH_UNIT() NAMED_UNIT(*) SI_UNIT(.MILLI.,.METRE.) );
#6984 = ( NAMED_UNIT(*) PLANE_ANGLE_UNIT() SI_UNIT($,.RADIAN.) );
#6985 = ( NAMED_UNIT(*) SI_UNIT($,.STERADIAN.) SOLID_ANGLE_UNIT() );
#6986 = UNCERTAINTY_MEASURE_WITH_UNIT(LENGTH_MEASURE(1.E-05),#6983,
  'distance_accuracy_value','confusion accuracy');
#6987 = CONTEXT_DEPENDENT_SHAPE_REPRESENTATION(#6988,#6990);
#6988 = ( REPRESENTATION_RELATIONSHIP('','',#6977,#10) 
REPRESENTATION_RELATIONSHIP_WITH_TRANSFORMATION(#6989) 
SHAPE_REPRESENTATION_RELATIONSHIP() );
#6989 = ITEM_DEFINED_TRANSFORMATION('','',#11,#19);
#6990 = PRODUCT_DEFINITION_SHAPE('Placement','Placement of an item',
  #6991);
#6991 = NEXT_ASSEMBLY_USAGE_OCCURRENCE('29','IDC_2','',#5,#6972,$);
#6992 = PRODUCT_RELATED_PRODUCT_CATEGORY('part',$,(#6974));
#6993 = SHAPE_DEFINITION_REPRESENTATION(#6994,#7000);
#6994 = PRODUCT_DEFINITION_SHAPE('','',#6995);
#6995 = PRODUCT_DEFINITION('design','',#6996,#6999);
#6996 = PRODUCT_DEFINITION_FORMATION('','',#6997);
#6997 = PRODUCT('SFH11-xxPC-D05-RA-BK','SFH11-xxPC-D05-RA-BK','',(#6998)
  );
#6998 = PRODUCT_CONTEXT('',#2,'mechanical');
#6999 = PRODUCT_DEFINITION_CONTEXT('part definition',#2,'design');
#7000 = SHAPE_REPRESENTATION('',(#11,#7001,#7005,#7009,#7013,#7017,#7021
    ,#7025,#7029,#7033,#7037,#7041,#7045),#7049);
#7001 = AXIS2_PLACEMENT_3D('',#7002,#7003,#7004);
#7002 = CARTESIAN_POINT('',(0.,0.,0.));
#7003 = DIRECTION('',(0.,0.,1.));
#7004 = DIRECTION('',(1.,0.,0.));
#7005 = AXIS2_PLACEMENT_3D('',#7006,#7007,#7008);
#7006 = CARTESIAN_POINT('',(4.878909776185E-16,-4.05,-8.81));
#7007 = DIRECTION('',(1.,1.043544591017E-16,-1.38506827535E-17));
#7008 = DIRECTION('',(-1.38506827535E-17,5.548295790223E-17,-1.));
#7009 = AXIS2_PLACEMENT_3D('',#7010,#7011,#7012);
#7010 = CARTESIAN_POINT('',(4.336808689942E-16,0.,2.54));
#7011 = DIRECTION('',(0.,0.,1.));
#7012 = DIRECTION('',(1.,0.,0.));
#7013 = AXIS2_PLACEMENT_3D('',#7014,#7015,#7016);
#7014 = CARTESIAN_POINT('',(8.673617379884E-16,0.,5.08));
#7015 = DIRECTION('',(0.,0.,1.));
#7016 = DIRECTION('',(1.,0.,0.));
#7017 = AXIS2_PLACEMENT_3D('',#7018,#7019,#7020);
#7018 = CARTESIAN_POINT('',(8.673617379884E-16,-4.05,8.81));
#7019 = DIRECTION('',(-1.,5.462226453108E-17,1.14294352251E-17));
#7020 = DIRECTION('',(1.14294352251E-17,0.,1.));
#7021 = AXIS2_PLACEMENT_3D('',#7022,#7023,#7024);
#7022 = CARTESIAN_POINT('',(-2.9,-6.930890052356,-9.871001681383E-03));
#7023 = DIRECTION('',(-1.,3.219646771413E-15,-1.70740499604E-16));
#7024 = DIRECTION('',(-1.70740499604E-16,-5.551115123126E-17,1.));
#7025 = AXIS2_PLACEMENT_3D('',#7026,#7027,#7028);
#7026 = CARTESIAN_POINT('',(4.336808689942E-16,0.,-2.54));
#7027 = DIRECTION('',(0.,0.,1.));
#7028 = DIRECTION('',(1.,0.,0.));
#7029 = AXIS2_PLACEMENT_3D('',#7030,#7031,#7032);
#7030 = CARTESIAN_POINT('',(8.673617379884E-16,0.,-5.08));
#7031 = DIRECTION('',(0.,0.,1.));
#7032 = DIRECTION('',(1.,0.,0.));
#7033 = AXIS2_PLACEMENT_3D('',#7034,#7035,#7036);
#7034 = CARTESIAN_POINT('',(0.,0.,0.));
#7035 = DIRECTION('',(0.,0.,1.));
#7036 = DIRECTION('',(1.,0.,0.));
#7037 = AXIS2_PLACEMENT_3D('',#7038,#7039,#7040);
#7038 = CARTESIAN_POINT('',(1.301042606983E-15,0.,-2.54));
#7039 = DIRECTION('',(0.,0.,1.));
#7040 = DIRECTION('',(1.,0.,0.));
#7041 = AXIS2_PLACEMENT_3D('',#7042,#7043,#7044);
#7042 = CARTESIAN_POINT('',(1.301042606983E-15,0.,2.54));
#7043 = DIRECTION('',(0.,0.,1.));
#7044 = DIRECTION('',(1.,0.,0.));
#7045 = AXIS2_PLACEMENT_3D('',#7046,#7047,#7048);
#7046 = CARTESIAN_POINT('',(0.,0.,0.));
#7047 = DIRECTION('',(0.,0.,1.));
#7048 = DIRECTION('',(1.,0.,0.));
#7049 = ( GEOMETRIC_REPRESENTATION_CONTEXT(3) 
GLOBAL_UNCERTAINTY_ASSIGNED_CONTEXT((#7053)) 
GLOBAL_UNIT_ASSIGNED_CONTEXT((#7050,#7051,#7052)) REPRESENTATION_CONTEXT
('Context #1','3D Context with UNIT and UNCERTAINTY') );
#7050 = ( LENGTH_UNIT() NAMED_UNIT(*) SI_UNIT(.MILLI.,.METRE.) );
#7051 = ( NAMED_UNIT(*) PLANE_ANGLE_UNIT() SI_UNIT($,.RADIAN.) );
#7052 = ( NAMED_UNIT(*) SI_UNIT($,.STERADIAN.) SOLID_ANGLE_UNIT() );
#7053 = UNCERTAINTY_MEASURE_WITH_UNIT(LENGTH_MEASURE(1.E-05),#7050,
  'distance_accuracy_value','confusion accuracy');
#7054 = CONTEXT_DEPENDENT_SHAPE_REPRESENTATION(#7055,#7057);
#7055 = ( REPRESENTATION_RELATIONSHIP('','',#7000,#6977) 
REPRESENTATION_RELATIONSHIP_WITH_TRANSFORMATION(#7056) 
SHAPE_REPRESENTATION_RELATIONSHIP() );
#7056 = ITEM_DEFINED_TRANSFORMATION('','',#11,#6978);
#7057 = PRODUCT_DEFINITION_SHAPE('Placement','Placement of an item',
  #7058);
#7058 = NEXT_ASSEMBLY_USAGE_OCCURRENCE('28','=>[0:1:1:8]','',#6972,#6995
  ,$);
#7059 = PRODUCT_RELATED_PRODUCT_CATEGORY('part',$,(#6997));
#7060 = SHAPE_DEFINITION_REPRESENTATION(#7061,#7067);
#7061 = PRODUCT_DEFINITION_SHAPE('','',#7062);
#7062 = PRODUCT_DEFINITION('design','',#7063,#7066);
#7063 = PRODUCT_DEFINITION_FORMATION('','',#7064);
#7064 = PRODUCT('body section with RA gold pins',
  'body section with RA gold pins','',(#7065));
#7065 = PRODUCT_CONTEXT('',#2,'mechanical');
#7066 = PRODUCT_DEFINITION_CONTEXT('part definition',#2,'design');
#7067 = SHAPE_REPRESENTATION('',(#11,#7068,#10034,#11128),#12222);
#7068 = MANIFOLD_SOLID_BREP('',#7069);
#7069 = CLOSED_SHELL('',(#7070,#7122,#7174,#7226,#7278,#7318,#7494,#7534
    ,#7651,#7682,#7790,#7830,#7870,#7910,#7950,#7990,#8030,#8070,#8108,
    #8146,#8186,#8226,#8266,#8306,#8346,#8386,#8424,#8464,#8502,#8524,
    #8546,#8568,#8590,#8602,#8614,#8626,#8638,#8650,#8662,#8674,#8686,
    #8704,#8730,#8762,#8781,#8799,#8823,#8841,#8860,#8884,#8916,#8942,
    #8968,#9000,#9018,#9036,#9054,#9078,#9096,#9114,#9132,#9156,#9173,
    #9199,#9225,#9242,#9260,#9278,#9296,#9314,#9331,#9348,#9360,#9384,
    #9416,#9448,#9460,#9478,#9502,#9520,#9538,#9556,#9582,#9614,#9646,
    #9672,#9691,#9709,#9727,#9751,#9769,#9787,#9806,#9830,#9856,#9873,
    #9890,#9916,#9934,#9952,#9970,#9988,#10005,#10022));
#7070 = ADVANCED_FACE('',(#7071),#7109,.T.);
#7071 = FACE_BOUND('',#7072,.T.);
#7072 = EDGE_LOOP('',(#7073,#7084,#7093,#7102));
#7073 = ORIENTED_EDGE('',*,*,#7074,.T.);
#7074 = EDGE_CURVE('',#7075,#7077,#7079,.T.);
#7075 = VERTEX_POINT('',#7076);
#7076 = CARTESIAN_POINT('',(2.086421356237,0.,-0.675));
#7077 = VERTEX_POINT('',#7078);
#7078 = CARTESIAN_POINT('',(2.048527618041,1.355252715607E-17,
    -0.778527618041));
#7079 = ( BOUNDED_CURVE() B_SPLINE_CURVE(3,(#7080,#7081,#7082,#7083),
.UNSPECIFIED.,.F.,.F.) B_SPLINE_CURVE_WITH_KNOTS((4,4),(5.759586531581,
6.28318530718),.PIECEWISE_BEZIER_KNOTS.) CURVE() 
GEOMETRIC_REPRESENTATION_ITEM() RATIONAL_B_SPLINE_CURVE((1.,
0.977283884193,0.977283884193,1.)) REPRESENTATION_ITEM('') );
#7080 = CARTESIAN_POINT('',(2.086421356237,0.,-0.675));
#7081 = CARTESIAN_POINT('',(2.086421356237,1.355252715607E-17,
    -0.718247385703));
#7082 = CARTESIAN_POINT('',(2.073496507818,1.355252715607E-17,
    -0.753558728264));
#7083 = CARTESIAN_POINT('',(2.048527618041,1.355252715607E-17,
    -0.778527618041));
#7084 = ORIENTED_EDGE('',*,*,#7085,.T.);
#7085 = EDGE_CURVE('',#7077,#7086,#7088,.T.);
#7086 = VERTEX_POINT('',#7087);
#7087 = CARTESIAN_POINT('',(2.007702788995,-1.835034190723E-02,
    -0.737702788995));
#7088 = CIRCLE('',#7089,0.1);
#7089 = AXIS2_PLACEMENT_3D('',#7090,#7091,#7092);
#7090 = CARTESIAN_POINT('',(2.048527618041,-1.E-01,-0.778527618041));
#7091 = DIRECTION('',(0.707106781187,-0.,0.707106781187));
#7092 = DIRECTION('',(0.707106781187,0.,-0.707106781187));
#7093 = ORIENTED_EDGE('',*,*,#7094,.F.);
#7094 = EDGE_CURVE('',#7095,#7086,#7097,.T.);
#7095 = VERTEX_POINT('',#7096);
#7096 = CARTESIAN_POINT('',(2.015710678119,-2.928932188135E-02,-0.675));
#7097 = ( BOUNDED_CURVE() B_SPLINE_CURVE(3,(#7098,#7099,#7100,#7101),
.UNSPECIFIED.,.F.,.F.) B_SPLINE_CURVE_WITH_KNOTS((4,4),(5.759586531581,
6.28318530718),.PIECEWISE_BEZIER_KNOTS.) CURVE() 
GEOMETRIC_REPRESENTATION_ITEM() RATIONAL_B_SPLINE_CURVE((1.,
0.977283884193,0.977283884193,1.)) REPRESENTATION_ITEM('') );
#7098 = CARTESIAN_POINT('',(2.015710678119,-2.928932188135E-02,-0.675));
#7099 = CARTESIAN_POINT('',(2.022918575736,-2.208142426417E-02,
    -0.703831590469));
#7100 = CARTESIAN_POINT('',(2.020187233883,-1.835034190723E-02,
    -0.725218344106));
#7101 = CARTESIAN_POINT('',(2.007702788995,-1.835034190723E-02,
    -0.737702788995));
#7102 = ORIENTED_EDGE('',*,*,#7103,.T.);
#7103 = EDGE_CURVE('',#7095,#7075,#7104,.T.);
#7104 = CIRCLE('',#7105,1.E-01);
#7105 = AXIS2_PLACEMENT_3D('',#7106,#7107,#7108);
#7106 = CARTESIAN_POINT('',(2.086421356237,-0.1,-0.675));
#7107 = DIRECTION('',(0.,0.,-1.));
#7108 = DIRECTION('',(-1.,0.,0.));
#7109 = ( BOUNDED_SURFACE() B_SPLINE_SURFACE(3,2,(
    (#7110,#7111,#7112)
    ,(#7113,#7114,#7115)
    ,(#7116,#7117,#7118)
    ,(#7119,#7120,#7121
)),.UNSPECIFIED.,.F.,.F.,.F.) B_SPLINE_SURFACE_WITH_KNOTS((4,4),(3,3),(
    5.759586531581,6.28318530718),(0.,1.),.PIECEWISE_BEZIER_KNOTS.) 
GEOMETRIC_REPRESENTATION_ITEM() RATIONAL_B_SPLINE_SURFACE((
    (1.,0.923879532511,1.)
    ,(1.,0.943176268845,1.)
    ,(1.,0.953036376009,1.)
,(1.,0.953020613871,1.))) REPRESENTATION_ITEM('') SURFACE() );
#7110 = CARTESIAN_POINT('',(2.086421356237,1.355252715607E-17,-0.675));
#7111 = CARTESIAN_POINT('',(2.045,0.,-0.675));
#7112 = CARTESIAN_POINT('',(2.015710678119,-2.928932188135E-02,-0.675));
#7113 = CARTESIAN_POINT('',(2.086421355395,1.355252715607E-17,
    -0.717874315701));
#7114 = CARTESIAN_POINT('',(2.050805265261,-8.547336321995E-16,
    -0.708835843903));
#7115 = CARTESIAN_POINT('',(2.022862379783,-2.213762021726E-02,
    -0.703606807921));
#7116 = CARTESIAN_POINT('',(2.073270328108,1.355252715607E-17,
    -0.753784905296));
#7117 = CARTESIAN_POINT('',(2.043997389932,2.715036135835E-15,
    -0.738108868962));
#7118 = CARTESIAN_POINT('',(2.020080883741,-1.835034280052E-02,
    -0.725324692462));
#7119 = CARTESIAN_POINT('',(2.048527618041,1.355252715607E-17,
    -0.778527618041));
#7120 = CARTESIAN_POINT('',(2.026053130902,-1.355252715607E-17,
    -0.756053130902));
#7121 = CARTESIAN_POINT('',(2.007702788995,-1.835034190723E-02,
    -0.737702788995));
#7122 = ADVANCED_FACE('',(#7123),#7161,.T.);
#7123 = FACE_BOUND('',#7124,.T.);
#7124 = EDGE_LOOP('',(#7125,#7136,#7145,#7154));
#7125 = ORIENTED_EDGE('',*,*,#7126,.T.);
#7126 = EDGE_CURVE('',#7127,#7129,#7131,.T.);
#7127 = VERTEX_POINT('',#7128);
#7128 = CARTESIAN_POINT('',(1.945,0.,0.816421356237));
#7129 = VERTEX_POINT('',#7130);
#7130 = CARTESIAN_POINT('',(2.048527618041,1.355252715607E-17,
    0.778527618041));
#7131 = ( BOUNDED_CURVE() B_SPLINE_CURVE(3,(#7132,#7133,#7134,#7135),
.UNSPECIFIED.,.F.,.F.) B_SPLINE_CURVE_WITH_KNOTS((4,4),(5.759586531581,
6.28318530718),.PIECEWISE_BEZIER_KNOTS.) CURVE() 
GEOMETRIC_REPRESENTATION_ITEM() RATIONAL_B_SPLINE_CURVE((1.,
0.977283884193,0.977283884193,1.)) REPRESENTATION_ITEM('') );
#7132 = CARTESIAN_POINT('',(1.945,0.,0.816421356237));
#7133 = CARTESIAN_POINT('',(1.988247385703,1.355252715607E-17,
    0.816421356237));
#7134 = CARTESIAN_POINT('',(2.023558728264,1.355252715607E-17,
    0.803496507818));
#7135 = CARTESIAN_POINT('',(2.048527618041,1.355252715607E-17,
    0.778527618041));
#7136 = ORIENTED_EDGE('',*,*,#7137,.T.);
#7137 = EDGE_CURVE('',#7129,#7138,#7140,.T.);
#7138 = VERTEX_POINT('',#7139);
#7139 = CARTESIAN_POINT('',(2.007702788995,-1.835034190723E-02,
    0.737702788995));
#7140 = CIRCLE('',#7141,0.1);
#7141 = AXIS2_PLACEMENT_3D('',#7142,#7143,#7144);
#7142 = CARTESIAN_POINT('',(2.048527618041,-1.E-01,0.778527618041));
#7143 = DIRECTION('',(-0.707106781187,-0.,0.707106781187));
#7144 = DIRECTION('',(0.707106781187,0.,0.707106781187));
#7145 = ORIENTED_EDGE('',*,*,#7146,.F.);
#7146 = EDGE_CURVE('',#7147,#7138,#7149,.T.);
#7147 = VERTEX_POINT('',#7148);
#7148 = CARTESIAN_POINT('',(1.945,-2.928932188135E-02,0.745710678119));
#7149 = ( BOUNDED_CURVE() B_SPLINE_CURVE(3,(#7150,#7151,#7152,#7153),
.UNSPECIFIED.,.F.,.F.) B_SPLINE_CURVE_WITH_KNOTS((4,4),(5.759586531581,
6.28318530718),.PIECEWISE_BEZIER_KNOTS.) CURVE() 
GEOMETRIC_REPRESENTATION_ITEM() RATIONAL_B_SPLINE_CURVE((1.,
0.977283884193,0.977283884193,1.)) REPRESENTATION_ITEM('') );
#7150 = CARTESIAN_POINT('',(1.945,-2.928932188135E-02,0.745710678119));
#7151 = CARTESIAN_POINT('',(1.973831590469,-2.208142426417E-02,
    0.752918575736));
#7152 = CARTESIAN_POINT('',(1.995218344106,-1.835034190723E-02,
    0.750187233883));
#7153 = CARTESIAN_POINT('',(2.007702788995,-1.835034190723E-02,
    0.737702788995));
#7154 = ORIENTED_EDGE('',*,*,#7155,.T.);
#7155 = EDGE_CURVE('',#7147,#7127,#7156,.T.);
#7156 = CIRCLE('',#7157,0.1);
#7157 = AXIS2_PLACEMENT_3D('',#7158,#7159,#7160);
#7158 = CARTESIAN_POINT('',(1.945,-1.E-01,0.816421356237));
#7159 = DIRECTION('',(1.,-0.,0.));
#7160 = DIRECTION('',(0.,0.,-1.));
#7161 = ( BOUNDED_SURFACE() B_SPLINE_SURFACE(3,2,(
    (#7162,#7163,#7164)
    ,(#7165,#7166,#7167)
    ,(#7168,#7169,#7170)
    ,(#7171,#7172,#7173
)),.UNSPECIFIED.,.F.,.F.,.F.) B_SPLINE_SURFACE_WITH_KNOTS((4,4),(3,3),(
    5.759586531581,6.28318530718),(0.,1.),.PIECEWISE_BEZIER_KNOTS.) 
GEOMETRIC_REPRESENTATION_ITEM() RATIONAL_B_SPLINE_SURFACE((
    (1.,0.923879532511,1.)
    ,(1.,0.943176268845,1.)
    ,(1.,0.953036376009,1.)
,(1.,0.953020613871,1.))) REPRESENTATION_ITEM('') SURFACE() );
#7162 = CARTESIAN_POINT('',(1.945,1.355252715607E-17,0.816421356237));
#7163 = CARTESIAN_POINT('',(1.945,6.776263578034E-18,0.775));
#7164 = CARTESIAN_POINT('',(1.945,-2.928932188135E-02,0.745710678119));
#7165 = CARTESIAN_POINT('',(1.987874315701,1.355252715607E-17,
    0.816421355395));
#7166 = CARTESIAN_POINT('',(1.978835843903,-5.630461578897E-16,
    0.780805265261));
#7167 = CARTESIAN_POINT('',(1.973606807921,-2.213762021727E-02,
    0.752862379783));
#7168 = CARTESIAN_POINT('',(2.023784905296,1.355252715607E-17,
    0.803270328108));
#7169 = CARTESIAN_POINT('',(2.008108868962,-5.067393139014E-15,
    0.773997389932));
#7170 = CARTESIAN_POINT('',(1.995324692462,-1.835034280052E-02,
    0.750080883741));
#7171 = CARTESIAN_POINT('',(2.048527618041,1.355252715607E-17,
    0.778527618041));
#7172 = CARTESIAN_POINT('',(2.026053130902,3.388131789017E-17,
    0.756053130902));
#7173 = CARTESIAN_POINT('',(2.007702788995,-1.835034190723E-02,
    0.737702788995));
#7174 = ADVANCED_FACE('',(#7175),#7213,.T.);
#7175 = FACE_BOUND('',#7176,.T.);
#7176 = EDGE_LOOP('',(#7177,#7188,#7197,#7206));
#7177 = ORIENTED_EDGE('',*,*,#7178,.T.);
#7178 = EDGE_CURVE('',#7179,#7181,#7183,.T.);
#7179 = VERTEX_POINT('',#7180);
#7180 = CARTESIAN_POINT('',(-0.453578643763,0.,-0.675));
#7181 = VERTEX_POINT('',#7182);
#7182 = CARTESIAN_POINT('',(-0.491472381959,0.,-0.778527618041));
#7183 = ( BOUNDED_CURVE() B_SPLINE_CURVE(3,(#7184,#7185,#7186,#7187),
.UNSPECIFIED.,.F.,.F.) B_SPLINE_CURVE_WITH_KNOTS((4,4),(5.759586531581,
6.28318530718),.PIECEWISE_BEZIER_KNOTS.) CURVE() 
GEOMETRIC_REPRESENTATION_ITEM() RATIONAL_B_SPLINE_CURVE((1.,
0.977283884193,0.977283884193,1.)) REPRESENTATION_ITEM('') );
#7184 = CARTESIAN_POINT('',(-0.453578643763,0.,-0.675));
#7185 = CARTESIAN_POINT('',(-0.453578643763,0.,-0.718247385703));
#7186 = CARTESIAN_POINT('',(-0.466503492182,0.,-0.753558728264));
#7187 = CARTESIAN_POINT('',(-0.491472381959,0.,-0.778527618041));
#7188 = ORIENTED_EDGE('',*,*,#7189,.T.);
#7189 = EDGE_CURVE('',#7181,#7190,#7192,.T.);
#7190 = VERTEX_POINT('',#7191);
#7191 = CARTESIAN_POINT('',(-0.532297211005,-1.835034190723E-02,
    -0.737702788995));
#7192 = CIRCLE('',#7193,0.1);
#7193 = AXIS2_PLACEMENT_3D('',#7194,#7195,#7196);
#7194 = CARTESIAN_POINT('',(-0.491472381959,-0.1,-0.778527618041));
#7195 = DIRECTION('',(0.707106781187,-0.,0.707106781187));
#7196 = DIRECTION('',(0.707106781187,0.,-0.707106781187));
#7197 = ORIENTED_EDGE('',*,*,#7198,.F.);
#7198 = EDGE_CURVE('',#7199,#7190,#7201,.T.);
#7199 = VERTEX_POINT('',#7200);
#7200 = CARTESIAN_POINT('',(-0.524289321881,-2.928932188135E-02,-0.675)
  );
#7201 = ( BOUNDED_CURVE() B_SPLINE_CURVE(3,(#7202,#7203,#7204,#7205),
.UNSPECIFIED.,.F.,.F.) B_SPLINE_CURVE_WITH_KNOTS((4,4),(5.759586531581,
6.28318530718),.PIECEWISE_BEZIER_KNOTS.) CURVE() 
GEOMETRIC_REPRESENTATION_ITEM() RATIONAL_B_SPLINE_CURVE((1.,
0.977283884193,0.977283884193,1.)) REPRESENTATION_ITEM('') );
#7202 = CARTESIAN_POINT('',(-0.524289321881,-2.928932188135E-02,-0.675)
  );
#7203 = CARTESIAN_POINT('',(-0.517081424264,-2.208142426417E-02,
    -0.703831590469));
#7204 = CARTESIAN_POINT('',(-0.519812766117,-1.835034190723E-02,
    -0.725218344106));
#7205 = CARTESIAN_POINT('',(-0.532297211005,-1.835034190723E-02,
    -0.737702788995));
#7206 = ORIENTED_EDGE('',*,*,#7207,.T.);
#7207 = EDGE_CURVE('',#7199,#7179,#7208,.T.);
#7208 = CIRCLE('',#7209,1.E-01);
#7209 = AXIS2_PLACEMENT_3D('',#7210,#7211,#7212);
#7210 = CARTESIAN_POINT('',(-0.453578643763,-0.1,-0.675));
#7211 = DIRECTION('',(0.,0.,-1.));
#7212 = DIRECTION('',(-1.,0.,0.));
#7213 = ( BOUNDED_SURFACE() B_SPLINE_SURFACE(3,2,(
    (#7214,#7215,#7216)
    ,(#7217,#7218,#7219)
    ,(#7220,#7221,#7222)
    ,(#7223,#7224,#7225
)),.UNSPECIFIED.,.F.,.F.,.F.) B_SPLINE_SURFACE_WITH_KNOTS((4,4),(3,3),(
    5.759586531581,6.28318530718),(0.,1.),.PIECEWISE_BEZIER_KNOTS.) 
GEOMETRIC_REPRESENTATION_ITEM() RATIONAL_B_SPLINE_SURFACE((
    (1.,0.923879532511,1.)
    ,(1.,0.943176268845,1.)
    ,(1.,0.953036376009,1.)
,(1.,0.953020613871,1.))) REPRESENTATION_ITEM('') SURFACE() );
#7214 = CARTESIAN_POINT('',(-0.453578643763,0.,-0.675));
#7215 = CARTESIAN_POINT('',(-0.495,1.355252715607E-17,-0.675));
#7216 = CARTESIAN_POINT('',(-0.524289321881,-2.928932188135E-02,-0.675)
  );
#7217 = CARTESIAN_POINT('',(-0.453578644605,0.,-0.717874315701));
#7218 = CARTESIAN_POINT('',(-0.489194734739,-2.978015185545E-15,
    -0.708835843903));
#7219 = CARTESIAN_POINT('',(-0.517137620217,-2.213762021726E-02,
    -0.703606807921));
#7220 = CARTESIAN_POINT('',(-0.466729671892,0.,-0.753784905296));
#7221 = CARTESIAN_POINT('',(-0.496002610068,4.2505056383E-15,
    -0.738108868962));
#7222 = CARTESIAN_POINT('',(-0.519919116259,-1.835034280053E-02,
    -0.725324692462));
#7223 = CARTESIAN_POINT('',(-0.491472381959,0.,-0.778527618041));
#7224 = CARTESIAN_POINT('',(-0.513946869098,-2.03287907341E-17,
    -0.756053130902));
#7225 = CARTESIAN_POINT('',(-0.532297211005,-1.835034190723E-02,
    -0.737702788995));
#7226 = ADVANCED_FACE('',(#7227),#7265,.T.);
#7227 = FACE_BOUND('',#7228,.T.);
#7228 = EDGE_LOOP('',(#7229,#7240,#7249,#7258));
#7229 = ORIENTED_EDGE('',*,*,#7230,.T.);
#7230 = EDGE_CURVE('',#7231,#7233,#7235,.T.);
#7231 = VERTEX_POINT('',#7232);
#7232 = CARTESIAN_POINT('',(-0.595,0.,0.816421356237));
#7233 = VERTEX_POINT('',#7234);
#7234 = CARTESIAN_POINT('',(-0.491472381959,2.03287907341E-17,
    0.778527618041));
#7235 = ( BOUNDED_CURVE() B_SPLINE_CURVE(3,(#7236,#7237,#7238,#7239),
.UNSPECIFIED.,.F.,.F.) B_SPLINE_CURVE_WITH_KNOTS((4,4),(5.759586531581,
6.28318530718),.PIECEWISE_BEZIER_KNOTS.) CURVE() 
GEOMETRIC_REPRESENTATION_ITEM() RATIONAL_B_SPLINE_CURVE((1.,
0.977283884193,0.977283884193,1.)) REPRESENTATION_ITEM('') );
#7236 = CARTESIAN_POINT('',(-0.595,0.,0.816421356237));
#7237 = CARTESIAN_POINT('',(-0.551752614297,1.355252715607E-17,
    0.816421356237));
#7238 = CARTESIAN_POINT('',(-0.516441271736,1.355252715607E-17,
    0.803496507818));
#7239 = CARTESIAN_POINT('',(-0.491472381959,2.03287907341E-17,
    0.778527618041));
#7240 = ORIENTED_EDGE('',*,*,#7241,.T.);
#7241 = EDGE_CURVE('',#7233,#7242,#7244,.T.);
#7242 = VERTEX_POINT('',#7243);
#7243 = CARTESIAN_POINT('',(-0.532297211005,-1.835034190723E-02,
    0.737702788995));
#7244 = CIRCLE('',#7245,1.E-01);
#7245 = AXIS2_PLACEMENT_3D('',#7246,#7247,#7248);
#7246 = CARTESIAN_POINT('',(-0.491472381959,-1.E-01,0.778527618041));
#7247 = DIRECTION('',(-0.707106781187,-0.,0.707106781187));
#7248 = DIRECTION('',(0.707106781187,0.,0.707106781187));
#7249 = ORIENTED_EDGE('',*,*,#7250,.F.);
#7250 = EDGE_CURVE('',#7251,#7242,#7253,.T.);
#7251 = VERTEX_POINT('',#7252);
#7252 = CARTESIAN_POINT('',(-0.595,-2.928932188135E-02,0.745710678119));
#7253 = ( BOUNDED_CURVE() B_SPLINE_CURVE(3,(#7254,#7255,#7256,#7257),
.UNSPECIFIED.,.F.,.F.) B_SPLINE_CURVE_WITH_KNOTS((4,4),(5.759586531581,
6.28318530718),.PIECEWISE_BEZIER_KNOTS.) CURVE() 
GEOMETRIC_REPRESENTATION_ITEM() RATIONAL_B_SPLINE_CURVE((1.,
0.977283884193,0.977283884193,1.)) REPRESENTATION_ITEM('') );
#7254 = CARTESIAN_POINT('',(-0.595,-2.928932188135E-02,0.745710678119));
#7255 = CARTESIAN_POINT('',(-0.566168409531,-2.208142426417E-02,
    0.752918575736));
#7256 = CARTESIAN_POINT('',(-0.544781655894,-1.835034190723E-02,
    0.750187233883));
#7257 = CARTESIAN_POINT('',(-0.532297211005,-1.835034190723E-02,
    0.737702788995));
#7258 = ORIENTED_EDGE('',*,*,#7259,.F.);
#7259 = EDGE_CURVE('',#7231,#7251,#7260,.T.);
#7260 = CIRCLE('',#7261,0.1);
#7261 = AXIS2_PLACEMENT_3D('',#7262,#7263,#7264);
#7262 = CARTESIAN_POINT('',(-0.595,-0.1,0.816421356237));
#7263 = DIRECTION('',(-1.,0.,-0.));
#7264 = DIRECTION('',(0.,9.486769009248E-16,-1.));
#7265 = ( BOUNDED_SURFACE() B_SPLINE_SURFACE(3,2,(
    (#7266,#7267,#7268)
    ,(#7269,#7270,#7271)
    ,(#7272,#7273,#7274)
    ,(#7275,#7276,#7277
)),.UNSPECIFIED.,.F.,.F.,.F.) B_SPLINE_SURFACE_WITH_KNOTS((4,4),(3,3),(
    5.759586531581,6.28318530718),(0.,1.),.PIECEWISE_BEZIER_KNOTS.) 
GEOMETRIC_REPRESENTATION_ITEM() RATIONAL_B_SPLINE_SURFACE((
    (1.,0.923879532511,1.)
    ,(1.,0.943176268845,1.)
    ,(1.,0.953036376009,1.)
,(1.,0.953020613871,1.))) REPRESENTATION_ITEM('') SURFACE() );
#7266 = CARTESIAN_POINT('',(-0.595,1.355252715607E-17,0.816421356237));
#7267 = CARTESIAN_POINT('',(-0.595,6.776263578034E-17,0.775));
#7268 = CARTESIAN_POINT('',(-0.595,-2.928932188135E-02,0.745710678119));
#7269 = CARTESIAN_POINT('',(-0.552125684299,1.355252715607E-17,
    0.816421355395));
#7270 = CARTESIAN_POINT('',(-0.561164156097,-4.063449919859E-15,
    0.780805265261));
#7271 = CARTESIAN_POINT('',(-0.566393192079,-2.213762021726E-02,
    0.752862379783));
#7272 = CARTESIAN_POINT('',(-0.516215094704,1.355252715607E-17,
    0.803270328108));
#7273 = CARTESIAN_POINT('',(-0.531891131038,1.450716530658E-15,
    0.773997389932));
#7274 = CARTESIAN_POINT('',(-0.544675307538,-1.835034280053E-02,
    0.750080883741));
#7275 = CARTESIAN_POINT('',(-0.491472381959,1.355252715607E-17,
    0.778527618041));
#7276 = CARTESIAN_POINT('',(-0.513946869098,2.710505431214E-17,
    0.756053130902));
#7277 = CARTESIAN_POINT('',(-0.532297211005,-1.835034190723E-02,
    0.737702788995));
#7278 = ADVANCED_FACE('',(#7279),#7313,.F.);
#7279 = FACE_BOUND('',#7280,.T.);
#7280 = EDGE_LOOP('',(#7281,#7291,#7299,#7307));
#7281 = ORIENTED_EDGE('',*,*,#7282,.F.);
#7282 = EDGE_CURVE('',#7283,#7285,#7287,.T.);
#7283 = VERTEX_POINT('',#7284);
#7284 = CARTESIAN_POINT('',(2.3,-8.1,-1.27));
#7285 = VERTEX_POINT('',#7286);
#7286 = CARTESIAN_POINT('',(-2.3,-8.1,-1.27));
#7287 = LINE('',#7288,#7289);
#7288 = CARTESIAN_POINT('',(-3.,-8.1,-1.27));
#7289 = VECTOR('',#7290,1.);
#7290 = DIRECTION('',(-1.,-0.,-0.));
#7291 = ORIENTED_EDGE('',*,*,#7292,.T.);
#7292 = EDGE_CURVE('',#7283,#7293,#7295,.T.);
#7293 = VERTEX_POINT('',#7294);
#7294 = CARTESIAN_POINT('',(2.3,-8.1,1.27));
#7295 = LINE('',#7296,#7297);
#7296 = CARTESIAN_POINT('',(2.3,-8.1,1.27));
#7297 = VECTOR('',#7298,1.);
#7298 = DIRECTION('',(-1.70740499604E-16,-0.,1.));
#7299 = ORIENTED_EDGE('',*,*,#7300,.F.);
#7300 = EDGE_CURVE('',#7301,#7293,#7303,.T.);
#7301 = VERTEX_POINT('',#7302);
#7302 = CARTESIAN_POINT('',(-2.3,-8.1,1.27));
#7303 = LINE('',#7304,#7305);
#7304 = CARTESIAN_POINT('',(-3.,-8.1,1.27));
#7305 = VECTOR('',#7306,1.);
#7306 = DIRECTION('',(1.,0.,0.));
#7307 = ORIENTED_EDGE('',*,*,#7308,.T.);
#7308 = EDGE_CURVE('',#7301,#7285,#7309,.T.);
#7309 = LINE('',#7310,#7311);
#7310 = CARTESIAN_POINT('',(-2.3,-8.1,-1.27));
#7311 = VECTOR('',#7312,1.);
#7312 = DIRECTION('',(1.70740499604E-16,-0.,-1.));
#7313 = PLANE('',#7314);
#7314 = AXIS2_PLACEMENT_3D('',#7315,#7316,#7317);
#7315 = CARTESIAN_POINT('',(0.,-8.1,0.));
#7316 = DIRECTION('',(0.,1.,0.));
#7317 = DIRECTION('',(0.,-0.,1.));
#7318 = ADVANCED_FACE('',(#7319,#7387,#7455),#7489,.T.);
#7319 = FACE_BOUND('',#7320,.T.);
#7320 = EDGE_LOOP('',(#7321,#7322,#7330,#7337,#7338,#7346,#7355,#7363,
    #7372,#7380));
#7321 = ORIENTED_EDGE('',*,*,#7074,.F.);
#7322 = ORIENTED_EDGE('',*,*,#7323,.T.);
#7323 = EDGE_CURVE('',#7075,#7324,#7326,.T.);
#7324 = VERTEX_POINT('',#7325);
#7325 = CARTESIAN_POINT('',(2.086421356237,0.,0.675));
#7326 = LINE('',#7327,#7328);
#7327 = CARTESIAN_POINT('',(2.086421356237,0.,-6.032273512407E-16));
#7328 = VECTOR('',#7329,1.);
#7329 = DIRECTION('',(2.891205793295E-16,-0.,1.));
#7330 = ORIENTED_EDGE('',*,*,#7331,.F.);
#7331 = EDGE_CURVE('',#7129,#7324,#7332,.T.);
#7332 = ( BOUNDED_CURVE() B_SPLINE_CURVE(3,(#7333,#7334,#7335,#7336),
.UNSPECIFIED.,.F.,.F.) B_SPLINE_CURVE_WITH_KNOTS((4,4),(
9.486769009248E-16,0.523598775598),.PIECEWISE_BEZIER_KNOTS.) CURVE() 
GEOMETRIC_REPRESENTATION_ITEM() RATIONAL_B_SPLINE_CURVE((1.,
0.977283884193,0.977283884193,1.)) REPRESENTATION_ITEM('') );
#7333 = CARTESIAN_POINT('',(2.048527618041,1.355252715607E-17,
    0.778527618041));
#7334 = CARTESIAN_POINT('',(2.073496507818,1.355252715607E-17,
    0.753558728264));
#7335 = CARTESIAN_POINT('',(2.086421356237,1.355252715607E-17,
    0.718247385703));
#7336 = CARTESIAN_POINT('',(2.086421356237,0.,0.675));
#7337 = ORIENTED_EDGE('',*,*,#7126,.F.);
#7338 = ORIENTED_EDGE('',*,*,#7339,.T.);
#7339 = EDGE_CURVE('',#7127,#7340,#7342,.T.);
#7340 = VERTEX_POINT('',#7341);
#7341 = CARTESIAN_POINT('',(0.595,0.,0.816421356237));
#7342 = LINE('',#7343,#7344);
#7343 = CARTESIAN_POINT('',(0.,0.,0.816421356237));
#7344 = VECTOR('',#7345,1.);
#7345 = DIRECTION('',(-1.,0.,0.));
#7346 = ORIENTED_EDGE('',*,*,#7347,.F.);
#7347 = EDGE_CURVE('',#7348,#7340,#7350,.T.);
#7348 = VERTEX_POINT('',#7349);
#7349 = CARTESIAN_POINT('',(0.453578643763,0.,0.675));
#7350 = ( BOUNDED_CURVE() B_SPLINE_CURVE(3,(#7351,#7352,#7353,#7354),
.UNSPECIFIED.,.F.,.F.) B_SPLINE_CURVE_WITH_KNOTS((4,4),(2.617993877991,
3.665191429188),.PIECEWISE_BEZIER_KNOTS.) CURVE() 
GEOMETRIC_REPRESENTATION_ITEM() RATIONAL_B_SPLINE_CURVE((1.,
0.910683602523,0.910683602523,1.)) REPRESENTATION_ITEM('') );
#7351 = CARTESIAN_POINT('',(0.453578643763,0.,0.675));
#7352 = CARTESIAN_POINT('',(0.453578643763,1.355252715607E-17,
    0.764657547217));
#7353 = CARTESIAN_POINT('',(0.505342452783,1.355252715607E-17,
    0.816421356237));
#7354 = CARTESIAN_POINT('',(0.595,0.,0.816421356237));
#7355 = ORIENTED_EDGE('',*,*,#7356,.T.);
#7356 = EDGE_CURVE('',#7348,#7357,#7359,.T.);
#7357 = VERTEX_POINT('',#7358);
#7358 = CARTESIAN_POINT('',(0.453578643763,0.,-0.675));
#7359 = LINE('',#7360,#7361);
#7360 = CARTESIAN_POINT('',(0.453578643763,0.,-1.311389202561E-16));
#7361 = VECTOR('',#7362,1.);
#7362 = DIRECTION('',(-2.891205793295E-16,0.,-1.));
#7363 = ORIENTED_EDGE('',*,*,#7364,.F.);
#7364 = EDGE_CURVE('',#7365,#7357,#7367,.T.);
#7365 = VERTEX_POINT('',#7366);
#7366 = CARTESIAN_POINT('',(0.595,0.,-0.816421356237));
#7367 = ( BOUNDED_CURVE() B_SPLINE_CURVE(3,(#7368,#7369,#7370,#7371),
.UNSPECIFIED.,.F.,.F.) B_SPLINE_CURVE_WITH_KNOTS((4,4),(2.617993877991,
3.665191429188),.PIECEWISE_BEZIER_KNOTS.) CURVE() 
GEOMETRIC_REPRESENTATION_ITEM() RATIONAL_B_SPLINE_CURVE((1.,
0.910683602523,0.910683602523,1.)) REPRESENTATION_ITEM('') );
#7368 = CARTESIAN_POINT('',(0.595,0.,-0.816421356237));
#7369 = CARTESIAN_POINT('',(0.505342452783,1.355252715607E-17,
    -0.816421356237));
#7370 = CARTESIAN_POINT('',(0.453578643763,1.355252715607E-17,
    -0.764657547217));
#7371 = CARTESIAN_POINT('',(0.453578643763,0.,-0.675));
#7372 = ORIENTED_EDGE('',*,*,#7373,.T.);
#7373 = EDGE_CURVE('',#7365,#7374,#7376,.T.);
#7374 = VERTEX_POINT('',#7375);
#7375 = CARTESIAN_POINT('',(1.945,0.,-0.816421356237));
#7376 = LINE('',#7377,#7378);
#7377 = CARTESIAN_POINT('',(0.,0.,-0.816421356237));
#7378 = VECTOR('',#7379,1.);
#7379 = DIRECTION('',(1.,0.,0.));
#7380 = ORIENTED_EDGE('',*,*,#7381,.F.);
#7381 = EDGE_CURVE('',#7077,#7374,#7382,.T.);
#7382 = ( BOUNDED_CURVE() B_SPLINE_CURVE(3,(#7383,#7384,#7385,#7386),
.UNSPECIFIED.,.F.,.F.) B_SPLINE_CURVE_WITH_KNOTS((4,4),(0.,
0.523598775598),.PIECEWISE_BEZIER_KNOTS.) CURVE() 
GEOMETRIC_REPRESENTATION_ITEM() RATIONAL_B_SPLINE_CURVE((1.,
0.977283884193,0.977283884193,1.)) REPRESENTATION_ITEM('') );
#7383 = CARTESIAN_POINT('',(2.048527618041,1.355252715607E-17,
    -0.778527618041));
#7384 = CARTESIAN_POINT('',(2.023558728264,1.355252715607E-17,
    -0.803496507818));
#7385 = CARTESIAN_POINT('',(1.988247385703,1.355252715607E-17,
    -0.816421356237));
#7386 = CARTESIAN_POINT('',(1.945,0.,-0.816421356237));
#7387 = FACE_BOUND('',#7388,.T.);
#7388 = EDGE_LOOP('',(#7389,#7390,#7398,#7405,#7406,#7414,#7423,#7431,
    #7440,#7448));
#7389 = ORIENTED_EDGE('',*,*,#7178,.F.);
#7390 = ORIENTED_EDGE('',*,*,#7391,.T.);
#7391 = EDGE_CURVE('',#7179,#7392,#7394,.T.);
#7392 = VERTEX_POINT('',#7393);
#7393 = CARTESIAN_POINT('',(-0.453578643763,0.,0.675));
#7394 = LINE('',#7395,#7396);
#7395 = CARTESIAN_POINT('',(-0.453578643763,0.,-1.311389202561E-16));
#7396 = VECTOR('',#7397,1.);
#7397 = DIRECTION('',(-2.891205793295E-16,-0.,1.));
#7398 = ORIENTED_EDGE('',*,*,#7399,.F.);
#7399 = EDGE_CURVE('',#7233,#7392,#7400,.T.);
#7400 = ( BOUNDED_CURVE() B_SPLINE_CURVE(3,(#7401,#7402,#7403,#7404),
.UNSPECIFIED.,.F.,.F.) B_SPLINE_CURVE_WITH_KNOTS((4,4),(
1.355252715607E-16,0.523598775598),.PIECEWISE_BEZIER_KNOTS.) CURVE() 
GEOMETRIC_REPRESENTATION_ITEM() RATIONAL_B_SPLINE_CURVE((1.,
0.977283884193,0.977283884193,1.)) REPRESENTATION_ITEM('') );
#7401 = CARTESIAN_POINT('',(-0.491472381959,2.03287907341E-17,
    0.778527618041));
#7402 = CARTESIAN_POINT('',(-0.466503492182,1.355252715607E-17,
    0.753558728264));
#7403 = CARTESIAN_POINT('',(-0.453578643763,1.355252715607E-17,
    0.718247385703));
#7404 = CARTESIAN_POINT('',(-0.453578643763,0.,0.675));
#7405 = ORIENTED_EDGE('',*,*,#7230,.F.);
#7406 = ORIENTED_EDGE('',*,*,#7407,.T.);
#7407 = EDGE_CURVE('',#7231,#7408,#7410,.T.);
#7408 = VERTEX_POINT('',#7409);
#7409 = CARTESIAN_POINT('',(-1.945,0.,0.816421356237));
#7410 = LINE('',#7411,#7412);
#7411 = CARTESIAN_POINT('',(0.,0.,0.816421356237));
#7412 = VECTOR('',#7413,1.);
#7413 = DIRECTION('',(-1.,-0.,0.));
#7414 = ORIENTED_EDGE('',*,*,#7415,.F.);
#7415 = EDGE_CURVE('',#7416,#7408,#7418,.T.);
#7416 = VERTEX_POINT('',#7417);
#7417 = CARTESIAN_POINT('',(-2.086421356237,0.,0.675));
#7418 = ( BOUNDED_CURVE() B_SPLINE_CURVE(3,(#7419,#7420,#7421,#7422),
.UNSPECIFIED.,.F.,.F.) B_SPLINE_CURVE_WITH_KNOTS((4,4),(2.617993877991,
3.665191429188),.PIECEWISE_BEZIER_KNOTS.) CURVE() 
GEOMETRIC_REPRESENTATION_ITEM() RATIONAL_B_SPLINE_CURVE((1.,
0.910683602523,0.910683602523,1.)) REPRESENTATION_ITEM('') );
#7419 = CARTESIAN_POINT('',(-2.086421356237,0.,0.675));
#7420 = CARTESIAN_POINT('',(-2.086421356237,1.355252715607E-17,
    0.764657547217));
#7421 = CARTESIAN_POINT('',(-2.034657547217,1.355252715607E-17,
    0.816421356237));
#7422 = CARTESIAN_POINT('',(-1.945,0.,0.816421356237));
#7423 = ORIENTED_EDGE('',*,*,#7424,.T.);
#7424 = EDGE_CURVE('',#7416,#7425,#7427,.T.);
#7425 = VERTEX_POINT('',#7426);
#7426 = CARTESIAN_POINT('',(-2.086421356237,0.,-0.675));
#7427 = LINE('',#7428,#7429);
#7428 = CARTESIAN_POINT('',(-2.086421356237,0.,-6.032273512407E-16));
#7429 = VECTOR('',#7430,1.);
#7430 = DIRECTION('',(2.891205793295E-16,-0.,-1.));
#7431 = ORIENTED_EDGE('',*,*,#7432,.F.);
#7432 = EDGE_CURVE('',#7433,#7425,#7435,.T.);
#7433 = VERTEX_POINT('',#7434);
#7434 = CARTESIAN_POINT('',(-1.945,0.,-0.816421356237));
#7435 = ( BOUNDED_CURVE() B_SPLINE_CURVE(3,(#7436,#7437,#7438,#7439),
.UNSPECIFIED.,.F.,.F.) B_SPLINE_CURVE_WITH_KNOTS((4,4),(2.617993877991,
3.665191429188),.PIECEWISE_BEZIER_KNOTS.) CURVE() 
GEOMETRIC_REPRESENTATION_ITEM() RATIONAL_B_SPLINE_CURVE((1.,
0.910683602523,0.910683602523,1.)) REPRESENTATION_ITEM('') );
#7436 = CARTESIAN_POINT('',(-1.945,0.,-0.816421356237));
#7437 = CARTESIAN_POINT('',(-2.034657547217,0.,-0.816421356237));
#7438 = CARTESIAN_POINT('',(-2.086421356237,0.,-0.764657547217));
#7439 = CARTESIAN_POINT('',(-2.086421356237,0.,-0.675));
#7440 = ORIENTED_EDGE('',*,*,#7441,.T.);
#7441 = EDGE_CURVE('',#7433,#7442,#7444,.T.);
#7442 = VERTEX_POINT('',#7443);
#7443 = CARTESIAN_POINT('',(-0.595,0.,-0.816421356237));
#7444 = LINE('',#7445,#7446);
#7445 = CARTESIAN_POINT('',(0.,0.,-0.816421356237));
#7446 = VECTOR('',#7447,1.);
#7447 = DIRECTION('',(1.,-0.,-0.));
#7448 = ORIENTED_EDGE('',*,*,#7449,.F.);
#7449 = EDGE_CURVE('',#7181,#7442,#7450,.T.);
#7450 = ( BOUNDED_CURVE() B_SPLINE_CURVE(3,(#7451,#7452,#7453,#7454),
.UNSPECIFIED.,.F.,.F.) B_SPLINE_CURVE_WITH_KNOTS((4,4),(0.,
0.523598775598),.PIECEWISE_BEZIER_KNOTS.) CURVE() 
GEOMETRIC_REPRESENTATION_ITEM() RATIONAL_B_SPLINE_CURVE((1.,
0.977283884193,0.977283884193,1.)) REPRESENTATION_ITEM('') );
#7451 = CARTESIAN_POINT('',(-0.491472381959,0.,-0.778527618041));
#7452 = CARTESIAN_POINT('',(-0.516441271736,0.,-0.803496507818));
#7453 = CARTESIAN_POINT('',(-0.551752614297,0.,-0.816421356237));
#7454 = CARTESIAN_POINT('',(-0.595,0.,-0.816421356237));
#7455 = FACE_BOUND('',#7456,.T.);
#7456 = EDGE_LOOP('',(#7457,#7467,#7475,#7483));
#7457 = ORIENTED_EDGE('',*,*,#7458,.T.);
#7458 = EDGE_CURVE('',#7459,#7461,#7463,.T.);
#7459 = VERTEX_POINT('',#7460);
#7460 = CARTESIAN_POINT('',(2.9,0.,-1.27));
#7461 = VERTEX_POINT('',#7462);
#7462 = CARTESIAN_POINT('',(-2.9,0.,-1.27));
#7463 = LINE('',#7464,#7465);
#7464 = CARTESIAN_POINT('',(-3.,0.,-1.27));
#7465 = VECTOR('',#7466,1.);
#7466 = DIRECTION('',(-1.,-0.,-0.));
#7467 = ORIENTED_EDGE('',*,*,#7468,.T.);
#7468 = EDGE_CURVE('',#7461,#7469,#7471,.T.);
#7469 = VERTEX_POINT('',#7470);
#7470 = CARTESIAN_POINT('',(-2.9,0.,1.27));
#7471 = LINE('',#7472,#7473);
#7472 = CARTESIAN_POINT('',(-2.9,0.,-4.951474488516E-16));
#7473 = VECTOR('',#7474,1.);
#7474 = DIRECTION('',(-1.70740499604E-16,0.,1.));
#7475 = ORIENTED_EDGE('',*,*,#7476,.T.);
#7476 = EDGE_CURVE('',#7469,#7477,#7479,.T.);
#7477 = VERTEX_POINT('',#7478);
#7478 = CARTESIAN_POINT('',(2.9,0.,1.27));
#7479 = LINE('',#7480,#7481);
#7480 = CARTESIAN_POINT('',(-3.,0.,1.27));
#7481 = VECTOR('',#7482,1.);
#7482 = DIRECTION('',(1.,0.,0.));
#7483 = ORIENTED_EDGE('',*,*,#7484,.T.);
#7484 = EDGE_CURVE('',#7477,#7459,#7485,.T.);
#7485 = LINE('',#7486,#7487);
#7486 = CARTESIAN_POINT('',(2.9,0.,-4.951474488516E-16));
#7487 = VECTOR('',#7488,1.);
#7488 = DIRECTION('',(-1.70740499604E-16,0.,-1.));
#7489 = PLANE('',#7490);
#7490 = AXIS2_PLACEMENT_3D('',#7491,#7492,#7493);
#7491 = CARTESIAN_POINT('',(0.,0.,0.));
#7492 = DIRECTION('',(0.,1.,0.));
#7493 = DIRECTION('',(0.,-0.,1.));
#7494 = ADVANCED_FACE('',(#7495),#7529,.T.);
#7495 = FACE_BOUND('',#7496,.T.);
#7496 = EDGE_LOOP('',(#7497,#7507,#7515,#7523));
#7497 = ORIENTED_EDGE('',*,*,#7498,.T.);
#7498 = EDGE_CURVE('',#7499,#7501,#7503,.T.);
#7499 = VERTEX_POINT('',#7500);
#7500 = CARTESIAN_POINT('',(3.,-8.4,-1.27));
#7501 = VERTEX_POINT('',#7502);
#7502 = CARTESIAN_POINT('',(3.,-1.E-01,-1.27));
#7503 = LINE('',#7504,#7505);
#7504 = CARTESIAN_POINT('',(3.,-8.1,-1.27));
#7505 = VECTOR('',#7506,1.);
#7506 = DIRECTION('',(0.,1.,0.));
#7507 = ORIENTED_EDGE('',*,*,#7508,.T.);
#7508 = EDGE_CURVE('',#7501,#7509,#7511,.T.);
#7509 = VERTEX_POINT('',#7510);
#7510 = CARTESIAN_POINT('',(3.,-1.E-01,1.27));
#7511 = LINE('',#7512,#7513);
#7512 = CARTESIAN_POINT('',(3.,-1.E-01,-1.27));
#7513 = VECTOR('',#7514,1.);
#7514 = DIRECTION('',(1.70740499604E-16,-0.,1.));
#7515 = ORIENTED_EDGE('',*,*,#7516,.F.);
#7516 = EDGE_CURVE('',#7517,#7509,#7519,.T.);
#7517 = VERTEX_POINT('',#7518);
#7518 = CARTESIAN_POINT('',(3.,-8.4,1.27));
#7519 = LINE('',#7520,#7521);
#7520 = CARTESIAN_POINT('',(3.,-8.1,1.27));
#7521 = VECTOR('',#7522,1.);
#7522 = DIRECTION('',(0.,1.,0.));
#7523 = ORIENTED_EDGE('',*,*,#7524,.T.);
#7524 = EDGE_CURVE('',#7517,#7499,#7525,.T.);
#7525 = LINE('',#7526,#7527);
#7526 = CARTESIAN_POINT('',(3.,-8.4,-1.27));
#7527 = VECTOR('',#7528,1.);
#7528 = DIRECTION('',(-1.70740499604E-16,-0.,-1.));
#7529 = PLANE('',#7530);
#7530 = AXIS2_PLACEMENT_3D('',#7531,#7532,#7533);
#7531 = CARTESIAN_POINT('',(3.,-8.1,-1.27));
#7532 = DIRECTION('',(1.,0.,-1.70740499604E-16));
#7533 = DIRECTION('',(-1.70740499604E-16,0.,-1.));
#7534 = ADVANCED_FACE('',(#7535),#7646,.T.);
#7535 = FACE_BOUND('',#7536,.T.);
#7536 = EDGE_LOOP('',(#7537,#7547,#7556,#7564,#7571,#7572,#7579,#7580,
    #7589,#7597,#7606,#7614,#7623,#7631,#7638,#7639));
#7537 = ORIENTED_EDGE('',*,*,#7538,.F.);
#7538 = EDGE_CURVE('',#7539,#7541,#7543,.T.);
#7539 = VERTEX_POINT('',#7540);
#7540 = CARTESIAN_POINT('',(2.4,-8.4,1.27));
#7541 = VERTEX_POINT('',#7542);
#7542 = CARTESIAN_POINT('',(2.4,-8.2,1.27));
#7543 = LINE('',#7544,#7545);
#7544 = CARTESIAN_POINT('',(2.4,-8.5,1.27));
#7545 = VECTOR('',#7546,1.);
#7546 = DIRECTION('',(-0.,1.,-0.));
#7547 = ORIENTED_EDGE('',*,*,#7548,.T.);
#7548 = EDGE_CURVE('',#7539,#7549,#7551,.T.);
#7549 = VERTEX_POINT('',#7550);
#7550 = CARTESIAN_POINT('',(2.5,-8.5,1.27));
#7551 = CIRCLE('',#7552,1.E-01);
#7552 = AXIS2_PLACEMENT_3D('',#7553,#7554,#7555);
#7553 = CARTESIAN_POINT('',(2.5,-8.4,1.27));
#7554 = DIRECTION('',(0.,0.,1.));
#7555 = DIRECTION('',(1.,0.,-0.));
#7556 = ORIENTED_EDGE('',*,*,#7557,.F.);
#7557 = EDGE_CURVE('',#7558,#7549,#7560,.T.);
#7558 = VERTEX_POINT('',#7559);
#7559 = CARTESIAN_POINT('',(2.9,-8.5,1.27));
#7560 = LINE('',#7561,#7562);
#7561 = CARTESIAN_POINT('',(3.,-8.5,1.27));
#7562 = VECTOR('',#7563,1.);
#7563 = DIRECTION('',(-1.,0.,0.));
#7564 = ORIENTED_EDGE('',*,*,#7565,.T.);
#7565 = EDGE_CURVE('',#7558,#7517,#7566,.T.);
#7566 = CIRCLE('',#7567,1.E-01);
#7567 = AXIS2_PLACEMENT_3D('',#7568,#7569,#7570);
#7568 = CARTESIAN_POINT('',(2.9,-8.4,1.27));
#7569 = DIRECTION('',(0.,0.,1.));
#7570 = DIRECTION('',(1.,0.,-0.));
#7571 = ORIENTED_EDGE('',*,*,#7516,.T.);
#7572 = ORIENTED_EDGE('',*,*,#7573,.T.);
#7573 = EDGE_CURVE('',#7509,#7477,#7574,.T.);
#7574 = CIRCLE('',#7575,1.E-01);
#7575 = AXIS2_PLACEMENT_3D('',#7576,#7577,#7578);
#7576 = CARTESIAN_POINT('',(2.9,-0.1,1.27));
#7577 = DIRECTION('',(0.,0.,1.));
#7578 = DIRECTION('',(1.,0.,-0.));
#7579 = ORIENTED_EDGE('',*,*,#7476,.F.);
#7580 = ORIENTED_EDGE('',*,*,#7581,.T.);
#7581 = EDGE_CURVE('',#7469,#7582,#7584,.T.);
#7582 = VERTEX_POINT('',#7583);
#7583 = CARTESIAN_POINT('',(-3.,-1.E-01,1.27));
#7584 = CIRCLE('',#7585,1.E-01);
#7585 = AXIS2_PLACEMENT_3D('',#7586,#7587,#7588);
#7586 = CARTESIAN_POINT('',(-2.9,-0.1,1.27));
#7587 = DIRECTION('',(0.,0.,1.));
#7588 = DIRECTION('',(1.,0.,-0.));
#7589 = ORIENTED_EDGE('',*,*,#7590,.F.);
#7590 = EDGE_CURVE('',#7591,#7582,#7593,.T.);
#7591 = VERTEX_POINT('',#7592);
#7592 = CARTESIAN_POINT('',(-3.,-8.4,1.27));
#7593 = LINE('',#7594,#7595);
#7594 = CARTESIAN_POINT('',(-3.,-8.1,1.27));
#7595 = VECTOR('',#7596,1.);
#7596 = DIRECTION('',(0.,1.,0.));
#7597 = ORIENTED_EDGE('',*,*,#7598,.T.);
#7598 = EDGE_CURVE('',#7591,#7599,#7601,.T.);
#7599 = VERTEX_POINT('',#7600);
#7600 = CARTESIAN_POINT('',(-2.9,-8.5,1.27));
#7601 = CIRCLE('',#7602,1.E-01);
#7602 = AXIS2_PLACEMENT_3D('',#7603,#7604,#7605);
#7603 = CARTESIAN_POINT('',(-2.9,-8.4,1.27));
#7604 = DIRECTION('',(0.,0.,1.));
#7605 = DIRECTION('',(1.,0.,-0.));
#7606 = ORIENTED_EDGE('',*,*,#7607,.F.);
#7607 = EDGE_CURVE('',#7608,#7599,#7610,.T.);
#7608 = VERTEX_POINT('',#7609);
#7609 = CARTESIAN_POINT('',(-2.5,-8.5,1.27));
#7610 = LINE('',#7611,#7612);
#7611 = CARTESIAN_POINT('',(-3.,-8.5,1.27));
#7612 = VECTOR('',#7613,1.);
#7613 = DIRECTION('',(-1.,-0.,-0.));
#7614 = ORIENTED_EDGE('',*,*,#7615,.T.);
#7615 = EDGE_CURVE('',#7608,#7616,#7618,.T.);
#7616 = VERTEX_POINT('',#7617);
#7617 = CARTESIAN_POINT('',(-2.4,-8.4,1.27));
#7618 = CIRCLE('',#7619,1.E-01);
#7619 = AXIS2_PLACEMENT_3D('',#7620,#7621,#7622);
#7620 = CARTESIAN_POINT('',(-2.5,-8.4,1.27));
#7621 = DIRECTION('',(0.,0.,1.));
#7622 = DIRECTION('',(1.,0.,-0.));
#7623 = ORIENTED_EDGE('',*,*,#7624,.T.);
#7624 = EDGE_CURVE('',#7616,#7625,#7627,.T.);
#7625 = VERTEX_POINT('',#7626);
#7626 = CARTESIAN_POINT('',(-2.4,-8.2,1.27));
#7627 = LINE('',#7628,#7629);
#7628 = CARTESIAN_POINT('',(-2.4,-8.5,1.27));
#7629 = VECTOR('',#7630,1.);
#7630 = DIRECTION('',(-0.,1.,-0.));
#7631 = ORIENTED_EDGE('',*,*,#7632,.T.);
#7632 = EDGE_CURVE('',#7625,#7301,#7633,.T.);
#7633 = CIRCLE('',#7634,1.E-01);
#7634 = AXIS2_PLACEMENT_3D('',#7635,#7636,#7637);
#7635 = CARTESIAN_POINT('',(-2.3,-8.2,1.27));
#7636 = DIRECTION('',(0.,0.,-1.));
#7637 = DIRECTION('',(1.,0.,0.));
#7638 = ORIENTED_EDGE('',*,*,#7300,.T.);
#7639 = ORIENTED_EDGE('',*,*,#7640,.T.);
#7640 = EDGE_CURVE('',#7293,#7541,#7641,.T.);
#7641 = CIRCLE('',#7642,1.E-01);
#7642 = AXIS2_PLACEMENT_3D('',#7643,#7644,#7645);
#7643 = CARTESIAN_POINT('',(2.3,-8.2,1.27));
#7644 = DIRECTION('',(0.,0.,-1.));
#7645 = DIRECTION('',(1.,0.,0.));
#7646 = PLANE('',#7647);
#7647 = AXIS2_PLACEMENT_3D('',#7648,#7649,#7650);
#7648 = CARTESIAN_POINT('',(-3.,-8.1,1.27));
#7649 = DIRECTION('',(0.,0.,1.));
#7650 = DIRECTION('',(1.,0.,-0.));
#7651 = ADVANCED_FACE('',(#7652),#7677,.T.);
#7652 = FACE_BOUND('',#7653,.T.);
#7653 = EDGE_LOOP('',(#7654,#7664,#7670,#7671));
#7654 = ORIENTED_EDGE('',*,*,#7655,.F.);
#7655 = EDGE_CURVE('',#7656,#7658,#7660,.T.);
#7656 = VERTEX_POINT('',#7657);
#7657 = CARTESIAN_POINT('',(-3.,-8.4,-1.27));
#7658 = VERTEX_POINT('',#7659);
#7659 = CARTESIAN_POINT('',(-3.,-1.E-01,-1.27));
#7660 = LINE('',#7661,#7662);
#7661 = CARTESIAN_POINT('',(-3.,-8.1,-1.27));
#7662 = VECTOR('',#7663,1.);
#7663 = DIRECTION('',(0.,1.,0.));
#7664 = ORIENTED_EDGE('',*,*,#7665,.T.);
#7665 = EDGE_CURVE('',#7656,#7591,#7666,.T.);
#7666 = LINE('',#7667,#7668);
#7667 = CARTESIAN_POINT('',(-3.,-8.4,-1.27));
#7668 = VECTOR('',#7669,1.);
#7669 = DIRECTION('',(-1.70740499604E-16,-0.,1.));
#7670 = ORIENTED_EDGE('',*,*,#7590,.T.);
#7671 = ORIENTED_EDGE('',*,*,#7672,.T.);
#7672 = EDGE_CURVE('',#7582,#7658,#7673,.T.);
#7673 = LINE('',#7674,#7675);
#7674 = CARTESIAN_POINT('',(-3.,-1.E-01,-1.27));
#7675 = VECTOR('',#7676,1.);
#7676 = DIRECTION('',(1.70740499604E-16,-0.,-1.));
#7677 = PLANE('',#7678);
#7678 = AXIS2_PLACEMENT_3D('',#7679,#7680,#7681);
#7679 = CARTESIAN_POINT('',(-3.,-8.1,-1.27));
#7680 = DIRECTION('',(-1.,0.,-1.70740499604E-16));
#7681 = DIRECTION('',(-1.70740499604E-16,0.,1.));
#7682 = ADVANCED_FACE('',(#7683),#7785,.T.);
#7683 = FACE_BOUND('',#7684,.T.);
#7684 = EDGE_LOOP('',(#7685,#7695,#7704,#7712,#7719,#7720,#7729,#7737,
    #7746,#7754,#7761,#7762,#7769,#7770,#7777,#7778));
#7685 = ORIENTED_EDGE('',*,*,#7686,.F.);
#7686 = EDGE_CURVE('',#7687,#7689,#7691,.T.);
#7687 = VERTEX_POINT('',#7688);
#7688 = CARTESIAN_POINT('',(2.5,-8.5,-1.27));
#7689 = VERTEX_POINT('',#7690);
#7690 = CARTESIAN_POINT('',(2.9,-8.5,-1.27));
#7691 = LINE('',#7692,#7693);
#7692 = CARTESIAN_POINT('',(3.,-8.5,-1.27));
#7693 = VECTOR('',#7694,1.);
#7694 = DIRECTION('',(1.,-0.,-0.));
#7695 = ORIENTED_EDGE('',*,*,#7696,.T.);
#7696 = EDGE_CURVE('',#7687,#7697,#7699,.T.);
#7697 = VERTEX_POINT('',#7698);
#7698 = CARTESIAN_POINT('',(2.4,-8.4,-1.27));
#7699 = CIRCLE('',#7700,1.E-01);
#7700 = AXIS2_PLACEMENT_3D('',#7701,#7702,#7703);
#7701 = CARTESIAN_POINT('',(2.5,-8.4,-1.27));
#7702 = DIRECTION('',(0.,0.,-1.));
#7703 = DIRECTION('',(-1.,0.,0.));
#7704 = ORIENTED_EDGE('',*,*,#7705,.T.);
#7705 = EDGE_CURVE('',#7697,#7706,#7708,.T.);
#7706 = VERTEX_POINT('',#7707);
#7707 = CARTESIAN_POINT('',(2.4,-8.2,-1.27));
#7708 = LINE('',#7709,#7710);
#7709 = CARTESIAN_POINT('',(2.4,-8.5,-1.27));
#7710 = VECTOR('',#7711,1.);
#7711 = DIRECTION('',(-0.,1.,-0.));
#7712 = ORIENTED_EDGE('',*,*,#7713,.T.);
#7713 = EDGE_CURVE('',#7706,#7283,#7714,.T.);
#7714 = CIRCLE('',#7715,1.E-01);
#7715 = AXIS2_PLACEMENT_3D('',#7716,#7717,#7718);
#7716 = CARTESIAN_POINT('',(2.3,-8.2,-1.27));
#7717 = DIRECTION('',(0.,-0.,1.));
#7718 = DIRECTION('',(-1.,0.,0.));
#7719 = ORIENTED_EDGE('',*,*,#7282,.T.);
#7720 = ORIENTED_EDGE('',*,*,#7721,.T.);
#7721 = EDGE_CURVE('',#7285,#7722,#7724,.T.);
#7722 = VERTEX_POINT('',#7723);
#7723 = CARTESIAN_POINT('',(-2.4,-8.2,-1.27));
#7724 = CIRCLE('',#7725,1.E-01);
#7725 = AXIS2_PLACEMENT_3D('',#7726,#7727,#7728);
#7726 = CARTESIAN_POINT('',(-2.3,-8.2,-1.27));
#7727 = DIRECTION('',(0.,-0.,1.));
#7728 = DIRECTION('',(-1.,0.,0.));
#7729 = ORIENTED_EDGE('',*,*,#7730,.F.);
#7730 = EDGE_CURVE('',#7731,#7722,#7733,.T.);
#7731 = VERTEX_POINT('',#7732);
#7732 = CARTESIAN_POINT('',(-2.4,-8.4,-1.27));
#7733 = LINE('',#7734,#7735);
#7734 = CARTESIAN_POINT('',(-2.4,-8.5,-1.27));
#7735 = VECTOR('',#7736,1.);
#7736 = DIRECTION('',(-0.,1.,-0.));
#7737 = ORIENTED_EDGE('',*,*,#7738,.T.);
#7738 = EDGE_CURVE('',#7731,#7739,#7741,.T.);
#7739 = VERTEX_POINT('',#7740);
#7740 = CARTESIAN_POINT('',(-2.5,-8.5,-1.27));
#7741 = CIRCLE('',#7742,1.E-01);
#7742 = AXIS2_PLACEMENT_3D('',#7743,#7744,#7745);
#7743 = CARTESIAN_POINT('',(-2.5,-8.4,-1.27));
#7744 = DIRECTION('',(0.,0.,-1.));
#7745 = DIRECTION('',(-1.,0.,0.));
#7746 = ORIENTED_EDGE('',*,*,#7747,.F.);
#7747 = EDGE_CURVE('',#7748,#7739,#7750,.T.);
#7748 = VERTEX_POINT('',#7749);
#7749 = CARTESIAN_POINT('',(-2.9,-8.5,-1.27));
#7750 = LINE('',#7751,#7752);
#7751 = CARTESIAN_POINT('',(-3.,-8.5,-1.27));
#7752 = VECTOR('',#7753,1.);
#7753 = DIRECTION('',(1.,0.,0.));
#7754 = ORIENTED_EDGE('',*,*,#7755,.T.);
#7755 = EDGE_CURVE('',#7748,#7656,#7756,.T.);
#7756 = CIRCLE('',#7757,1.E-01);
#7757 = AXIS2_PLACEMENT_3D('',#7758,#7759,#7760);
#7758 = CARTESIAN_POINT('',(-2.9,-8.4,-1.27));
#7759 = DIRECTION('',(0.,0.,-1.));
#7760 = DIRECTION('',(-1.,0.,0.));
#7761 = ORIENTED_EDGE('',*,*,#7655,.T.);
#7762 = ORIENTED_EDGE('',*,*,#7763,.T.);
#7763 = EDGE_CURVE('',#7658,#7461,#7764,.T.);
#7764 = CIRCLE('',#7765,1.E-01);
#7765 = AXIS2_PLACEMENT_3D('',#7766,#7767,#7768);
#7766 = CARTESIAN_POINT('',(-2.9,-0.1,-1.27));
#7767 = DIRECTION('',(0.,0.,-1.));
#7768 = DIRECTION('',(-1.,0.,0.));
#7769 = ORIENTED_EDGE('',*,*,#7458,.F.);
#7770 = ORIENTED_EDGE('',*,*,#7771,.T.);
#7771 = EDGE_CURVE('',#7459,#7501,#7772,.T.);
#7772 = CIRCLE('',#7773,1.E-01);
#7773 = AXIS2_PLACEMENT_3D('',#7774,#7775,#7776);
#7774 = CARTESIAN_POINT('',(2.9,-0.1,-1.27));
#7775 = DIRECTION('',(0.,0.,-1.));
#7776 = DIRECTION('',(-1.,0.,0.));
#7777 = ORIENTED_EDGE('',*,*,#7498,.F.);
#7778 = ORIENTED_EDGE('',*,*,#7779,.T.);
#7779 = EDGE_CURVE('',#7499,#7689,#7780,.T.);
#7780 = CIRCLE('',#7781,1.E-01);
#7781 = AXIS2_PLACEMENT_3D('',#7782,#7783,#7784);
#7782 = CARTESIAN_POINT('',(2.9,-8.4,-1.27));
#7783 = DIRECTION('',(0.,0.,-1.));
#7784 = DIRECTION('',(-1.,0.,0.));
#7785 = PLANE('',#7786);
#7786 = AXIS2_PLACEMENT_3D('',#7787,#7788,#7789);
#7787 = CARTESIAN_POINT('',(-3.,-8.1,-1.27));
#7788 = DIRECTION('',(0.,0.,-1.));
#7789 = DIRECTION('',(-1.,0.,-0.));
#7790 = ADVANCED_FACE('',(#7791),#7825,.F.);
#7791 = FACE_BOUND('',#7792,.T.);
#7792 = EDGE_LOOP('',(#7793,#7803,#7811,#7819));
#7793 = ORIENTED_EDGE('',*,*,#7794,.T.);
#7794 = EDGE_CURVE('',#7795,#7797,#7799,.T.);
#7795 = VERTEX_POINT('',#7796);
#7796 = CARTESIAN_POINT('',(1.645,-0.441421356237,-0.275));
#7797 = VERTEX_POINT('',#7798);
#7798 = CARTESIAN_POINT('',(1.645,-6.89,-0.275));
#7799 = LINE('',#7800,#7801);
#7800 = CARTESIAN_POINT('',(1.645,-6.99,-0.275));
#7801 = VECTOR('',#7802,1.);
#7802 = DIRECTION('',(0.,-1.,-0.));
#7803 = ORIENTED_EDGE('',*,*,#7804,.T.);
#7804 = EDGE_CURVE('',#7797,#7805,#7807,.T.);
#7805 = VERTEX_POINT('',#7806);
#7806 = CARTESIAN_POINT('',(1.645,-6.89,0.275));
#7807 = LINE('',#7808,#7809);
#7808 = CARTESIAN_POINT('',(1.645,-6.89,-0.375));
#7809 = VECTOR('',#7810,1.);
#7810 = DIRECTION('',(2.891205793295E-16,-0.,1.));
#7811 = ORIENTED_EDGE('',*,*,#7812,.T.);
#7812 = EDGE_CURVE('',#7805,#7813,#7815,.T.);
#7813 = VERTEX_POINT('',#7814);
#7814 = CARTESIAN_POINT('',(1.645,-0.441421356237,0.275));
#7815 = LINE('',#7816,#7817);
#7816 = CARTESIAN_POINT('',(1.645,-0.4,0.275));
#7817 = VECTOR('',#7818,1.);
#7818 = DIRECTION('',(-0.,1.,0.));
#7819 = ORIENTED_EDGE('',*,*,#7820,.T.);
#7820 = EDGE_CURVE('',#7813,#7795,#7821,.T.);
#7821 = LINE('',#7822,#7823);
#7822 = CARTESIAN_POINT('',(1.645,-0.441421356237,-0.375));
#7823 = VECTOR('',#7824,1.);
#7824 = DIRECTION('',(-2.891205793295E-16,-6.972611193684E-32,-1.));
#7825 = PLANE('',#7826);
#7826 = AXIS2_PLACEMENT_3D('',#7827,#7828,#7829);
#7827 = CARTESIAN_POINT('',(1.645,-6.99,-0.375));
#7828 = DIRECTION('',(1.,0.,-2.891205793295E-16));
#7829 = DIRECTION('',(-2.891205793295E-16,0.,-1.));
#7830 = ADVANCED_FACE('',(#7831),#7865,.F.);
#7831 = FACE_BOUND('',#7832,.T.);
#7832 = EDGE_LOOP('',(#7833,#7843,#7851,#7859));
#7833 = ORIENTED_EDGE('',*,*,#7834,.T.);
#7834 = EDGE_CURVE('',#7835,#7837,#7839,.T.);
#7835 = VERTEX_POINT('',#7836);
#7836 = CARTESIAN_POINT('',(0.995,-0.441421356237,0.375));
#7837 = VERTEX_POINT('',#7838);
#7838 = CARTESIAN_POINT('',(1.545,-0.441421356237,0.375));
#7839 = LINE('',#7840,#7841);
#7840 = CARTESIAN_POINT('',(1.645,-0.441421356237,0.375));
#7841 = VECTOR('',#7842,1.);
#7842 = DIRECTION('',(1.,-0.,0.));
#7843 = ORIENTED_EDGE('',*,*,#7844,.T.);
#7844 = EDGE_CURVE('',#7837,#7845,#7847,.T.);
#7845 = VERTEX_POINT('',#7846);
#7846 = CARTESIAN_POINT('',(1.545,-6.89,0.375));
#7847 = LINE('',#7848,#7849);
#7848 = CARTESIAN_POINT('',(1.545,-6.99,0.375));
#7849 = VECTOR('',#7850,1.);
#7850 = DIRECTION('',(-0.,-1.,0.));
#7851 = ORIENTED_EDGE('',*,*,#7852,.T.);
#7852 = EDGE_CURVE('',#7845,#7853,#7855,.T.);
#7853 = VERTEX_POINT('',#7854);
#7854 = CARTESIAN_POINT('',(0.995,-6.89,0.375));
#7855 = LINE('',#7856,#7857);
#7856 = CARTESIAN_POINT('',(0.895,-6.89,0.375));
#7857 = VECTOR('',#7858,1.);
#7858 = DIRECTION('',(-1.,-0.,-0.));
#7859 = ORIENTED_EDGE('',*,*,#7860,.T.);
#7860 = EDGE_CURVE('',#7853,#7835,#7861,.T.);
#7861 = LINE('',#7862,#7863);
#7862 = CARTESIAN_POINT('',(0.995,-0.4,0.375));
#7863 = VECTOR('',#7864,1.);
#7864 = DIRECTION('',(0.,1.,-0.));
#7865 = PLANE('',#7866);
#7866 = AXIS2_PLACEMENT_3D('',#7867,#7868,#7869);
#7867 = CARTESIAN_POINT('',(0.895,-6.99,0.375));
#7868 = DIRECTION('',(-0.,0.,1.));
#7869 = DIRECTION('',(1.,0.,0.));
#7870 = ADVANCED_FACE('',(#7871),#7905,.F.);
#7871 = FACE_BOUND('',#7872,.T.);
#7872 = EDGE_LOOP('',(#7873,#7883,#7891,#7899));
#7873 = ORIENTED_EDGE('',*,*,#7874,.T.);
#7874 = EDGE_CURVE('',#7875,#7877,#7879,.T.);
#7875 = VERTEX_POINT('',#7876);
#7876 = CARTESIAN_POINT('',(0.895,-0.441421356237,0.275));
#7877 = VERTEX_POINT('',#7878);
#7878 = CARTESIAN_POINT('',(0.895,-6.89,0.275));
#7879 = LINE('',#7880,#7881);
#7880 = CARTESIAN_POINT('',(0.895,-6.99,0.275));
#7881 = VECTOR('',#7882,1.);
#7882 = DIRECTION('',(-0.,-1.,-0.));
#7883 = ORIENTED_EDGE('',*,*,#7884,.T.);
#7884 = EDGE_CURVE('',#7877,#7885,#7887,.T.);
#7885 = VERTEX_POINT('',#7886);
#7886 = CARTESIAN_POINT('',(0.895,-6.89,-0.275));
#7887 = LINE('',#7888,#7889);
#7888 = CARTESIAN_POINT('',(0.895,-6.89,-0.375));
#7889 = VECTOR('',#7890,1.);
#7890 = DIRECTION('',(-2.891205793295E-16,-0.,-1.));
#7891 = ORIENTED_EDGE('',*,*,#7892,.T.);
#7892 = EDGE_CURVE('',#7885,#7893,#7895,.T.);
#7893 = VERTEX_POINT('',#7894);
#7894 = CARTESIAN_POINT('',(0.895,-0.441421356237,-0.275));
#7895 = LINE('',#7896,#7897);
#7896 = CARTESIAN_POINT('',(0.895,-0.4,-0.275));
#7897 = VECTOR('',#7898,1.);
#7898 = DIRECTION('',(0.,1.,0.));
#7899 = ORIENTED_EDGE('',*,*,#7900,.T.);
#7900 = EDGE_CURVE('',#7893,#7875,#7901,.T.);
#7901 = LINE('',#7902,#7903);
#7902 = CARTESIAN_POINT('',(0.895,-0.441421356237,0.375));
#7903 = VECTOR('',#7904,1.);
#7904 = DIRECTION('',(2.891205793295E-16,-3.486305596842E-32,1.));
#7905 = PLANE('',#7906);
#7906 = AXIS2_PLACEMENT_3D('',#7907,#7908,#7909);
#7907 = CARTESIAN_POINT('',(0.895,-6.99,-0.375));
#7908 = DIRECTION('',(-1.,0.,2.891205793295E-16));
#7909 = DIRECTION('',(2.891205793295E-16,0.,1.));
#7910 = ADVANCED_FACE('',(#7911),#7945,.F.);
#7911 = FACE_BOUND('',#7912,.T.);
#7912 = EDGE_LOOP('',(#7913,#7923,#7931,#7939));
#7913 = ORIENTED_EDGE('',*,*,#7914,.T.);
#7914 = EDGE_CURVE('',#7915,#7917,#7919,.T.);
#7915 = VERTEX_POINT('',#7916);
#7916 = CARTESIAN_POINT('',(0.995,-0.441421356237,-0.375));
#7917 = VERTEX_POINT('',#7918);
#7918 = CARTESIAN_POINT('',(0.995,-6.89,-0.375));
#7919 = LINE('',#7920,#7921);
#7920 = CARTESIAN_POINT('',(0.995,-6.99,-0.375));
#7921 = VECTOR('',#7922,1.);
#7922 = DIRECTION('',(0.,-1.,-0.));
#7923 = ORIENTED_EDGE('',*,*,#7924,.T.);
#7924 = EDGE_CURVE('',#7917,#7925,#7927,.T.);
#7925 = VERTEX_POINT('',#7926);
#7926 = CARTESIAN_POINT('',(1.545,-6.89,-0.375));
#7927 = LINE('',#7928,#7929);
#7928 = CARTESIAN_POINT('',(0.895,-6.89,-0.375));
#7929 = VECTOR('',#7930,1.);
#7930 = DIRECTION('',(1.,-0.,-0.));
#7931 = ORIENTED_EDGE('',*,*,#7932,.T.);
#7932 = EDGE_CURVE('',#7925,#7933,#7935,.T.);
#7933 = VERTEX_POINT('',#7934);
#7934 = CARTESIAN_POINT('',(1.545,-0.441421356237,-0.375));
#7935 = LINE('',#7936,#7937);
#7936 = CARTESIAN_POINT('',(1.545,-0.4,-0.375));
#7937 = VECTOR('',#7938,1.);
#7938 = DIRECTION('',(-0.,1.,0.));
#7939 = ORIENTED_EDGE('',*,*,#7940,.T.);
#7940 = EDGE_CURVE('',#7933,#7915,#7941,.T.);
#7941 = LINE('',#7942,#7943);
#7942 = CARTESIAN_POINT('',(0.895,-0.441421356237,-0.375));
#7943 = VECTOR('',#7944,1.);
#7944 = DIRECTION('',(-1.,0.,0.));
#7945 = PLANE('',#7946);
#7946 = AXIS2_PLACEMENT_3D('',#7947,#7948,#7949);
#7947 = CARTESIAN_POINT('',(0.895,-6.99,-0.375));
#7948 = DIRECTION('',(0.,0.,-1.));
#7949 = DIRECTION('',(-1.,0.,-0.));
#7950 = ADVANCED_FACE('',(#7951),#7985,.T.);
#7951 = FACE_BOUND('',#7952,.T.);
#7952 = EDGE_LOOP('',(#7953,#7963,#7971,#7979));
#7953 = ORIENTED_EDGE('',*,*,#7954,.T.);
#7954 = EDGE_CURVE('',#7955,#7957,#7959,.T.);
#7955 = VERTEX_POINT('',#7956);
#7956 = CARTESIAN_POINT('',(0.995,-6.99,0.275));
#7957 = VERTEX_POINT('',#7958);
#7958 = CARTESIAN_POINT('',(1.545,-6.99,0.275));
#7959 = LINE('',#7960,#7961);
#7960 = CARTESIAN_POINT('',(0.,-6.99,0.275));
#7961 = VECTOR('',#7962,1.);
#7962 = DIRECTION('',(1.,-0.,0.));
#7963 = ORIENTED_EDGE('',*,*,#7964,.T.);
#7964 = EDGE_CURVE('',#7957,#7965,#7967,.T.);
#7965 = VERTEX_POINT('',#7966);
#7966 = CARTESIAN_POINT('',(1.545,-6.99,-0.275));
#7967 = LINE('',#7968,#7969);
#7968 = CARTESIAN_POINT('',(1.545,-6.99,-4.46691295064E-16));
#7969 = VECTOR('',#7970,1.);
#7970 = DIRECTION('',(-2.891205793295E-16,0.,-1.));
#7971 = ORIENTED_EDGE('',*,*,#7972,.T.);
#7972 = EDGE_CURVE('',#7965,#7973,#7975,.T.);
#7973 = VERTEX_POINT('',#7974);
#7974 = CARTESIAN_POINT('',(0.995,-6.99,-0.275));
#7975 = LINE('',#7976,#7977);
#7976 = CARTESIAN_POINT('',(0.,-6.99,-0.275));
#7977 = VECTOR('',#7978,1.);
#7978 = DIRECTION('',(-1.,0.,0.));
#7979 = ORIENTED_EDGE('',*,*,#7980,.T.);
#7980 = EDGE_CURVE('',#7973,#7955,#7981,.T.);
#7981 = LINE('',#7982,#7983);
#7982 = CARTESIAN_POINT('',(0.995,-6.99,-2.876749764328E-16));
#7983 = VECTOR('',#7984,1.);
#7984 = DIRECTION('',(2.891205793295E-16,-0.,1.));
#7985 = PLANE('',#7986);
#7986 = AXIS2_PLACEMENT_3D('',#7987,#7988,#7989);
#7987 = CARTESIAN_POINT('',(0.,-6.99,0.));
#7988 = DIRECTION('',(0.,1.,0.));
#7989 = DIRECTION('',(0.,-0.,1.));
#7990 = ADVANCED_FACE('',(#7991),#8025,.T.);
#7991 = FACE_BOUND('',#7992,.T.);
#7992 = EDGE_LOOP('',(#7993,#8003,#8011,#8019));
#7993 = ORIENTED_EDGE('',*,*,#7994,.T.);
#7994 = EDGE_CURVE('',#7995,#7997,#7999,.T.);
#7995 = VERTEX_POINT('',#7996);
#7996 = CARTESIAN_POINT('',(0.595,-2.928932188135E-02,-0.745710678119));
#7997 = VERTEX_POINT('',#7998);
#7998 = CARTESIAN_POINT('',(0.936421356237,-0.370710678119,
    -0.404289321881));
#7999 = LINE('',#8000,#8001);
#8000 = CARTESIAN_POINT('',(0.942140452079,-0.37642977396,-0.39857022604
    ));
#8001 = VECTOR('',#8002,1.);
#8002 = DIRECTION('',(0.57735026919,-0.57735026919,0.57735026919));
#8003 = ORIENTED_EDGE('',*,*,#8004,.T.);
#8004 = EDGE_CURVE('',#7997,#8005,#8007,.T.);
#8005 = VERTEX_POINT('',#8006);
#8006 = CARTESIAN_POINT('',(1.603578643763,-0.370710678119,
    -0.404289321881));
#8007 = LINE('',#8008,#8009);
#8008 = CARTESIAN_POINT('',(1.645,-0.370710678119,-0.404289321881));
#8009 = VECTOR('',#8010,1.);
#8010 = DIRECTION('',(1.,-0.,-0.));
#8011 = ORIENTED_EDGE('',*,*,#8012,.T.);
#8012 = EDGE_CURVE('',#8005,#8013,#8015,.T.);
#8013 = VERTEX_POINT('',#8014);
#8014 = CARTESIAN_POINT('',(1.945,-2.928932188135E-02,-0.745710678119));
#8015 = LINE('',#8016,#8017);
#8016 = CARTESIAN_POINT('',(1.997859547921,2.357022603955E-02,
    -0.79857022604));
#8017 = VECTOR('',#8018,1.);
#8018 = DIRECTION('',(0.57735026919,0.57735026919,-0.57735026919));
#8019 = ORIENTED_EDGE('',*,*,#8020,.T.);
#8020 = EDGE_CURVE('',#8013,#7995,#8021,.T.);
#8021 = LINE('',#8022,#8023);
#8022 = CARTESIAN_POINT('',(0.895,-2.928932188135E-02,-0.745710678119));
#8023 = VECTOR('',#8024,1.);
#8024 = DIRECTION('',(-1.,-0.,0.));
#8025 = PLANE('',#8026);
#8026 = AXIS2_PLACEMENT_3D('',#8027,#8028,#8029);
#8027 = CARTESIAN_POINT('',(0.895,-0.4,-0.375));
#8028 = DIRECTION('',(0.,0.707106781187,0.707106781187));
#8029 = DIRECTION('',(1.,-0.,0.));
#8030 = ADVANCED_FACE('',(#8031),#8065,.T.);
#8031 = FACE_BOUND('',#8032,.T.);
#8032 = EDGE_LOOP('',(#8033,#8043,#8051,#8059));
#8033 = ORIENTED_EDGE('',*,*,#8034,.T.);
#8034 = EDGE_CURVE('',#8035,#8037,#8039,.T.);
#8035 = VERTEX_POINT('',#8036);
#8036 = CARTESIAN_POINT('',(0.524289321881,-2.928932188135E-02,0.675));
#8037 = VERTEX_POINT('',#8038);
#8038 = CARTESIAN_POINT('',(0.865710678119,-0.370710678119,
    0.333578643763));
#8039 = LINE('',#8040,#8041);
#8040 = CARTESIAN_POINT('',(0.87142977396,-0.37642977396,0.327859547921)
  );
#8041 = VECTOR('',#8042,1.);
#8042 = DIRECTION('',(0.57735026919,-0.57735026919,-0.57735026919));
#8043 = ORIENTED_EDGE('',*,*,#8044,.T.);
#8044 = EDGE_CURVE('',#8037,#8045,#8047,.T.);
#8045 = VERTEX_POINT('',#8046);
#8046 = CARTESIAN_POINT('',(0.865710678119,-0.370710678119,
    -0.333578643763));
#8047 = LINE('',#8048,#8049);
#8048 = CARTESIAN_POINT('',(0.865710678119,-0.370710678119,-0.375));
#8049 = VECTOR('',#8050,1.);
#8050 = DIRECTION('',(-2.891205793295E-16,3.18722785921E-32,-1.));
#8051 = ORIENTED_EDGE('',*,*,#8052,.T.);
#8052 = EDGE_CURVE('',#8045,#8053,#8055,.T.);
#8053 = VERTEX_POINT('',#8054);
#8054 = CARTESIAN_POINT('',(0.524289321881,-2.928932188135E-02,-0.675));
#8055 = LINE('',#8056,#8057);
#8056 = CARTESIAN_POINT('',(0.47142977396,2.357022603955E-02,
    -0.727859547921));
#8057 = VECTOR('',#8058,1.);
#8058 = DIRECTION('',(-0.57735026919,0.57735026919,-0.57735026919));
#8059 = ORIENTED_EDGE('',*,*,#8060,.T.);
#8060 = EDGE_CURVE('',#8053,#8035,#8061,.T.);
#8061 = LINE('',#8062,#8063);
#8062 = CARTESIAN_POINT('',(0.524289321881,-2.928932188135E-02,-0.375));
#8063 = VECTOR('',#8064,1.);
#8064 = DIRECTION('',(2.891205793295E-16,2.465190328816E-32,1.));
#8065 = PLANE('',#8066);
#8066 = AXIS2_PLACEMENT_3D('',#8067,#8068,#8069);
#8067 = CARTESIAN_POINT('',(0.895,-0.4,-0.375));
#8068 = DIRECTION('',(0.707106781187,0.707106781187,-2.044391222244E-16)
  );
#8069 = DIRECTION('',(-2.891205793295E-16,0.,-1.));
#8070 = ADVANCED_FACE('',(#8071),#8103,.T.);
#8071 = FACE_BOUND('',#8072,.T.);
#8072 = EDGE_LOOP('',(#8073,#8081,#8089,#8097));
#8073 = ORIENTED_EDGE('',*,*,#8074,.T.);
#8074 = EDGE_CURVE('',#7095,#8075,#8077,.T.);
#8075 = VERTEX_POINT('',#8076);
#8076 = CARTESIAN_POINT('',(1.674289321881,-0.370710678119,
    -0.333578643763));
#8077 = LINE('',#8078,#8079);
#8078 = CARTESIAN_POINT('',(1.66857022604,-0.37642977396,-0.327859547921
    ));
#8079 = VECTOR('',#8080,1.);
#8080 = DIRECTION('',(-0.57735026919,-0.57735026919,0.57735026919));
#8081 = ORIENTED_EDGE('',*,*,#8082,.T.);
#8082 = EDGE_CURVE('',#8075,#8083,#8085,.T.);
#8083 = VERTEX_POINT('',#8084);
#8084 = CARTESIAN_POINT('',(1.674289321881,-0.370710678119,
    0.333578643763));
#8085 = LINE('',#8086,#8087);
#8086 = CARTESIAN_POINT('',(1.674289321881,-0.370710678119,0.375));
#8087 = VECTOR('',#8088,1.);
#8088 = DIRECTION('',(2.891205793295E-16,8.416686254473E-32,1.));
#8089 = ORIENTED_EDGE('',*,*,#8090,.T.);
#8090 = EDGE_CURVE('',#8083,#8091,#8093,.T.);
#8091 = VERTEX_POINT('',#8092);
#8092 = CARTESIAN_POINT('',(2.015710678119,-2.928932188135E-02,0.675));
#8093 = LINE('',#8094,#8095);
#8094 = CARTESIAN_POINT('',(2.06857022604,2.357022603955E-02,
    0.727859547921));
#8095 = VECTOR('',#8096,1.);
#8096 = DIRECTION('',(0.57735026919,0.57735026919,0.57735026919));
#8097 = ORIENTED_EDGE('',*,*,#8098,.T.);
#8098 = EDGE_CURVE('',#8091,#7095,#8099,.T.);
#8099 = LINE('',#8100,#8101);
#8100 = CARTESIAN_POINT('',(2.015710678119,-2.928932188135E-02,-0.375));
#8101 = VECTOR('',#8102,1.);
#8102 = DIRECTION('',(-2.891205793295E-16,-0.,-1.));
#8103 = PLANE('',#8104);
#8104 = AXIS2_PLACEMENT_3D('',#8105,#8106,#8107);
#8105 = CARTESIAN_POINT('',(1.645,-0.4,-0.375));
#8106 = DIRECTION('',(-0.707106781187,0.707106781187,2.044391222244E-16)
  );
#8107 = DIRECTION('',(2.891205793295E-16,4.930380657631E-32,1.));
#8108 = ADVANCED_FACE('',(#8109),#8141,.T.);
#8109 = FACE_BOUND('',#8110,.T.);
#8110 = EDGE_LOOP('',(#8111,#8119,#8127,#8135));
#8111 = ORIENTED_EDGE('',*,*,#8112,.T.);
#8112 = EDGE_CURVE('',#8113,#7147,#8115,.T.);
#8113 = VERTEX_POINT('',#8114);
#8114 = CARTESIAN_POINT('',(0.595,-2.928932188135E-02,0.745710678119));
#8115 = LINE('',#8116,#8117);
#8116 = CARTESIAN_POINT('',(0.895,-2.928932188135E-02,0.745710678119));
#8117 = VECTOR('',#8118,1.);
#8118 = DIRECTION('',(1.,-0.,-0.));
#8119 = ORIENTED_EDGE('',*,*,#8120,.T.);
#8120 = EDGE_CURVE('',#7147,#8121,#8123,.T.);
#8121 = VERTEX_POINT('',#8122);
#8122 = CARTESIAN_POINT('',(1.603578643763,-0.370710678119,
    0.404289321881));
#8123 = LINE('',#8124,#8125);
#8124 = CARTESIAN_POINT('',(1.597859547921,-0.37642977396,0.39857022604)
  );
#8125 = VECTOR('',#8126,1.);
#8126 = DIRECTION('',(-0.57735026919,-0.57735026919,-0.57735026919));
#8127 = ORIENTED_EDGE('',*,*,#8128,.T.);
#8128 = EDGE_CURVE('',#8121,#8129,#8131,.T.);
#8129 = VERTEX_POINT('',#8130);
#8130 = CARTESIAN_POINT('',(0.936421356237,-0.370710678119,
    0.404289321881));
#8131 = LINE('',#8132,#8133);
#8132 = CARTESIAN_POINT('',(0.895,-0.370710678119,0.404289321881));
#8133 = VECTOR('',#8134,1.);
#8134 = DIRECTION('',(-1.,-0.,-0.));
#8135 = ORIENTED_EDGE('',*,*,#8136,.T.);
#8136 = EDGE_CURVE('',#8129,#8113,#8137,.T.);
#8137 = LINE('',#8138,#8139);
#8138 = CARTESIAN_POINT('',(0.542140452079,2.357022603955E-02,
    0.79857022604));
#8139 = VECTOR('',#8140,1.);
#8140 = DIRECTION('',(-0.57735026919,0.57735026919,0.57735026919));
#8141 = PLANE('',#8142);
#8142 = AXIS2_PLACEMENT_3D('',#8143,#8144,#8145);
#8143 = CARTESIAN_POINT('',(0.895,-0.4,0.375));
#8144 = DIRECTION('',(0.,0.707106781187,-0.707106781187));
#8145 = DIRECTION('',(-1.,0.,-0.));
#8146 = ADVANCED_FACE('',(#8147),#8181,.T.);
#8147 = FACE_BOUND('',#8148,.T.);
#8148 = EDGE_LOOP('',(#8149,#8159,#8167,#8175));
#8149 = ORIENTED_EDGE('',*,*,#8150,.T.);
#8150 = EDGE_CURVE('',#8151,#8153,#8155,.T.);
#8151 = VERTEX_POINT('',#8152);
#8152 = CARTESIAN_POINT('',(-1.645,-0.441421356237,0.275));
#8153 = VERTEX_POINT('',#8154);
#8154 = CARTESIAN_POINT('',(-1.645,-6.89,0.275));
#8155 = LINE('',#8156,#8157);
#8156 = CARTESIAN_POINT('',(-1.645,-6.99,0.275));
#8157 = VECTOR('',#8158,1.);
#8158 = DIRECTION('',(-0.,-1.,0.));
#8159 = ORIENTED_EDGE('',*,*,#8160,.T.);
#8160 = EDGE_CURVE('',#8153,#8161,#8163,.T.);
#8161 = VERTEX_POINT('',#8162);
#8162 = CARTESIAN_POINT('',(-1.645,-6.89,-0.275));
#8163 = LINE('',#8164,#8165);
#8164 = CARTESIAN_POINT('',(-1.645,-6.89,-0.375));
#8165 = VECTOR('',#8166,1.);
#8166 = DIRECTION('',(2.891205793295E-16,-0.,-1.));
#8167 = ORIENTED_EDGE('',*,*,#8168,.T.);
#8168 = EDGE_CURVE('',#8161,#8169,#8171,.T.);
#8169 = VERTEX_POINT('',#8170);
#8170 = CARTESIAN_POINT('',(-1.645,-0.441421356237,-0.275));
#8171 = LINE('',#8172,#8173);
#8172 = CARTESIAN_POINT('',(-1.645,-0.4,-0.275));
#8173 = VECTOR('',#8174,1.);
#8174 = DIRECTION('',(0.,1.,-0.));
#8175 = ORIENTED_EDGE('',*,*,#8176,.T.);
#8176 = EDGE_CURVE('',#8169,#8151,#8177,.T.);
#8177 = LINE('',#8178,#8179);
#8178 = CARTESIAN_POINT('',(-1.645,-0.441421356237,-0.375));
#8179 = VECTOR('',#8180,1.);
#8180 = DIRECTION('',(-2.891205793295E-16,-1.021115268026E-32,1.));
#8181 = PLANE('',#8182);
#8182 = AXIS2_PLACEMENT_3D('',#8183,#8184,#8185);
#8183 = CARTESIAN_POINT('',(-1.645,-6.99,-0.375));
#8184 = DIRECTION('',(1.,0.,2.891205793295E-16));
#8185 = DIRECTION('',(2.891205793295E-16,0.,-1.));
#8186 = ADVANCED_FACE('',(#8187),#8221,.T.);
#8187 = FACE_BOUND('',#8188,.T.);
#8188 = EDGE_LOOP('',(#8189,#8199,#8207,#8215));
#8189 = ORIENTED_EDGE('',*,*,#8190,.T.);
#8190 = EDGE_CURVE('',#8191,#8193,#8195,.T.);
#8191 = VERTEX_POINT('',#8192);
#8192 = CARTESIAN_POINT('',(-1.545,-0.441421356237,-0.375));
#8193 = VERTEX_POINT('',#8194);
#8194 = CARTESIAN_POINT('',(-1.545,-6.89,-0.375));
#8195 = LINE('',#8196,#8197);
#8196 = CARTESIAN_POINT('',(-1.545,-6.99,-0.375));
#8197 = VECTOR('',#8198,1.);
#8198 = DIRECTION('',(-0.,-1.,0.));
#8199 = ORIENTED_EDGE('',*,*,#8200,.T.);
#8200 = EDGE_CURVE('',#8193,#8201,#8203,.T.);
#8201 = VERTEX_POINT('',#8202);
#8202 = CARTESIAN_POINT('',(-0.995,-6.89,-0.375));
#8203 = LINE('',#8204,#8205);
#8204 = CARTESIAN_POINT('',(-0.895,-6.89,-0.375));
#8205 = VECTOR('',#8206,1.);
#8206 = DIRECTION('',(1.,-0.,0.));
#8207 = ORIENTED_EDGE('',*,*,#8208,.T.);
#8208 = EDGE_CURVE('',#8201,#8209,#8211,.T.);
#8209 = VERTEX_POINT('',#8210);
#8210 = CARTESIAN_POINT('',(-0.995,-0.441421356237,-0.375));
#8211 = LINE('',#8212,#8213);
#8212 = CARTESIAN_POINT('',(-0.995,-0.4,-0.375));
#8213 = VECTOR('',#8214,1.);
#8214 = DIRECTION('',(0.,1.,-0.));
#8215 = ORIENTED_EDGE('',*,*,#8216,.T.);
#8216 = EDGE_CURVE('',#8209,#8191,#8217,.T.);
#8217 = LINE('',#8218,#8219);
#8218 = CARTESIAN_POINT('',(-0.895,-0.441421356237,-0.375));
#8219 = VECTOR('',#8220,1.);
#8220 = DIRECTION('',(-1.,-0.,0.));
#8221 = PLANE('',#8222);
#8222 = AXIS2_PLACEMENT_3D('',#8223,#8224,#8225);
#8223 = CARTESIAN_POINT('',(-0.895,-6.99,-0.375));
#8224 = DIRECTION('',(0.,0.,1.));
#8225 = DIRECTION('',(1.,0.,-0.));
#8226 = ADVANCED_FACE('',(#8227),#8261,.T.);
#8227 = FACE_BOUND('',#8228,.T.);
#8228 = EDGE_LOOP('',(#8229,#8239,#8247,#8255));
#8229 = ORIENTED_EDGE('',*,*,#8230,.T.);
#8230 = EDGE_CURVE('',#8231,#8233,#8235,.T.);
#8231 = VERTEX_POINT('',#8232);
#8232 = CARTESIAN_POINT('',(-0.895,-0.441421356237,-0.275));
#8233 = VERTEX_POINT('',#8234);
#8234 = CARTESIAN_POINT('',(-0.895,-6.89,-0.275));
#8235 = LINE('',#8236,#8237);
#8236 = CARTESIAN_POINT('',(-0.895,-6.99,-0.275));
#8237 = VECTOR('',#8238,1.);
#8238 = DIRECTION('',(-0.,-1.,-0.));
#8239 = ORIENTED_EDGE('',*,*,#8240,.T.);
#8240 = EDGE_CURVE('',#8233,#8241,#8243,.T.);
#8241 = VERTEX_POINT('',#8242);
#8242 = CARTESIAN_POINT('',(-0.895,-6.89,0.275));
#8243 = LINE('',#8244,#8245);
#8244 = CARTESIAN_POINT('',(-0.895,-6.89,0.375));
#8245 = VECTOR('',#8246,1.);
#8246 = DIRECTION('',(-2.891205793295E-16,0.,1.));
#8247 = ORIENTED_EDGE('',*,*,#8248,.T.);
#8248 = EDGE_CURVE('',#8241,#8249,#8251,.T.);
#8249 = VERTEX_POINT('',#8250);
#8250 = CARTESIAN_POINT('',(-0.895,-0.441421356237,0.275));
#8251 = LINE('',#8252,#8253);
#8252 = CARTESIAN_POINT('',(-0.895,-0.4,0.275));
#8253 = VECTOR('',#8254,1.);
#8254 = DIRECTION('',(0.,1.,0.));
#8255 = ORIENTED_EDGE('',*,*,#8256,.T.);
#8256 = EDGE_CURVE('',#8249,#8231,#8257,.T.);
#8257 = LINE('',#8258,#8259);
#8258 = CARTESIAN_POINT('',(-0.895,-0.441421356237,-0.375));
#8259 = VECTOR('',#8260,1.);
#8260 = DIRECTION('',(2.891205793295E-16,-0.,-1.));
#8261 = PLANE('',#8262);
#8262 = AXIS2_PLACEMENT_3D('',#8263,#8264,#8265);
#8263 = CARTESIAN_POINT('',(-0.895,-6.99,-0.375));
#8264 = DIRECTION('',(-1.,0.,-2.891205793295E-16));
#8265 = DIRECTION('',(-2.891205793295E-16,0.,1.));
#8266 = ADVANCED_FACE('',(#8267),#8301,.T.);
#8267 = FACE_BOUND('',#8268,.T.);
#8268 = EDGE_LOOP('',(#8269,#8279,#8287,#8295));
#8269 = ORIENTED_EDGE('',*,*,#8270,.T.);
#8270 = EDGE_CURVE('',#8271,#8273,#8275,.T.);
#8271 = VERTEX_POINT('',#8272);
#8272 = CARTESIAN_POINT('',(-0.995,-0.441421356237,0.375));
#8273 = VERTEX_POINT('',#8274);
#8274 = CARTESIAN_POINT('',(-0.995,-6.89,0.375));
#8275 = LINE('',#8276,#8277);
#8276 = CARTESIAN_POINT('',(-0.995,-6.99,0.375));
#8277 = VECTOR('',#8278,1.);
#8278 = DIRECTION('',(-0.,-1.,-0.));
#8279 = ORIENTED_EDGE('',*,*,#8280,.T.);
#8280 = EDGE_CURVE('',#8273,#8281,#8283,.T.);
#8281 = VERTEX_POINT('',#8282);
#8282 = CARTESIAN_POINT('',(-1.545,-6.89,0.375));
#8283 = LINE('',#8284,#8285);
#8284 = CARTESIAN_POINT('',(-1.645,-6.89,0.375));
#8285 = VECTOR('',#8286,1.);
#8286 = DIRECTION('',(-1.,0.,0.));
#8287 = ORIENTED_EDGE('',*,*,#8288,.T.);
#8288 = EDGE_CURVE('',#8281,#8289,#8291,.T.);
#8289 = VERTEX_POINT('',#8290);
#8290 = CARTESIAN_POINT('',(-1.545,-0.441421356237,0.375));
#8291 = LINE('',#8292,#8293);
#8292 = CARTESIAN_POINT('',(-1.545,-0.4,0.375));
#8293 = VECTOR('',#8294,1.);
#8294 = DIRECTION('',(0.,1.,0.));
#8295 = ORIENTED_EDGE('',*,*,#8296,.T.);
#8296 = EDGE_CURVE('',#8289,#8271,#8297,.T.);
#8297 = LINE('',#8298,#8299);
#8298 = CARTESIAN_POINT('',(-0.895,-0.441421356237,0.375));
#8299 = VECTOR('',#8300,1.);
#8300 = DIRECTION('',(1.,-0.,-0.));
#8301 = PLANE('',#8302);
#8302 = AXIS2_PLACEMENT_3D('',#8303,#8304,#8305);
#8303 = CARTESIAN_POINT('',(-0.895,-6.99,0.375));
#8304 = DIRECTION('',(-0.,0.,-1.));
#8305 = DIRECTION('',(-1.,0.,0.));
#8306 = ADVANCED_FACE('',(#8307),#8341,.T.);
#8307 = FACE_BOUND('',#8308,.T.);
#8308 = EDGE_LOOP('',(#8309,#8319,#8327,#8335));
#8309 = ORIENTED_EDGE('',*,*,#8310,.T.);
#8310 = EDGE_CURVE('',#8311,#8313,#8315,.T.);
#8311 = VERTEX_POINT('',#8312);
#8312 = CARTESIAN_POINT('',(-0.995,-6.99,-0.275));
#8313 = VERTEX_POINT('',#8314);
#8314 = CARTESIAN_POINT('',(-1.545,-6.99,-0.275));
#8315 = LINE('',#8316,#8317);
#8316 = CARTESIAN_POINT('',(-1.645,-6.99,-0.275));
#8317 = VECTOR('',#8318,1.);
#8318 = DIRECTION('',(-1.,0.,-0.));
#8319 = ORIENTED_EDGE('',*,*,#8320,.T.);
#8320 = EDGE_CURVE('',#8313,#8321,#8323,.T.);
#8321 = VERTEX_POINT('',#8322);
#8322 = CARTESIAN_POINT('',(-1.545,-6.99,0.275));
#8323 = LINE('',#8324,#8325);
#8324 = CARTESIAN_POINT('',(-1.545,-6.99,0.375));
#8325 = VECTOR('',#8326,1.);
#8326 = DIRECTION('',(-2.891205793295E-16,-0.,1.));
#8327 = ORIENTED_EDGE('',*,*,#8328,.T.);
#8328 = EDGE_CURVE('',#8321,#8329,#8331,.T.);
#8329 = VERTEX_POINT('',#8330);
#8330 = CARTESIAN_POINT('',(-0.995,-6.99,0.275));
#8331 = LINE('',#8332,#8333);
#8332 = CARTESIAN_POINT('',(-0.895,-6.99,0.275));
#8333 = VECTOR('',#8334,1.);
#8334 = DIRECTION('',(1.,-0.,-0.));
#8335 = ORIENTED_EDGE('',*,*,#8336,.T.);
#8336 = EDGE_CURVE('',#8329,#8311,#8337,.T.);
#8337 = LINE('',#8338,#8339);
#8338 = CARTESIAN_POINT('',(-0.995,-6.99,-0.375));
#8339 = VECTOR('',#8340,1.);
#8340 = DIRECTION('',(2.891205793295E-16,-0.,-1.));
#8341 = PLANE('',#8342);
#8342 = AXIS2_PLACEMENT_3D('',#8343,#8344,#8345);
#8343 = CARTESIAN_POINT('',(0.,-6.99,0.));
#8344 = DIRECTION('',(0.,1.,0.));
#8345 = DIRECTION('',(0.,-0.,1.));
#8346 = ADVANCED_FACE('',(#8347),#8381,.F.);
#8347 = FACE_BOUND('',#8348,.T.);
#8348 = EDGE_LOOP('',(#8349,#8359,#8367,#8375));
#8349 = ORIENTED_EDGE('',*,*,#8350,.T.);
#8350 = EDGE_CURVE('',#8351,#8353,#8355,.T.);
#8351 = VERTEX_POINT('',#8352);
#8352 = CARTESIAN_POINT('',(-1.945,-2.928932188135E-02,-0.745710678119)
  );
#8353 = VERTEX_POINT('',#8354);
#8354 = CARTESIAN_POINT('',(-1.603578643763,-0.370710678119,
    -0.404289321881));
#8355 = LINE('',#8356,#8357);
#8356 = CARTESIAN_POINT('',(-1.597859547921,-0.37642977396,
    -0.39857022604));
#8357 = VECTOR('',#8358,1.);
#8358 = DIRECTION('',(0.57735026919,-0.57735026919,0.57735026919));
#8359 = ORIENTED_EDGE('',*,*,#8360,.T.);
#8360 = EDGE_CURVE('',#8353,#8361,#8363,.T.);
#8361 = VERTEX_POINT('',#8362);
#8362 = CARTESIAN_POINT('',(-0.936421356237,-0.370710678119,
    -0.404289321881));
#8363 = LINE('',#8364,#8365);
#8364 = CARTESIAN_POINT('',(0.,-0.370710678119,-0.404289321881));
#8365 = VECTOR('',#8366,1.);
#8366 = DIRECTION('',(1.,-0.,-0.));
#8367 = ORIENTED_EDGE('',*,*,#8368,.T.);
#8368 = EDGE_CURVE('',#8361,#8369,#8371,.T.);
#8369 = VERTEX_POINT('',#8370);
#8370 = CARTESIAN_POINT('',(-0.595,-2.928932188135E-02,-0.745710678119)
  );
#8371 = LINE('',#8372,#8373);
#8372 = CARTESIAN_POINT('',(-0.542140452079,2.357022603955E-02,
    -0.79857022604));
#8373 = VECTOR('',#8374,1.);
#8374 = DIRECTION('',(0.57735026919,0.57735026919,-0.57735026919));
#8375 = ORIENTED_EDGE('',*,*,#8376,.T.);
#8376 = EDGE_CURVE('',#8369,#8351,#8377,.T.);
#8377 = LINE('',#8378,#8379);
#8378 = CARTESIAN_POINT('',(0.,-2.928932188135E-02,-0.745710678119));
#8379 = VECTOR('',#8380,1.);
#8380 = DIRECTION('',(-1.,-0.,-0.));
#8381 = PLANE('',#8382);
#8382 = AXIS2_PLACEMENT_3D('',#8383,#8384,#8385);
#8383 = CARTESIAN_POINT('',(0.,0.,-0.775));
#8384 = DIRECTION('',(0.,-0.707106781187,-0.707106781187));
#8385 = DIRECTION('',(1.,0.,0.));
#8386 = ADVANCED_FACE('',(#8387),#8419,.F.);
#8387 = FACE_BOUND('',#8388,.T.);
#8388 = EDGE_LOOP('',(#8389,#8397,#8405,#8413));
#8389 = ORIENTED_EDGE('',*,*,#8390,.T.);
#8390 = EDGE_CURVE('',#7199,#8391,#8393,.T.);
#8391 = VERTEX_POINT('',#8392);
#8392 = CARTESIAN_POINT('',(-0.865710678119,-0.370710678119,
    -0.333578643763));
#8393 = LINE('',#8394,#8395);
#8394 = CARTESIAN_POINT('',(-0.87142977396,-0.37642977396,
    -0.327859547921));
#8395 = VECTOR('',#8396,1.);
#8396 = DIRECTION('',(-0.57735026919,-0.57735026919,0.57735026919));
#8397 = ORIENTED_EDGE('',*,*,#8398,.T.);
#8398 = EDGE_CURVE('',#8391,#8399,#8401,.T.);
#8399 = VERTEX_POINT('',#8400);
#8400 = CARTESIAN_POINT('',(-0.865710678119,-0.370710678119,
    0.333578643763));
#8401 = LINE('',#8402,#8403);
#8402 = CARTESIAN_POINT('',(-0.865710678119,-0.370710678119,
    -2.502947727894E-16));
#8403 = VECTOR('',#8404,1.);
#8404 = DIRECTION('',(-2.891205793295E-16,-0.,1.));
#8405 = ORIENTED_EDGE('',*,*,#8406,.T.);
#8406 = EDGE_CURVE('',#8399,#8407,#8409,.T.);
#8407 = VERTEX_POINT('',#8408);
#8408 = CARTESIAN_POINT('',(-0.524289321881,-2.928932188135E-02,0.675));
#8409 = LINE('',#8410,#8411);
#8410 = CARTESIAN_POINT('',(-0.47142977396,2.357022603955E-02,
    0.727859547921));
#8411 = VECTOR('',#8412,1.);
#8412 = DIRECTION('',(0.57735026919,0.57735026919,0.57735026919));
#8413 = ORIENTED_EDGE('',*,*,#8414,.T.);
#8414 = EDGE_CURVE('',#8407,#7199,#8415,.T.);
#8415 = LINE('',#8416,#8417);
#8416 = CARTESIAN_POINT('',(-0.524289321881,-2.928932188135E-02,
    -1.515828324786E-16));
#8417 = VECTOR('',#8418,1.);
#8418 = DIRECTION('',(2.891205793295E-16,-0.,-1.));
#8419 = PLANE('',#8420);
#8420 = AXIS2_PLACEMENT_3D('',#8421,#8422,#8423);
#8421 = CARTESIAN_POINT('',(-0.495,0.,-1.431146867681E-16));
#8422 = DIRECTION('',(0.707106781187,-0.707106781187,2.044391222245E-16)
  );
#8423 = DIRECTION('',(-2.891205793295E-16,-2.465190328816E-32,1.));
#8424 = ADVANCED_FACE('',(#8425),#8459,.F.);
#8425 = FACE_BOUND('',#8426,.T.);
#8426 = EDGE_LOOP('',(#8427,#8437,#8445,#8453));
#8427 = ORIENTED_EDGE('',*,*,#8428,.T.);
#8428 = EDGE_CURVE('',#8429,#8431,#8433,.T.);
#8429 = VERTEX_POINT('',#8430);
#8430 = CARTESIAN_POINT('',(-2.015710678119,-2.928932188135E-02,0.675));
#8431 = VERTEX_POINT('',#8432);
#8432 = CARTESIAN_POINT('',(-1.674289321881,-0.370710678119,
    0.333578643763));
#8433 = LINE('',#8434,#8435);
#8434 = CARTESIAN_POINT('',(-1.66857022604,-0.37642977396,0.327859547921
    ));
#8435 = VECTOR('',#8436,1.);
#8436 = DIRECTION('',(0.57735026919,-0.57735026919,-0.57735026919));
#8437 = ORIENTED_EDGE('',*,*,#8438,.T.);
#8438 = EDGE_CURVE('',#8431,#8439,#8441,.T.);
#8439 = VERTEX_POINT('',#8440);
#8440 = CARTESIAN_POINT('',(-1.674289321881,-0.370710678119,
    -0.333578643763));
#8441 = LINE('',#8442,#8443);
#8442 = CARTESIAN_POINT('',(-1.674289321881,-0.370710678119,
    -4.840714987075E-16));
#8443 = VECTOR('',#8444,1.);
#8444 = DIRECTION('',(2.891205793295E-16,2.465190328816E-32,-1.));
#8445 = ORIENTED_EDGE('',*,*,#8446,.T.);
#8446 = EDGE_CURVE('',#8439,#8447,#8449,.T.);
#8447 = VERTEX_POINT('',#8448);
#8448 = CARTESIAN_POINT('',(-2.015710678119,-2.928932188135E-02,-0.675)
  );
#8449 = LINE('',#8450,#8451);
#8450 = CARTESIAN_POINT('',(-2.06857022604,2.357022603955E-02,
    -0.727859547921));
#8451 = VECTOR('',#8452,1.);
#8452 = DIRECTION('',(-0.57735026919,0.57735026919,-0.57735026919));
#8453 = ORIENTED_EDGE('',*,*,#8454,.T.);
#8454 = EDGE_CURVE('',#8447,#8429,#8455,.T.);
#8455 = LINE('',#8456,#8457);
#8456 = CARTESIAN_POINT('',(-2.015710678119,-2.928932188135E-02,
    -5.827834390183E-16));
#8457 = VECTOR('',#8458,1.);
#8458 = DIRECTION('',(-2.891205793295E-16,7.220375303946E-33,1.));
#8459 = PLANE('',#8460);
#8460 = AXIS2_PLACEMENT_3D('',#8461,#8462,#8463);
#8461 = CARTESIAN_POINT('',(-2.045,0.,-5.912515847288E-16));
#8462 = DIRECTION('',(-0.707106781187,-0.707106781187,
    -2.044391222245E-16));
#8463 = DIRECTION('',(2.891205793295E-16,-2.465190328816E-32,-1.));
#8464 = ADVANCED_FACE('',(#8465),#8497,.F.);
#8465 = FACE_BOUND('',#8466,.T.);
#8466 = EDGE_LOOP('',(#8467,#8477,#8485,#8491));
#8467 = ORIENTED_EDGE('',*,*,#8468,.T.);
#8468 = EDGE_CURVE('',#8469,#8471,#8473,.T.);
#8469 = VERTEX_POINT('',#8470);
#8470 = CARTESIAN_POINT('',(-0.936421356237,-0.370710678119,
    0.404289321881));
#8471 = VERTEX_POINT('',#8472);
#8472 = CARTESIAN_POINT('',(-1.603578643763,-0.370710678119,
    0.404289321881));
#8473 = LINE('',#8474,#8475);
#8474 = CARTESIAN_POINT('',(0.,-0.370710678119,0.404289321881));
#8475 = VECTOR('',#8476,1.);
#8476 = DIRECTION('',(-1.,-0.,-0.));
#8477 = ORIENTED_EDGE('',*,*,#8478,.T.);
#8478 = EDGE_CURVE('',#8471,#8479,#8481,.T.);
#8479 = VERTEX_POINT('',#8480);
#8480 = CARTESIAN_POINT('',(-1.945,-2.928932188135E-02,0.745710678119));
#8481 = LINE('',#8482,#8483);
#8482 = CARTESIAN_POINT('',(-1.997859547921,2.357022603955E-02,
    0.79857022604));
#8483 = VECTOR('',#8484,1.);
#8484 = DIRECTION('',(-0.57735026919,0.57735026919,0.57735026919));
#8485 = ORIENTED_EDGE('',*,*,#8486,.T.);
#8486 = EDGE_CURVE('',#8479,#7251,#8487,.T.);
#8487 = LINE('',#8488,#8489);
#8488 = CARTESIAN_POINT('',(0.,-2.928932188135E-02,0.745710678119));
#8489 = VECTOR('',#8490,1.);
#8490 = DIRECTION('',(1.,-0.,-0.));
#8491 = ORIENTED_EDGE('',*,*,#8492,.T.);
#8492 = EDGE_CURVE('',#7251,#8469,#8493,.T.);
#8493 = LINE('',#8494,#8495);
#8494 = CARTESIAN_POINT('',(-0.942140452079,-0.37642977396,0.39857022604
    ));
#8495 = VECTOR('',#8496,1.);
#8496 = DIRECTION('',(-0.57735026919,-0.57735026919,-0.57735026919));
#8497 = PLANE('',#8498);
#8498 = AXIS2_PLACEMENT_3D('',#8499,#8500,#8501);
#8499 = CARTESIAN_POINT('',(0.,0.,0.775));
#8500 = DIRECTION('',(0.,-0.707106781187,0.707106781187));
#8501 = DIRECTION('',(-1.,0.,0.));
#8502 = ADVANCED_FACE('',(#8503),#8519,.F.);
#8503 = FACE_BOUND('',#8504,.T.);
#8504 = EDGE_LOOP('',(#8505,#8506,#8512,#8513));
#8505 = ORIENTED_EDGE('',*,*,#7730,.T.);
#8506 = ORIENTED_EDGE('',*,*,#8507,.T.);
#8507 = EDGE_CURVE('',#7722,#7625,#8508,.T.);
#8508 = LINE('',#8509,#8510);
#8509 = CARTESIAN_POINT('',(-2.4,-8.2,1.27));
#8510 = VECTOR('',#8511,1.);
#8511 = DIRECTION('',(-1.70740499604E-16,0.,1.));
#8512 = ORIENTED_EDGE('',*,*,#7624,.F.);
#8513 = ORIENTED_EDGE('',*,*,#8514,.T.);
#8514 = EDGE_CURVE('',#7616,#7731,#8515,.T.);
#8515 = LINE('',#8516,#8517);
#8516 = CARTESIAN_POINT('',(-2.4,-8.4,-1.27));
#8517 = VECTOR('',#8518,1.);
#8518 = DIRECTION('',(1.70740499604E-16,-0.,-1.));
#8519 = PLANE('',#8520);
#8520 = AXIS2_PLACEMENT_3D('',#8521,#8522,#8523);
#8521 = CARTESIAN_POINT('',(-2.4,-8.5,1.27));
#8522 = DIRECTION('',(-1.,0.,-1.70740499604E-16));
#8523 = DIRECTION('',(-1.70740499604E-16,0.,1.));
#8524 = ADVANCED_FACE('',(#8525),#8541,.T.);
#8525 = FACE_BOUND('',#8526,.T.);
#8526 = EDGE_LOOP('',(#8527,#8528,#8534,#8535));
#8527 = ORIENTED_EDGE('',*,*,#7747,.T.);
#8528 = ORIENTED_EDGE('',*,*,#8529,.T.);
#8529 = EDGE_CURVE('',#7739,#7608,#8530,.T.);
#8530 = LINE('',#8531,#8532);
#8531 = CARTESIAN_POINT('',(-2.5,-8.5,1.27));
#8532 = VECTOR('',#8533,1.);
#8533 = DIRECTION('',(-1.70740499604E-16,0.,1.));
#8534 = ORIENTED_EDGE('',*,*,#7607,.T.);
#8535 = ORIENTED_EDGE('',*,*,#8536,.T.);
#8536 = EDGE_CURVE('',#7599,#7748,#8537,.T.);
#8537 = LINE('',#8538,#8539);
#8538 = CARTESIAN_POINT('',(-2.9,-8.5,-4.951474488516E-16));
#8539 = VECTOR('',#8540,1.);
#8540 = DIRECTION('',(1.70740499604E-16,0.,-1.));
#8541 = PLANE('',#8542);
#8542 = AXIS2_PLACEMENT_3D('',#8543,#8544,#8545);
#8543 = CARTESIAN_POINT('',(0.,-8.5,0.));
#8544 = DIRECTION('',(0.,-1.,0.));
#8545 = DIRECTION('',(0.,-0.,-1.));
#8546 = ADVANCED_FACE('',(#8547),#8563,.F.);
#8547 = FACE_BOUND('',#8548,.T.);
#8548 = EDGE_LOOP('',(#8549,#8550,#8556,#8557));
#8549 = ORIENTED_EDGE('',*,*,#7705,.F.);
#8550 = ORIENTED_EDGE('',*,*,#8551,.T.);
#8551 = EDGE_CURVE('',#7697,#7539,#8552,.T.);
#8552 = LINE('',#8553,#8554);
#8553 = CARTESIAN_POINT('',(2.4,-8.4,1.27));
#8554 = VECTOR('',#8555,1.);
#8555 = DIRECTION('',(-1.70740499604E-16,-0.,1.));
#8556 = ORIENTED_EDGE('',*,*,#7538,.T.);
#8557 = ORIENTED_EDGE('',*,*,#8558,.T.);
#8558 = EDGE_CURVE('',#7541,#7706,#8559,.T.);
#8559 = LINE('',#8560,#8561);
#8560 = CARTESIAN_POINT('',(2.4,-8.2,-1.27));
#8561 = VECTOR('',#8562,1.);
#8562 = DIRECTION('',(1.70740499604E-16,-0.,-1.));
#8563 = PLANE('',#8564);
#8564 = AXIS2_PLACEMENT_3D('',#8565,#8566,#8567);
#8565 = CARTESIAN_POINT('',(2.4,-8.5,1.27));
#8566 = DIRECTION('',(1.,0.,1.70740499604E-16));
#8567 = DIRECTION('',(1.70740499604E-16,0.,-1.));
#8568 = ADVANCED_FACE('',(#8569),#8585,.F.);
#8569 = FACE_BOUND('',#8570,.T.);
#8570 = EDGE_LOOP('',(#8571,#8572,#8578,#8579));
#8571 = ORIENTED_EDGE('',*,*,#7557,.T.);
#8572 = ORIENTED_EDGE('',*,*,#8573,.T.);
#8573 = EDGE_CURVE('',#7549,#7687,#8574,.T.);
#8574 = LINE('',#8575,#8576);
#8575 = CARTESIAN_POINT('',(2.5,-8.5,4.2685124901E-16));
#8576 = VECTOR('',#8577,1.);
#8577 = DIRECTION('',(1.70740499604E-16,0.,-1.));
#8578 = ORIENTED_EDGE('',*,*,#7686,.T.);
#8579 = ORIENTED_EDGE('',*,*,#8580,.T.);
#8580 = EDGE_CURVE('',#7689,#7558,#8581,.T.);
#8581 = LINE('',#8582,#8583);
#8582 = CARTESIAN_POINT('',(2.9,-8.5,1.27));
#8583 = VECTOR('',#8584,1.);
#8584 = DIRECTION('',(1.70740499604E-16,-0.,1.));
#8585 = PLANE('',#8586);
#8586 = AXIS2_PLACEMENT_3D('',#8587,#8588,#8589);
#8587 = CARTESIAN_POINT('',(0.,-8.5,0.));
#8588 = DIRECTION('',(0.,1.,0.));
#8589 = DIRECTION('',(0.,-0.,1.));
#8590 = ADVANCED_FACE('',(#8591),#8597,.T.);
#8591 = FACE_BOUND('',#8592,.T.);
#8592 = EDGE_LOOP('',(#8593,#8594,#8595,#8596));
#8593 = ORIENTED_EDGE('',*,*,#7548,.F.);
#8594 = ORIENTED_EDGE('',*,*,#8551,.F.);
#8595 = ORIENTED_EDGE('',*,*,#7696,.F.);
#8596 = ORIENTED_EDGE('',*,*,#8573,.F.);
#8597 = CYLINDRICAL_SURFACE('',#8598,1.E-01);
#8598 = AXIS2_PLACEMENT_3D('',#8599,#8600,#8601);
#8599 = CARTESIAN_POINT('',(2.5,-8.4,4.2685124901E-16));
#8600 = DIRECTION('',(1.70740499604E-16,0.,-1.));
#8601 = DIRECTION('',(-1.,0.,-1.70740499604E-16));
#8602 = ADVANCED_FACE('',(#8603),#8609,.F.);
#8603 = FACE_BOUND('',#8604,.F.);
#8604 = EDGE_LOOP('',(#8605,#8606,#8607,#8608));
#8605 = ORIENTED_EDGE('',*,*,#8558,.T.);
#8606 = ORIENTED_EDGE('',*,*,#7713,.T.);
#8607 = ORIENTED_EDGE('',*,*,#7292,.T.);
#8608 = ORIENTED_EDGE('',*,*,#7640,.T.);
#8609 = CYLINDRICAL_SURFACE('',#8610,1.E-01);
#8610 = AXIS2_PLACEMENT_3D('',#8611,#8612,#8613);
#8611 = CARTESIAN_POINT('',(2.3,-8.2,1.27));
#8612 = DIRECTION('',(-1.70740499604E-16,0.,1.));
#8613 = DIRECTION('',(1.,0.,1.70740499604E-16));
#8614 = ADVANCED_FACE('',(#8615),#8621,.F.);
#8615 = FACE_BOUND('',#8616,.F.);
#8616 = EDGE_LOOP('',(#8617,#8618,#8619,#8620));
#8617 = ORIENTED_EDGE('',*,*,#8507,.T.);
#8618 = ORIENTED_EDGE('',*,*,#7632,.T.);
#8619 = ORIENTED_EDGE('',*,*,#7308,.T.);
#8620 = ORIENTED_EDGE('',*,*,#7721,.T.);
#8621 = CYLINDRICAL_SURFACE('',#8622,1.E-01);
#8622 = AXIS2_PLACEMENT_3D('',#8623,#8624,#8625);
#8623 = CARTESIAN_POINT('',(-2.3,-8.2,1.27));
#8624 = DIRECTION('',(1.70740499604E-16,0.,-1.));
#8625 = DIRECTION('',(-1.,0.,-1.70740499604E-16));
#8626 = ADVANCED_FACE('',(#8627),#8633,.T.);
#8627 = FACE_BOUND('',#8628,.T.);
#8628 = EDGE_LOOP('',(#8629,#8630,#8631,#8632));
#8629 = ORIENTED_EDGE('',*,*,#7738,.F.);
#8630 = ORIENTED_EDGE('',*,*,#8514,.F.);
#8631 = ORIENTED_EDGE('',*,*,#7615,.F.);
#8632 = ORIENTED_EDGE('',*,*,#8529,.F.);
#8633 = CYLINDRICAL_SURFACE('',#8634,1.E-01);
#8634 = AXIS2_PLACEMENT_3D('',#8635,#8636,#8637);
#8635 = CARTESIAN_POINT('',(-2.5,-8.4,-4.2685124901E-16));
#8636 = DIRECTION('',(1.70740499604E-16,0.,-1.));
#8637 = DIRECTION('',(-1.,0.,-1.70740499604E-16));
#8638 = ADVANCED_FACE('',(#8639),#8645,.T.);
#8639 = FACE_BOUND('',#8640,.T.);
#8640 = EDGE_LOOP('',(#8641,#8642,#8643,#8644));
#8641 = ORIENTED_EDGE('',*,*,#7598,.F.);
#8642 = ORIENTED_EDGE('',*,*,#7665,.F.);
#8643 = ORIENTED_EDGE('',*,*,#7755,.F.);
#8644 = ORIENTED_EDGE('',*,*,#8536,.F.);
#8645 = CYLINDRICAL_SURFACE('',#8646,1.E-01);
#8646 = AXIS2_PLACEMENT_3D('',#8647,#8648,#8649);
#8647 = CARTESIAN_POINT('',(-2.9,-8.4,-4.951474488516E-16));
#8648 = DIRECTION('',(1.70740499604E-16,0.,-1.));
#8649 = DIRECTION('',(-1.,0.,-1.70740499604E-16));
#8650 = ADVANCED_FACE('',(#8651),#8657,.T.);
#8651 = FACE_BOUND('',#8652,.T.);
#8652 = EDGE_LOOP('',(#8653,#8654,#8655,#8656));
#8653 = ORIENTED_EDGE('',*,*,#7763,.F.);
#8654 = ORIENTED_EDGE('',*,*,#7672,.F.);
#8655 = ORIENTED_EDGE('',*,*,#7581,.F.);
#8656 = ORIENTED_EDGE('',*,*,#7468,.F.);
#8657 = CYLINDRICAL_SURFACE('',#8658,1.E-01);
#8658 = AXIS2_PLACEMENT_3D('',#8659,#8660,#8661);
#8659 = CARTESIAN_POINT('',(-2.9,-0.1,-4.951474488516E-16));
#8660 = DIRECTION('',(-1.70740499604E-16,0.,1.));
#8661 = DIRECTION('',(1.,0.,1.70740499604E-16));
#8662 = ADVANCED_FACE('',(#8663),#8669,.T.);
#8663 = FACE_BOUND('',#8664,.T.);
#8664 = EDGE_LOOP('',(#8665,#8666,#8667,#8668));
#8665 = ORIENTED_EDGE('',*,*,#7573,.F.);
#8666 = ORIENTED_EDGE('',*,*,#7508,.F.);
#8667 = ORIENTED_EDGE('',*,*,#7771,.F.);
#8668 = ORIENTED_EDGE('',*,*,#7484,.F.);
#8669 = CYLINDRICAL_SURFACE('',#8670,1.E-01);
#8670 = AXIS2_PLACEMENT_3D('',#8671,#8672,#8673);
#8671 = CARTESIAN_POINT('',(2.9,-0.1,-4.951474488516E-16));
#8672 = DIRECTION('',(-1.70740499604E-16,0.,-1.));
#8673 = DIRECTION('',(-1.,0.,1.70740499604E-16));
#8674 = ADVANCED_FACE('',(#8675),#8681,.T.);
#8675 = FACE_BOUND('',#8676,.T.);
#8676 = EDGE_LOOP('',(#8677,#8678,#8679,#8680));
#8677 = ORIENTED_EDGE('',*,*,#7779,.F.);
#8678 = ORIENTED_EDGE('',*,*,#7524,.F.);
#8679 = ORIENTED_EDGE('',*,*,#7565,.F.);
#8680 = ORIENTED_EDGE('',*,*,#8580,.F.);
#8681 = CYLINDRICAL_SURFACE('',#8682,1.E-01);
#8682 = AXIS2_PLACEMENT_3D('',#8683,#8684,#8685);
#8683 = CARTESIAN_POINT('',(2.9,-8.4,-4.951474488516E-16));
#8684 = DIRECTION('',(-1.70740499604E-16,0.,-1.));
#8685 = DIRECTION('',(-1.,0.,1.70740499604E-16));
#8686 = ADVANCED_FACE('',(#8687),#8699,.T.);
#8687 = FACE_BOUND('',#8688,.T.);
#8688 = EDGE_LOOP('',(#8689,#8696,#8697,#8698));
#8689 = ORIENTED_EDGE('',*,*,#8690,.F.);
#8690 = EDGE_CURVE('',#7392,#8407,#8691,.T.);
#8691 = CIRCLE('',#8692,1.E-01);
#8692 = AXIS2_PLACEMENT_3D('',#8693,#8694,#8695);
#8693 = CARTESIAN_POINT('',(-0.453578643763,-0.1,0.675));
#8694 = DIRECTION('',(0.,-0.,1.));
#8695 = DIRECTION('',(1.,0.,0.));
#8696 = ORIENTED_EDGE('',*,*,#7391,.F.);
#8697 = ORIENTED_EDGE('',*,*,#7207,.F.);
#8698 = ORIENTED_EDGE('',*,*,#8414,.F.);
#8699 = CYLINDRICAL_SURFACE('',#8700,1.E-01);
#8700 = AXIS2_PLACEMENT_3D('',#8701,#8702,#8703);
#8701 = CARTESIAN_POINT('',(-0.453578643763,-0.1,-1.311389202561E-16));
#8702 = DIRECTION('',(2.891205793295E-16,0.,-1.));
#8703 = DIRECTION('',(-1.,0.,-2.891205793295E-16));
#8704 = ADVANCED_FACE('',(#8705),#8717,.T.);
#8705 = FACE_BOUND('',#8706,.T.);
#8706 = EDGE_LOOP('',(#8707,#8708,#8709,#8710));
#8707 = ORIENTED_EDGE('',*,*,#7241,.F.);
#8708 = ORIENTED_EDGE('',*,*,#7399,.T.);
#8709 = ORIENTED_EDGE('',*,*,#8690,.T.);
#8710 = ORIENTED_EDGE('',*,*,#8711,.F.);
#8711 = EDGE_CURVE('',#7242,#8407,#8712,.T.);
#8712 = ( BOUNDED_CURVE() B_SPLINE_CURVE(3,(#8713,#8714,#8715,#8716),
.UNSPECIFIED.,.F.,.F.) B_SPLINE_CURVE_WITH_KNOTS((4,4),(0.,
0.523598775598),.PIECEWISE_BEZIER_KNOTS.) CURVE() 
GEOMETRIC_REPRESENTATION_ITEM() RATIONAL_B_SPLINE_CURVE((1.,
0.977283884193,0.977283884193,1.)) REPRESENTATION_ITEM('') );
#8713 = CARTESIAN_POINT('',(-0.532297211005,-1.835034190723E-02,
    0.737702788995));
#8714 = CARTESIAN_POINT('',(-0.519812766117,-1.835034190723E-02,
    0.725218344106));
#8715 = CARTESIAN_POINT('',(-0.517081424264,-2.208142426417E-02,
    0.703831590469));
#8716 = CARTESIAN_POINT('',(-0.524289321881,-2.928932188135E-02,0.675));
#8717 = ( BOUNDED_SURFACE() B_SPLINE_SURFACE(3,2,(
    (#8718,#8719,#8720)
    ,(#8721,#8722,#8723)
    ,(#8724,#8725,#8726)
    ,(#8727,#8728,#8729
)),.UNSPECIFIED.,.F.,.F.,.F.) B_SPLINE_SURFACE_WITH_KNOTS((4,4),(3,3),(
    1.355252715607E-16,0.523598775598),(0.,1.),
.PIECEWISE_BEZIER_KNOTS.) GEOMETRIC_REPRESENTATION_ITEM() 
RATIONAL_B_SPLINE_SURFACE((
    (1.,0.953020613871,1.)
    ,(1.,0.953036376009,1.)
    ,(1.,0.943176268845,1.)
,(1.,0.923879532511,1.))) REPRESENTATION_ITEM('') SURFACE() );
#8718 = CARTESIAN_POINT('',(-0.491472381959,1.355252715607E-17,
    0.778527618041));
#8719 = CARTESIAN_POINT('',(-0.513946869098,6.776263578034E-18,
    0.756053130902));
#8720 = CARTESIAN_POINT('',(-0.532297211005,-1.835034190723E-02,
    0.737702788995));
#8721 = CARTESIAN_POINT('',(-0.466729671892,1.355252715607E-17,
    0.753784905296));
#8722 = CARTESIAN_POINT('',(-0.496002610068,-2.128640950941E-15,
    0.738108868962));
#8723 = CARTESIAN_POINT('',(-0.519919116259,-1.835034280053E-02,
    0.725324692462));
#8724 = CARTESIAN_POINT('',(-0.453578644605,1.355252715607E-17,
    0.717874315701));
#8725 = CARTESIAN_POINT('',(-0.489194734739,1.838370342613E-15,
    0.708835843903));
#8726 = CARTESIAN_POINT('',(-0.517137620217,-2.213762021727E-02,
    0.703606807921));
#8727 = CARTESIAN_POINT('',(-0.453578643763,1.355252715607E-17,0.675));
#8728 = CARTESIAN_POINT('',(-0.495,-1.355252715607E-17,0.675));
#8729 = CARTESIAN_POINT('',(-0.524289321881,-2.928932188135E-02,0.675));
#8730 = ADVANCED_FACE('',(#8731),#8749,.T.);
#8731 = FACE_BOUND('',#8732,.T.);
#8732 = EDGE_LOOP('',(#8733,#8734,#8735,#8742));
#8733 = ORIENTED_EDGE('',*,*,#7189,.F.);
#8734 = ORIENTED_EDGE('',*,*,#7449,.T.);
#8735 = ORIENTED_EDGE('',*,*,#8736,.F.);
#8736 = EDGE_CURVE('',#8369,#7442,#8737,.T.);
#8737 = CIRCLE('',#8738,0.1);
#8738 = AXIS2_PLACEMENT_3D('',#8739,#8740,#8741);
#8739 = CARTESIAN_POINT('',(-0.595,-0.1,-0.816421356237));
#8740 = DIRECTION('',(-1.,-0.,-0.));
#8741 = DIRECTION('',(0.,0.,-1.));
#8742 = ORIENTED_EDGE('',*,*,#8743,.F.);
#8743 = EDGE_CURVE('',#7190,#8369,#8744,.T.);
#8744 = ( BOUNDED_CURVE() B_SPLINE_CURVE(3,(#8745,#8746,#8747,#8748),
.UNSPECIFIED.,.F.,.F.) B_SPLINE_CURVE_WITH_KNOTS((4,4),(0.,
0.523598775598),.PIECEWISE_BEZIER_KNOTS.) CURVE() 
GEOMETRIC_REPRESENTATION_ITEM() RATIONAL_B_SPLINE_CURVE((1.,
0.977283884193,0.977283884193,1.)) REPRESENTATION_ITEM('') );
#8745 = CARTESIAN_POINT('',(-0.532297211005,-1.835034190723E-02,
    -0.737702788995));
#8746 = CARTESIAN_POINT('',(-0.544781655894,-1.835034190723E-02,
    -0.750187233883));
#8747 = CARTESIAN_POINT('',(-0.566168409531,-2.208142426417E-02,
    -0.752918575736));
#8748 = CARTESIAN_POINT('',(-0.595,-2.928932188135E-02,-0.745710678119)
  );
#8749 = ( BOUNDED_SURFACE() B_SPLINE_SURFACE(3,2,(
    (#8750,#8751,#8752)
    ,(#8753,#8754,#8755)
    ,(#8756,#8757,#8758)
    ,(#8759,#8760,#8761
)),.UNSPECIFIED.,.F.,.F.,.F.) B_SPLINE_SURFACE_WITH_KNOTS((4,4),(3,3),(
    0.,0.523598775598),(0.,1.),.PIECEWISE_BEZIER_KNOTS.) 
GEOMETRIC_REPRESENTATION_ITEM() RATIONAL_B_SPLINE_SURFACE((
    (1.,0.953020613871,1.)
    ,(1.,0.953036376009,1.)
    ,(1.,0.943176268845,1.)
,(1.,0.923879532511,1.))) REPRESENTATION_ITEM('') SURFACE() );
#8750 = CARTESIAN_POINT('',(-0.491472381959,0.,-0.778527618041));
#8751 = CARTESIAN_POINT('',(-0.513946869098,2.710505431214E-17,
    -0.756053130902));
#8752 = CARTESIAN_POINT('',(-0.532297211005,-1.835034190723E-02,
    -0.737702788995));
#8753 = CARTESIAN_POINT('',(-0.516215094704,0.,-0.803270328108));
#8754 = CARTESIAN_POINT('',(-0.531891131038,-1.871043580815E-15,
    -0.773997389932));
#8755 = CARTESIAN_POINT('',(-0.544675307538,-1.835034280053E-02,
    -0.750080883741));
#8756 = CARTESIAN_POINT('',(-0.552125684299,0.,-0.816421355395));
#8757 = CARTESIAN_POINT('',(-0.561164156097,3.832748817749E-15,
    -0.780805265261));
#8758 = CARTESIAN_POINT('',(-0.566393192079,-2.213762021727E-02,
    -0.752862379783));
#8759 = CARTESIAN_POINT('',(-0.595,0.,-0.816421356237));
#8760 = CARTESIAN_POINT('',(-0.595,-1.355252715607E-17,-0.775));
#8761 = CARTESIAN_POINT('',(-0.595,-2.928932188135E-02,-0.745710678119)
  );
#8762 = ADVANCED_FACE('',(#8763),#8776,.F.);
#8763 = FACE_BOUND('',#8764,.F.);
#8764 = EDGE_LOOP('',(#8765,#8766,#8773,#8774,#8775));
#8765 = ORIENTED_EDGE('',*,*,#8492,.T.);
#8766 = ORIENTED_EDGE('',*,*,#8767,.T.);
#8767 = EDGE_CURVE('',#8469,#8399,#8768,.T.);
#8768 = CIRCLE('',#8769,1.E-01);
#8769 = AXIS2_PLACEMENT_3D('',#8770,#8771,#8772);
#8770 = CARTESIAN_POINT('',(-0.936421356237,-0.3,0.333578643763));
#8771 = DIRECTION('',(0.57735026919,0.57735026919,0.57735026919));
#8772 = DIRECTION('',(-0.707106781187,0.707106781187,-2.498001805407E-16
    ));
#8773 = ORIENTED_EDGE('',*,*,#8406,.T.);
#8774 = ORIENTED_EDGE('',*,*,#8711,.F.);
#8775 = ORIENTED_EDGE('',*,*,#7250,.F.);
#8776 = CYLINDRICAL_SURFACE('',#8777,1.E-01);
#8777 = AXIS2_PLACEMENT_3D('',#8778,#8779,#8780);
#8778 = CARTESIAN_POINT('',(-0.377140452079,0.259280904158,
    0.892859547921));
#8779 = DIRECTION('',(0.57735026919,0.57735026919,0.57735026919));
#8780 = DIRECTION('',(-0.707106781187,0.707106781187,2.775557561563E-17)
  );
#8781 = ADVANCED_FACE('',(#8782),#8794,.T.);
#8782 = FACE_BOUND('',#8783,.T.);
#8783 = EDGE_LOOP('',(#8784,#8785,#8786,#8793));
#8784 = ORIENTED_EDGE('',*,*,#7259,.T.);
#8785 = ORIENTED_EDGE('',*,*,#8486,.F.);
#8786 = ORIENTED_EDGE('',*,*,#8787,.F.);
#8787 = EDGE_CURVE('',#7408,#8479,#8788,.T.);
#8788 = CIRCLE('',#8789,0.1);
#8789 = AXIS2_PLACEMENT_3D('',#8790,#8791,#8792);
#8790 = CARTESIAN_POINT('',(-1.945,-0.1,0.816421356237));
#8791 = DIRECTION('',(-1.,0.,0.));
#8792 = DIRECTION('',(0.,0.,1.));
#8793 = ORIENTED_EDGE('',*,*,#7407,.F.);
#8794 = CYLINDRICAL_SURFACE('',#8795,0.1);
#8795 = AXIS2_PLACEMENT_3D('',#8796,#8797,#8798);
#8796 = CARTESIAN_POINT('',(0.,-0.1,0.816421356237));
#8797 = DIRECTION('',(1.,0.,-0.));
#8798 = DIRECTION('',(0.,-0.,-1.));
#8799 = ADVANCED_FACE('',(#8800),#8818,.T.);
#8800 = FACE_BOUND('',#8801,.T.);
#8801 = EDGE_LOOP('',(#8802,#8809,#8810,#8817));
#8802 = ORIENTED_EDGE('',*,*,#8803,.F.);
#8803 = EDGE_CURVE('',#7425,#8447,#8804,.T.);
#8804 = CIRCLE('',#8805,1.E-01);
#8805 = AXIS2_PLACEMENT_3D('',#8806,#8807,#8808);
#8806 = CARTESIAN_POINT('',(-2.086421356237,-0.1,-0.675));
#8807 = DIRECTION('',(0.,0.,-1.));
#8808 = DIRECTION('',(-1.,0.,0.));
#8809 = ORIENTED_EDGE('',*,*,#7424,.F.);
#8810 = ORIENTED_EDGE('',*,*,#8811,.F.);
#8811 = EDGE_CURVE('',#8429,#7416,#8812,.T.);
#8812 = CIRCLE('',#8813,1.E-01);
#8813 = AXIS2_PLACEMENT_3D('',#8814,#8815,#8816);
#8814 = CARTESIAN_POINT('',(-2.086421356237,-1.E-01,0.675));
#8815 = DIRECTION('',(0.,0.,1.));
#8816 = DIRECTION('',(1.,0.,-0.));
#8817 = ORIENTED_EDGE('',*,*,#8454,.F.);
#8818 = CYLINDRICAL_SURFACE('',#8819,1.E-01);
#8819 = AXIS2_PLACEMENT_3D('',#8820,#8821,#8822);
#8820 = CARTESIAN_POINT('',(-2.086421356237,-0.1,-6.032273512407E-16));
#8821 = DIRECTION('',(-2.891205793295E-16,0.,1.));
#8822 = DIRECTION('',(1.,0.,2.891205793295E-16));
#8823 = ADVANCED_FACE('',(#8824),#8836,.T.);
#8824 = FACE_BOUND('',#8825,.T.);
#8825 = EDGE_LOOP('',(#8826,#8827,#8828,#8835));
#8826 = ORIENTED_EDGE('',*,*,#8736,.T.);
#8827 = ORIENTED_EDGE('',*,*,#7441,.F.);
#8828 = ORIENTED_EDGE('',*,*,#8829,.F.);
#8829 = EDGE_CURVE('',#8351,#7433,#8830,.T.);
#8830 = CIRCLE('',#8831,0.1);
#8831 = AXIS2_PLACEMENT_3D('',#8832,#8833,#8834);
#8832 = CARTESIAN_POINT('',(-1.945,-0.1,-0.816421356237));
#8833 = DIRECTION('',(-1.,0.,0.));
#8834 = DIRECTION('',(0.,0.,1.));
#8835 = ORIENTED_EDGE('',*,*,#8376,.F.);
#8836 = CYLINDRICAL_SURFACE('',#8837,0.1);
#8837 = AXIS2_PLACEMENT_3D('',#8838,#8839,#8840);
#8838 = CARTESIAN_POINT('',(0.,-0.1,-0.816421356237));
#8839 = DIRECTION('',(-1.,0.,0.));
#8840 = DIRECTION('',(0.,0.,1.));
#8841 = ADVANCED_FACE('',(#8842),#8855,.F.);
#8842 = FACE_BOUND('',#8843,.F.);
#8843 = EDGE_LOOP('',(#8844,#8845,#8852,#8853,#8854));
#8844 = ORIENTED_EDGE('',*,*,#8390,.T.);
#8845 = ORIENTED_EDGE('',*,*,#8846,.T.);
#8846 = EDGE_CURVE('',#8391,#8361,#8847,.T.);
#8847 = CIRCLE('',#8848,0.1);
#8848 = AXIS2_PLACEMENT_3D('',#8849,#8850,#8851);
#8849 = CARTESIAN_POINT('',(-0.936421356237,-0.3,-0.333578643763));
#8850 = DIRECTION('',(0.57735026919,0.57735026919,-0.57735026919));
#8851 = DIRECTION('',(-0.707106781187,0.707106781187,-2.22044604925E-16)
  );
#8852 = ORIENTED_EDGE('',*,*,#8368,.T.);
#8853 = ORIENTED_EDGE('',*,*,#8743,.F.);
#8854 = ORIENTED_EDGE('',*,*,#7198,.F.);
#8855 = CYLINDRICAL_SURFACE('',#8856,1.E-01);
#8856 = AXIS2_PLACEMENT_3D('',#8857,#8858,#8859);
#8857 = CARTESIAN_POINT('',(-0.800473785412,-0.164052429175,
    -0.469526214588));
#8858 = DIRECTION('',(0.57735026919,0.57735026919,-0.57735026919));
#8859 = DIRECTION('',(-0.707106781187,0.707106781187,8.326672684689E-17)
  );
#8860 = ADVANCED_FACE('',(#8861),#8879,.T.);
#8861 = FACE_BOUND('',#8862,.T.);
#8862 = EDGE_LOOP('',(#8863,#8870,#8871,#8878));
#8863 = ORIENTED_EDGE('',*,*,#8864,.F.);
#8864 = EDGE_CURVE('',#8399,#8249,#8865,.T.);
#8865 = ( BOUNDED_CURVE() B_SPLINE_CURVE(3,(#8866,#8867,#8868,#8869),
.UNSPECIFIED.,.F.,.F.) B_SPLINE_CURVE_WITH_KNOTS((4,4),(5.497787143782,
6.28318530718),.PIECEWISE_BEZIER_KNOTS.) CURVE() 
GEOMETRIC_REPRESENTATION_ITEM() RATIONAL_B_SPLINE_CURVE((1.,
0.949253021674,0.949253021674,1.)) REPRESENTATION_ITEM('') );
#8866 = CARTESIAN_POINT('',(-0.865710678119,-0.370710678119,
    0.333578643763));
#8867 = CARTESIAN_POINT('',(-0.884714957898,-0.389714957898,
    0.295570084205));
#8868 = CARTESIAN_POINT('',(-0.895,-0.414545246031,0.275));
#8869 = CARTESIAN_POINT('',(-0.895,-0.441421356237,0.275));
#8870 = ORIENTED_EDGE('',*,*,#8398,.F.);
#8871 = ORIENTED_EDGE('',*,*,#8872,.F.);
#8872 = EDGE_CURVE('',#8231,#8391,#8873,.T.);
#8873 = ( BOUNDED_CURVE() B_SPLINE_CURVE(3,(#8874,#8875,#8876,#8877),
.UNSPECIFIED.,.F.,.F.) B_SPLINE_CURVE_WITH_KNOTS((4,4),(3.14159265359,
3.926990816987),.PIECEWISE_BEZIER_KNOTS.) CURVE() 
GEOMETRIC_REPRESENTATION_ITEM() RATIONAL_B_SPLINE_CURVE((1.,
0.949253021674,0.949253021674,1.)) REPRESENTATION_ITEM('') );
#8874 = CARTESIAN_POINT('',(-0.895,-0.441421356237,-0.275));
#8875 = CARTESIAN_POINT('',(-0.895,-0.414545246031,-0.275));
#8876 = CARTESIAN_POINT('',(-0.884714957898,-0.389714957898,
    -0.295570084205));
#8877 = CARTESIAN_POINT('',(-0.865710678119,-0.370710678119,
    -0.333578643763));
#8878 = ORIENTED_EDGE('',*,*,#8256,.F.);
#8879 = CYLINDRICAL_SURFACE('',#8880,0.1);
#8880 = AXIS2_PLACEMENT_3D('',#8881,#8882,#8883);
#8881 = CARTESIAN_POINT('',(-0.795,-0.441421356237,-0.375));
#8882 = DIRECTION('',(-2.891205793295E-16,0.,1.));
#8883 = DIRECTION('',(1.,0.,2.891205793295E-16));
#8884 = ADVANCED_FACE('',(#8885),#8903,.F.);
#8885 = FACE_BOUND('',#8886,.F.);
#8886 = EDGE_LOOP('',(#8887,#8894,#8901,#8902));
#8887 = ORIENTED_EDGE('',*,*,#8888,.T.);
#8888 = EDGE_CURVE('',#8469,#8271,#8889,.T.);
#8889 = ( BOUNDED_CURVE() B_SPLINE_CURVE(3,(#8890,#8891,#8892,#8893),
.UNSPECIFIED.,.F.,.F.) B_SPLINE_CURVE_WITH_KNOTS((4,4),(5.497787143782,
6.28318530718),.PIECEWISE_BEZIER_KNOTS.) CURVE() 
GEOMETRIC_REPRESENTATION_ITEM() RATIONAL_B_SPLINE_CURVE((1.,
0.949253021674,0.949253021674,1.)) REPRESENTATION_ITEM('') );
#8890 = CARTESIAN_POINT('',(-0.936421356237,-0.370710678119,
    0.404289321881));
#8891 = CARTESIAN_POINT('',(-0.974429915795,-0.389714957898,
    0.385285042102));
#8892 = CARTESIAN_POINT('',(-0.995,-0.414545246031,0.375));
#8893 = CARTESIAN_POINT('',(-0.995,-0.441421356237,0.375));
#8894 = ORIENTED_EDGE('',*,*,#8895,.T.);
#8895 = EDGE_CURVE('',#8271,#8249,#8896,.T.);
#8896 = CIRCLE('',#8897,1.E-01);
#8897 = AXIS2_PLACEMENT_3D('',#8898,#8899,#8900);
#8898 = CARTESIAN_POINT('',(-0.995,-0.441421356237,0.275));
#8899 = DIRECTION('',(4.701977403289E-30,1.,-8.673617379884E-15));
#8900 = DIRECTION('',(0.,-8.673617379884E-15,-1.));
#8901 = ORIENTED_EDGE('',*,*,#8864,.F.);
#8902 = ORIENTED_EDGE('',*,*,#8767,.F.);
#8903 = ( BOUNDED_SURFACE() B_SPLINE_SURFACE(3,2,(
    (#8904,#8905,#8906)
    ,(#8907,#8908,#8909)
    ,(#8910,#8911,#8912)
    ,(#8913,#8914,#8915
)),.UNSPECIFIED.,.F.,.F.,.F.) B_SPLINE_SURFACE_WITH_KNOTS((4,4),(3,3),(
    5.497787143782,6.28318530718),(0.,1.),.PIECEWISE_BEZIER_KNOTS.) 
GEOMETRIC_REPRESENTATION_ITEM() RATIONAL_B_SPLINE_SURFACE((
    (1.,0.866025403784,1.)
    ,(1.,0.789912529782,1.)
    ,(1.,0.705078927486,1.)
,(1.,0.707106781187,1.))) REPRESENTATION_ITEM('') SURFACE() );
#8904 = CARTESIAN_POINT('',(-0.936421356237,-0.370710678119,
    0.404289321881));
#8905 = CARTESIAN_POINT('',(-0.889280904158,-0.394280904158,
    0.380719095842));
#8906 = CARTESIAN_POINT('',(-0.865710678119,-0.370710678119,
    0.333578643763));
#8907 = CARTESIAN_POINT('',(-0.973769909643,-0.389384955139,
    0.385615044861));
#8908 = CARTESIAN_POINT('',(-0.909168373599,-0.429084736349,
    0.360831626401));
#8909 = CARTESIAN_POINT('',(-0.884384955139,-0.389384955139,
    0.296230090357));
#8910 = CARTESIAN_POINT('',(-0.994999998352,-0.41504601546,0.375));
#8911 = CARTESIAN_POINT('',(-0.895052862011,-0.445354902327,
    0.374947138021));
#8912 = CARTESIAN_POINT('',(-0.895,-0.41504601546,0.275000001648));
#8913 = CARTESIAN_POINT('',(-0.995,-0.441421356237,0.375));
#8914 = CARTESIAN_POINT('',(-0.895,-0.441421356237,0.375));
#8915 = CARTESIAN_POINT('',(-0.895,-0.441421356237,0.275));
#8916 = ADVANCED_FACE('',(#8917),#8929,.T.);
#8917 = FACE_BOUND('',#8918,.T.);
#8918 = EDGE_LOOP('',(#8919,#8920,#8921,#8928));
#8919 = ORIENTED_EDGE('',*,*,#7415,.T.);
#8920 = ORIENTED_EDGE('',*,*,#8787,.T.);
#8921 = ORIENTED_EDGE('',*,*,#8922,.F.);
#8922 = EDGE_CURVE('',#8429,#8479,#8923,.T.);
#8923 = ( BOUNDED_CURVE() B_SPLINE_CURVE(3,(#8924,#8925,#8926,#8927),
.UNSPECIFIED.,.F.,.F.) B_SPLINE_CURVE_WITH_KNOTS((4,4),(2.617993877991,
3.665191429188),.PIECEWISE_BEZIER_KNOTS.) CURVE() 
GEOMETRIC_REPRESENTATION_ITEM() RATIONAL_B_SPLINE_CURVE((1.,
0.910683602523,0.910683602523,1.)) REPRESENTATION_ITEM('') );
#8924 = CARTESIAN_POINT('',(-2.015710678119,-2.928932188135E-02,0.675));
#8925 = CARTESIAN_POINT('',(-2.030653602655,-1.434639734521E-02,
    0.734771698145));
#8926 = CARTESIAN_POINT('',(-2.004771698145,-1.434639734521E-02,
    0.760653602655));
#8927 = CARTESIAN_POINT('',(-1.945,-2.928932188135E-02,0.745710678119));
#8928 = ORIENTED_EDGE('',*,*,#8811,.T.);
#8929 = ( BOUNDED_SURFACE() B_SPLINE_SURFACE(3,2,(
    (#8930,#8931,#8932)
    ,(#8933,#8934,#8935)
    ,(#8936,#8937,#8938)
    ,(#8939,#8940,#8941
)),.UNSPECIFIED.,.F.,.F.,.F.) B_SPLINE_SURFACE_WITH_KNOTS((4,4),(3,3),(
    2.617993877991,3.665191429188),(0.,1.),.PIECEWISE_BEZIER_KNOTS.) 
GEOMETRIC_REPRESENTATION_ITEM() RATIONAL_B_SPLINE_SURFACE((
    (1.,0.923879532511,1.)
    ,(1.,0.962692727824,1.)
    ,(1.,0.962692727824,1.)
,(1.,0.923879532511,1.))) REPRESENTATION_ITEM('') SURFACE() );
#8930 = CARTESIAN_POINT('',(-2.086421356237,0.,0.675));
#8931 = CARTESIAN_POINT('',(-2.045,2.710505431214E-17,0.675));
#8932 = CARTESIAN_POINT('',(-2.015710678119,-2.928932188135E-02,0.675));
#8933 = CARTESIAN_POINT('',(-2.086421354528,0.,0.762000068642));
#8934 = CARTESIAN_POINT('',(-2.056575420053,2.710505431214E-17,
    0.742467047315));
#8935 = CARTESIAN_POINT('',(-2.030234499565,-1.476550043494E-02,
    0.733095288353));
#8936 = CARTESIAN_POINT('',(-2.032000068642,2.710505431214E-17,
    0.816421354528));
#8937 = CARTESIAN_POINT('',(-2.012467047315,-3.915708499949E-15,
    0.786575420053));
#8938 = CARTESIAN_POINT('',(-2.003095288353,-1.476550043493E-02,
    0.760234499565));
#8939 = CARTESIAN_POINT('',(-1.945,2.710505431214E-17,0.816421356237));
#8940 = CARTESIAN_POINT('',(-1.945,6.098637220231E-17,0.775));
#8941 = CARTESIAN_POINT('',(-1.945,-2.928932188135E-02,0.745710678119));
#8942 = ADVANCED_FACE('',(#8943),#8955,.T.);
#8943 = FACE_BOUND('',#8944,.T.);
#8944 = EDGE_LOOP('',(#8945,#8946,#8947,#8954));
#8945 = ORIENTED_EDGE('',*,*,#7432,.T.);
#8946 = ORIENTED_EDGE('',*,*,#8803,.T.);
#8947 = ORIENTED_EDGE('',*,*,#8948,.F.);
#8948 = EDGE_CURVE('',#8351,#8447,#8949,.T.);
#8949 = ( BOUNDED_CURVE() B_SPLINE_CURVE(3,(#8950,#8951,#8952,#8953),
.UNSPECIFIED.,.F.,.F.) B_SPLINE_CURVE_WITH_KNOTS((4,4),(2.617993877991,
3.665191429188),.PIECEWISE_BEZIER_KNOTS.) CURVE() 
GEOMETRIC_REPRESENTATION_ITEM() RATIONAL_B_SPLINE_CURVE((1.,
0.910683602523,0.910683602523,1.)) REPRESENTATION_ITEM('') );
#8950 = CARTESIAN_POINT('',(-1.945,-2.928932188135E-02,-0.745710678119)
  );
#8951 = CARTESIAN_POINT('',(-2.004771698145,-1.434639734521E-02,
    -0.760653602655));
#8952 = CARTESIAN_POINT('',(-2.030653602655,-1.434639734521E-02,
    -0.734771698145));
#8953 = CARTESIAN_POINT('',(-2.015710678119,-2.928932188135E-02,-0.675)
  );
#8954 = ORIENTED_EDGE('',*,*,#8829,.T.);
#8955 = ( BOUNDED_SURFACE() B_SPLINE_SURFACE(3,2,(
    (#8956,#8957,#8958)
    ,(#8959,#8960,#8961)
    ,(#8962,#8963,#8964)
    ,(#8965,#8966,#8967
)),.UNSPECIFIED.,.F.,.F.,.F.) B_SPLINE_SURFACE_WITH_KNOTS((4,4),(3,3),(
    2.617993877991,3.665191429188),(0.,1.),.PIECEWISE_BEZIER_KNOTS.) 
GEOMETRIC_REPRESENTATION_ITEM() RATIONAL_B_SPLINE_SURFACE((
    (1.,0.923879532511,1.)
    ,(1.,0.962692727824,1.)
    ,(1.,0.962692727824,1.)
,(1.,0.923879532511,1.))) REPRESENTATION_ITEM('') SURFACE() );
#8956 = CARTESIAN_POINT('',(-1.945,0.,-0.816421356237));
#8957 = CARTESIAN_POINT('',(-1.945,-2.03287907341E-17,-0.775));
#8958 = CARTESIAN_POINT('',(-1.945,-2.928932188135E-02,-0.745710678119)
  );
#8959 = CARTESIAN_POINT('',(-2.032000068642,0.,-0.816421354528));
#8960 = CARTESIAN_POINT('',(-2.012467047315,-2.03287907341E-17,
    -0.786575420053));
#8961 = CARTESIAN_POINT('',(-2.003095288353,-1.476550043493E-02,
    -0.760234499565));
#8962 = CARTESIAN_POINT('',(-2.086421354528,1.355252715607E-17,
    -0.762000068642));
#8963 = CARTESIAN_POINT('',(-2.056575420053,1.413471905047E-15,
    -0.742467047315));
#8964 = CARTESIAN_POINT('',(-2.030234499565,-1.476550043495E-02,
    -0.733095288353));
#8965 = CARTESIAN_POINT('',(-2.086421356237,1.355252715607E-17,-0.675));
#8966 = CARTESIAN_POINT('',(-2.045,-6.776263578034E-18,-0.675));
#8967 = CARTESIAN_POINT('',(-2.015710678119,-2.928932188135E-02,-0.675)
  );
#8968 = ADVANCED_FACE('',(#8969),#8987,.F.);
#8969 = FACE_BOUND('',#8970,.F.);
#8970 = EDGE_LOOP('',(#8971,#8978,#8985,#8986));
#8971 = ORIENTED_EDGE('',*,*,#8972,.T.);
#8972 = EDGE_CURVE('',#8231,#8209,#8973,.T.);
#8973 = CIRCLE('',#8974,0.1);
#8974 = AXIS2_PLACEMENT_3D('',#8975,#8976,#8977);
#8975 = CARTESIAN_POINT('',(-0.995,-0.441421356237,-0.275));
#8976 = DIRECTION('',(8.673617379884E-15,1.,0.));
#8977 = DIRECTION('',(1.,-8.673617379884E-15,0.));
#8978 = ORIENTED_EDGE('',*,*,#8979,.T.);
#8979 = EDGE_CURVE('',#8209,#8361,#8980,.T.);
#8980 = ( BOUNDED_CURVE() B_SPLINE_CURVE(3,(#8981,#8982,#8983,#8984),
.UNSPECIFIED.,.F.,.F.) B_SPLINE_CURVE_WITH_KNOTS((4,4),(3.14159265359,
3.926990816987),.PIECEWISE_BEZIER_KNOTS.) CURVE() 
GEOMETRIC_REPRESENTATION_ITEM() RATIONAL_B_SPLINE_CURVE((1.,
0.949253021674,0.949253021674,1.)) REPRESENTATION_ITEM('') );
#8981 = CARTESIAN_POINT('',(-0.995,-0.441421356237,-0.375));
#8982 = CARTESIAN_POINT('',(-0.995,-0.414545246031,-0.375));
#8983 = CARTESIAN_POINT('',(-0.974429915795,-0.389714957898,
    -0.385285042102));
#8984 = CARTESIAN_POINT('',(-0.936421356237,-0.370710678119,
    -0.404289321881));
#8985 = ORIENTED_EDGE('',*,*,#8846,.F.);
#8986 = ORIENTED_EDGE('',*,*,#8872,.F.);
#8987 = ( BOUNDED_SURFACE() B_SPLINE_SURFACE(3,2,(
    (#8988,#8989,#8990)
    ,(#8991,#8992,#8993)
    ,(#8994,#8995,#8996)
    ,(#8997,#8998,#8999
)),.UNSPECIFIED.,.F.,.F.,.F.) B_SPLINE_SURFACE_WITH_KNOTS((4,4),(3,3),(
    2.356194490192,3.14159265359),(0.,1.),.PIECEWISE_BEZIER_KNOTS.) 
GEOMETRIC_REPRESENTATION_ITEM() RATIONAL_B_SPLINE_SURFACE((
    (1.,0.866025403784,1.)
    ,(1.,0.789912529782,1.)
    ,(1.,0.705078927486,1.)
,(1.,0.707106781187,1.))) REPRESENTATION_ITEM('') SURFACE() );
#8988 = CARTESIAN_POINT('',(-0.865710678119,-0.370710678119,
    -0.333578643763));
#8989 = CARTESIAN_POINT('',(-0.889280904158,-0.394280904158,
    -0.380719095842));
#8990 = CARTESIAN_POINT('',(-0.936421356237,-0.370710678119,
    -0.404289321881));
#8991 = CARTESIAN_POINT('',(-0.884384955139,-0.389384955139,
    -0.296230090357));
#8992 = CARTESIAN_POINT('',(-0.90916837361,-0.429084736368,
    -0.36083162639));
#8993 = CARTESIAN_POINT('',(-0.973769909643,-0.389384955139,
    -0.385615044861));
#8994 = CARTESIAN_POINT('',(-0.895,-0.41504601546,-0.275000001648));
#8995 = CARTESIAN_POINT('',(-0.895052861973,-0.445354902312,
    -0.374947138023));
#8996 = CARTESIAN_POINT('',(-0.994999998352,-0.41504601546,-0.375));
#8997 = CARTESIAN_POINT('',(-0.895,-0.441421356237,-0.275));
#8998 = CARTESIAN_POINT('',(-0.895,-0.441421356237,-0.375));
#8999 = CARTESIAN_POINT('',(-0.995,-0.441421356237,-0.375));
#9000 = ADVANCED_FACE('',(#9001),#9013,.F.);
#9001 = FACE_BOUND('',#9002,.F.);
#9002 = EDGE_LOOP('',(#9003,#9004,#9011,#9012));
#9003 = ORIENTED_EDGE('',*,*,#8270,.T.);
#9004 = ORIENTED_EDGE('',*,*,#9005,.T.);
#9005 = EDGE_CURVE('',#8273,#8241,#9006,.T.);
#9006 = CIRCLE('',#9007,1.E-01);
#9007 = AXIS2_PLACEMENT_3D('',#9008,#9009,#9010);
#9008 = CARTESIAN_POINT('',(-0.995,-6.89,0.275));
#9009 = DIRECTION('',(0.,1.,0.));
#9010 = DIRECTION('',(0.,-0.,1.));
#9011 = ORIENTED_EDGE('',*,*,#8248,.T.);
#9012 = ORIENTED_EDGE('',*,*,#8895,.F.);
#9013 = CYLINDRICAL_SURFACE('',#9014,1.E-01);
#9014 = AXIS2_PLACEMENT_3D('',#9015,#9016,#9017);
#9015 = CARTESIAN_POINT('',(-0.995,-6.99,0.275));
#9016 = DIRECTION('',(0.,-1.,0.));
#9017 = DIRECTION('',(0.,0.,-1.));
#9018 = ADVANCED_FACE('',(#9019),#9031,.T.);
#9019 = FACE_BOUND('',#9020,.T.);
#9020 = EDGE_LOOP('',(#9021,#9022,#9023,#9030));
#9021 = ORIENTED_EDGE('',*,*,#8888,.T.);
#9022 = ORIENTED_EDGE('',*,*,#8296,.F.);
#9023 = ORIENTED_EDGE('',*,*,#9024,.F.);
#9024 = EDGE_CURVE('',#8471,#8289,#9025,.T.);
#9025 = ( BOUNDED_CURVE() B_SPLINE_CURVE(3,(#9026,#9027,#9028,#9029),
.UNSPECIFIED.,.F.,.F.) B_SPLINE_CURVE_WITH_KNOTS((4,4),(5.497787143782,
6.28318530718),.PIECEWISE_BEZIER_KNOTS.) CURVE() 
GEOMETRIC_REPRESENTATION_ITEM() RATIONAL_B_SPLINE_CURVE((1.,
0.949253021674,0.949253021674,1.)) REPRESENTATION_ITEM('') );
#9026 = CARTESIAN_POINT('',(-1.603578643763,-0.370710678119,
    0.404289321881));
#9027 = CARTESIAN_POINT('',(-1.565570084205,-0.389714957898,
    0.385285042102));
#9028 = CARTESIAN_POINT('',(-1.545,-0.414545246031,0.375));
#9029 = CARTESIAN_POINT('',(-1.545,-0.441421356237,0.375));
#9030 = ORIENTED_EDGE('',*,*,#8468,.F.);
#9031 = CYLINDRICAL_SURFACE('',#9032,1.E-01);
#9032 = AXIS2_PLACEMENT_3D('',#9033,#9034,#9035);
#9033 = CARTESIAN_POINT('',(-0.895,-0.441421356237,0.475));
#9034 = DIRECTION('',(-1.,0.,0.));
#9035 = DIRECTION('',(0.,0.,1.));
#9036 = ADVANCED_FACE('',(#9037),#9049,.F.);
#9037 = FACE_BOUND('',#9038,.F.);
#9038 = EDGE_LOOP('',(#9039,#9040,#9047,#9048));
#9039 = ORIENTED_EDGE('',*,*,#8428,.T.);
#9040 = ORIENTED_EDGE('',*,*,#9041,.T.);
#9041 = EDGE_CURVE('',#8431,#8471,#9042,.T.);
#9042 = CIRCLE('',#9043,0.1);
#9043 = AXIS2_PLACEMENT_3D('',#9044,#9045,#9046);
#9044 = CARTESIAN_POINT('',(-1.603578643763,-0.3,0.333578643763));
#9045 = DIRECTION('',(-0.57735026919,0.57735026919,0.57735026919));
#9046 = DIRECTION('',(-2.775557561563E-17,-0.707106781187,0.707106781187
    ));
#9047 = ORIENTED_EDGE('',*,*,#8478,.T.);
#9048 = ORIENTED_EDGE('',*,*,#8922,.F.);
#9049 = CYLINDRICAL_SURFACE('',#9050,1.E-01);
#9050 = AXIS2_PLACEMENT_3D('',#9051,#9052,#9053);
#9051 = CARTESIAN_POINT('',(-1.316192881254,-0.587385762508,
    4.619288125423E-02));
#9052 = DIRECTION('',(0.57735026919,-0.57735026919,-0.57735026919));
#9053 = DIRECTION('',(0.707106781187,0.707106781187,-4.163336342344E-16)
  );
#9054 = ADVANCED_FACE('',(#9055),#9073,.T.);
#9055 = FACE_BOUND('',#9056,.T.);
#9056 = EDGE_LOOP('',(#9057,#9064,#9065,#9072));
#9057 = ORIENTED_EDGE('',*,*,#9058,.F.);
#9058 = EDGE_CURVE('',#8439,#8169,#9059,.T.);
#9059 = ( BOUNDED_CURVE() B_SPLINE_CURVE(3,(#9060,#9061,#9062,#9063),
.UNSPECIFIED.,.F.,.F.) B_SPLINE_CURVE_WITH_KNOTS((4,4),(2.356194490192,
3.14159265359),.PIECEWISE_BEZIER_KNOTS.) CURVE() 
GEOMETRIC_REPRESENTATION_ITEM() RATIONAL_B_SPLINE_CURVE((1.,
0.949253021674,0.949253021674,1.)) REPRESENTATION_ITEM('') );
#9060 = CARTESIAN_POINT('',(-1.674289321881,-0.370710678119,
    -0.333578643763));
#9061 = CARTESIAN_POINT('',(-1.655285042102,-0.389714957898,
    -0.295570084205));
#9062 = CARTESIAN_POINT('',(-1.645,-0.414545246031,-0.275));
#9063 = CARTESIAN_POINT('',(-1.645,-0.441421356237,-0.275));
#9064 = ORIENTED_EDGE('',*,*,#8438,.F.);
#9065 = ORIENTED_EDGE('',*,*,#9066,.F.);
#9066 = EDGE_CURVE('',#8151,#8431,#9067,.T.);
#9067 = ( BOUNDED_CURVE() B_SPLINE_CURVE(3,(#9068,#9069,#9070,#9071),
.UNSPECIFIED.,.F.,.F.) B_SPLINE_CURVE_WITH_KNOTS((4,4),(
8.352389719038E-49,0.785398163397),.PIECEWISE_BEZIER_KNOTS.) CURVE() 
GEOMETRIC_REPRESENTATION_ITEM() RATIONAL_B_SPLINE_CURVE((1.,
0.949253021674,0.949253021674,1.)) REPRESENTATION_ITEM('') );
#9068 = CARTESIAN_POINT('',(-1.645,-0.441421356237,0.275));
#9069 = CARTESIAN_POINT('',(-1.645,-0.414545246031,0.275));
#9070 = CARTESIAN_POINT('',(-1.655285042102,-0.389714957898,
    0.295570084205));
#9071 = CARTESIAN_POINT('',(-1.674289321881,-0.370710678119,
    0.333578643763));
#9072 = ORIENTED_EDGE('',*,*,#8176,.F.);
#9073 = CYLINDRICAL_SURFACE('',#9074,0.1);
#9074 = AXIS2_PLACEMENT_3D('',#9075,#9076,#9077);
#9075 = CARTESIAN_POINT('',(-1.745,-0.441421356237,-0.375));
#9076 = DIRECTION('',(2.891205793295E-16,1.021115268026E-32,-1.));
#9077 = DIRECTION('',(-1.,-2.583222581222E-48,-2.891205793295E-16));
#9078 = ADVANCED_FACE('',(#9079),#9091,.F.);
#9079 = FACE_BOUND('',#9080,.F.);
#9080 = EDGE_LOOP('',(#9081,#9082,#9089,#9090));
#9081 = ORIENTED_EDGE('',*,*,#8350,.T.);
#9082 = ORIENTED_EDGE('',*,*,#9083,.T.);
#9083 = EDGE_CURVE('',#8353,#8439,#9084,.T.);
#9084 = CIRCLE('',#9085,0.1);
#9085 = AXIS2_PLACEMENT_3D('',#9086,#9087,#9088);
#9086 = CARTESIAN_POINT('',(-1.603578643763,-0.3,-0.333578643763));
#9087 = DIRECTION('',(-0.57735026919,0.57735026919,-0.57735026919));
#9088 = DIRECTION('',(2.775557561563E-17,0.707106781187,0.707106781187)
  );
#9089 = ORIENTED_EDGE('',*,*,#8446,.T.);
#9090 = ORIENTED_EDGE('',*,*,#8948,.F.);
#9091 = CYLINDRICAL_SURFACE('',#9092,1.E-01);
#9092 = AXIS2_PLACEMENT_3D('',#9093,#9094,#9095);
#9093 = CARTESIAN_POINT('',(-1.739526214588,-0.164052429175,
    -0.469526214588));
#9094 = DIRECTION('',(0.57735026919,-0.57735026919,0.57735026919));
#9095 = DIRECTION('',(-1.110223024625E-16,-0.707106781187,
    -0.707106781187));
#9096 = ADVANCED_FACE('',(#9097),#9109,.T.);
#9097 = FACE_BOUND('',#9098,.T.);
#9098 = EDGE_LOOP('',(#9099,#9100,#9101,#9108));
#9099 = ORIENTED_EDGE('',*,*,#8979,.T.);
#9100 = ORIENTED_EDGE('',*,*,#8360,.F.);
#9101 = ORIENTED_EDGE('',*,*,#9102,.F.);
#9102 = EDGE_CURVE('',#8191,#8353,#9103,.T.);
#9103 = ( BOUNDED_CURVE() B_SPLINE_CURVE(3,(#9104,#9105,#9106,#9107),
.UNSPECIFIED.,.F.,.F.) B_SPLINE_CURVE_WITH_KNOTS((4,4),(3.14159265359,
3.926990816987),.PIECEWISE_BEZIER_KNOTS.) CURVE() 
GEOMETRIC_REPRESENTATION_ITEM() RATIONAL_B_SPLINE_CURVE((1.,
0.949253021674,0.949253021674,1.)) REPRESENTATION_ITEM('') );
#9104 = CARTESIAN_POINT('',(-1.545,-0.441421356237,-0.375));
#9105 = CARTESIAN_POINT('',(-1.545,-0.414545246031,-0.375));
#9106 = CARTESIAN_POINT('',(-1.565570084205,-0.389714957898,
    -0.385285042102));
#9107 = CARTESIAN_POINT('',(-1.603578643763,-0.370710678119,
    -0.404289321881));
#9108 = ORIENTED_EDGE('',*,*,#8216,.F.);
#9109 = CYLINDRICAL_SURFACE('',#9110,1.E-01);
#9110 = AXIS2_PLACEMENT_3D('',#9111,#9112,#9113);
#9111 = CARTESIAN_POINT('',(-0.895,-0.441421356237,-0.475));
#9112 = DIRECTION('',(1.,0.,0.));
#9113 = DIRECTION('',(0.,0.,-1.));
#9114 = ADVANCED_FACE('',(#9115),#9127,.F.);
#9115 = FACE_BOUND('',#9116,.F.);
#9116 = EDGE_LOOP('',(#9117,#9118,#9125,#9126));
#9117 = ORIENTED_EDGE('',*,*,#8230,.T.);
#9118 = ORIENTED_EDGE('',*,*,#9119,.T.);
#9119 = EDGE_CURVE('',#8233,#8201,#9120,.T.);
#9120 = CIRCLE('',#9121,1.E-01);
#9121 = AXIS2_PLACEMENT_3D('',#9122,#9123,#9124);
#9122 = CARTESIAN_POINT('',(-0.995,-6.89,-0.275));
#9123 = DIRECTION('',(-0.,1.,0.));
#9124 = DIRECTION('',(0.,0.,1.));
#9125 = ORIENTED_EDGE('',*,*,#8208,.T.);
#9126 = ORIENTED_EDGE('',*,*,#8972,.F.);
#9127 = CYLINDRICAL_SURFACE('',#9128,1.E-01);
#9128 = AXIS2_PLACEMENT_3D('',#9129,#9130,#9131);
#9129 = CARTESIAN_POINT('',(-0.995,-6.99,-0.275));
#9130 = DIRECTION('',(0.,-1.,0.));
#9131 = DIRECTION('',(0.,0.,-1.));
#9132 = ADVANCED_FACE('',(#9133),#9151,.F.);
#9133 = FACE_BOUND('',#9134,.F.);
#9134 = EDGE_LOOP('',(#9135,#9136,#9143,#9144));
#9135 = ORIENTED_EDGE('',*,*,#8336,.T.);
#9136 = ORIENTED_EDGE('',*,*,#9137,.T.);
#9137 = EDGE_CURVE('',#8311,#8233,#9138,.T.);
#9138 = CIRCLE('',#9139,0.1);
#9139 = AXIS2_PLACEMENT_3D('',#9140,#9141,#9142);
#9140 = CARTESIAN_POINT('',(-0.995,-6.89,-0.275));
#9141 = DIRECTION('',(-5.421010862428E-16,0.,1.));
#9142 = DIRECTION('',(1.,0.,5.421010862428E-16));
#9143 = ORIENTED_EDGE('',*,*,#8240,.T.);
#9144 = ORIENTED_EDGE('',*,*,#9145,.T.);
#9145 = EDGE_CURVE('',#8241,#8329,#9146,.T.);
#9146 = CIRCLE('',#9147,0.1);
#9147 = AXIS2_PLACEMENT_3D('',#9148,#9149,#9150);
#9148 = CARTESIAN_POINT('',(-0.995,-6.89,0.275));
#9149 = DIRECTION('',(5.421010862428E-16,0.,-1.));
#9150 = DIRECTION('',(-1.,0.,-5.421010862428E-16));
#9151 = CYLINDRICAL_SURFACE('',#9152,0.1);
#9152 = AXIS2_PLACEMENT_3D('',#9153,#9154,#9155);
#9153 = CARTESIAN_POINT('',(-0.995,-6.89,-0.375));
#9154 = DIRECTION('',(2.891205793295E-16,0.,-1.));
#9155 = DIRECTION('',(-1.,0.,-2.891205793295E-16));
#9156 = ADVANCED_FACE('',(#9157),#9168,.F.);
#9157 = FACE_BOUND('',#9158,.F.);
#9158 = EDGE_LOOP('',(#9159,#9166,#9167));
#9159 = ORIENTED_EDGE('',*,*,#9160,.T.);
#9160 = EDGE_CURVE('',#8273,#8329,#9161,.T.);
#9161 = CIRCLE('',#9162,1.E-01);
#9162 = AXIS2_PLACEMENT_3D('',#9163,#9164,#9165);
#9163 = CARTESIAN_POINT('',(-0.995,-6.89,0.275));
#9164 = DIRECTION('',(1.,0.,-0.));
#9165 = DIRECTION('',(0.,0.,1.));
#9166 = ORIENTED_EDGE('',*,*,#9145,.F.);
#9167 = ORIENTED_EDGE('',*,*,#9005,.F.);
#9168 = SPHERICAL_SURFACE('',#9169,0.1);
#9169 = AXIS2_PLACEMENT_3D('',#9170,#9171,#9172);
#9170 = CARTESIAN_POINT('',(-0.995,-6.89,0.275));
#9171 = DIRECTION('',(0.,1.,0.));
#9172 = DIRECTION('',(1.,0.,0.));
#9173 = ADVANCED_FACE('',(#9174),#9186,.F.);
#9174 = FACE_BOUND('',#9175,.F.);
#9175 = EDGE_LOOP('',(#9176,#9177,#9184,#9185));
#9176 = ORIENTED_EDGE('',*,*,#9066,.F.);
#9177 = ORIENTED_EDGE('',*,*,#9178,.T.);
#9178 = EDGE_CURVE('',#8151,#8289,#9179,.T.);
#9179 = CIRCLE('',#9180,1.E-01);
#9180 = AXIS2_PLACEMENT_3D('',#9181,#9182,#9183);
#9181 = CARTESIAN_POINT('',(-1.545,-0.441421356237,0.275));
#9182 = DIRECTION('',(0.,1.,0.));
#9183 = DIRECTION('',(0.,-0.,-1.));
#9184 = ORIENTED_EDGE('',*,*,#9024,.F.);
#9185 = ORIENTED_EDGE('',*,*,#9041,.F.);
#9186 = ( BOUNDED_SURFACE() B_SPLINE_SURFACE(3,2,(
    (#9187,#9188,#9189)
    ,(#9190,#9191,#9192)
    ,(#9193,#9194,#9195)
    ,(#9196,#9197,#9198
)),.UNSPECIFIED.,.F.,.F.,.F.) B_SPLINE_SURFACE_WITH_KNOTS((4,4),(3,3),(
    5.497787143782,6.28318530718),(0.,1.),.PIECEWISE_BEZIER_KNOTS.) 
GEOMETRIC_REPRESENTATION_ITEM() RATIONAL_B_SPLINE_SURFACE((
    (1.,0.866025403784,1.)
    ,(1.,0.789912529782,1.)
    ,(1.,0.705078927486,1.)
,(1.,0.707106781187,1.))) REPRESENTATION_ITEM('') SURFACE() );
#9187 = CARTESIAN_POINT('',(-1.674289321881,-0.370710678119,
    0.333578643763));
#9188 = CARTESIAN_POINT('',(-1.650719095842,-0.394280904158,
    0.380719095842));
#9189 = CARTESIAN_POINT('',(-1.603578643763,-0.370710678119,
    0.404289321881));
#9190 = CARTESIAN_POINT('',(-1.655615044861,-0.389384955139,
    0.296230090357));
#9191 = CARTESIAN_POINT('',(-1.63083162641,-0.429084736333,0.36083162641
    ));
#9192 = CARTESIAN_POINT('',(-1.566230090357,-0.389384955139,
    0.385615044861));
#9193 = CARTESIAN_POINT('',(-1.645,-0.41504601546,0.275000001648));
#9194 = CARTESIAN_POINT('',(-1.644947137997,-0.44535490234,
    0.374947137978));
#9195 = CARTESIAN_POINT('',(-1.545000001648,-0.41504601546,0.375));
#9196 = CARTESIAN_POINT('',(-1.645,-0.441421356237,0.275));
#9197 = CARTESIAN_POINT('',(-1.645,-0.441421356237,0.375));
#9198 = CARTESIAN_POINT('',(-1.545,-0.441421356237,0.375));
#9199 = ADVANCED_FACE('',(#9200),#9212,.F.);
#9200 = FACE_BOUND('',#9201,.F.);
#9201 = EDGE_LOOP('',(#9202,#9203,#9210,#9211));
#9202 = ORIENTED_EDGE('',*,*,#9102,.F.);
#9203 = ORIENTED_EDGE('',*,*,#9204,.T.);
#9204 = EDGE_CURVE('',#8191,#8169,#9205,.T.);
#9205 = CIRCLE('',#9206,1.E-01);
#9206 = AXIS2_PLACEMENT_3D('',#9207,#9208,#9209);
#9207 = CARTESIAN_POINT('',(-1.545,-0.441421356237,-0.275));
#9208 = DIRECTION('',(0.,1.,0.));
#9209 = DIRECTION('',(0.,0.,-1.));
#9210 = ORIENTED_EDGE('',*,*,#9058,.F.);
#9211 = ORIENTED_EDGE('',*,*,#9083,.F.);
#9212 = ( BOUNDED_SURFACE() B_SPLINE_SURFACE(3,2,(
    (#9213,#9214,#9215)
    ,(#9216,#9217,#9218)
    ,(#9219,#9220,#9221)
    ,(#9222,#9223,#9224
)),.UNSPECIFIED.,.F.,.F.,.F.) B_SPLINE_SURFACE_WITH_KNOTS((4,4),(3,3),(
    2.356194490192,3.14159265359),(0.,1.),.PIECEWISE_BEZIER_KNOTS.) 
GEOMETRIC_REPRESENTATION_ITEM() RATIONAL_B_SPLINE_SURFACE((
    (1.,0.866025403784,1.)
    ,(1.,0.789912529782,1.)
    ,(1.,0.705078927486,1.)
,(1.,0.707106781187,1.))) REPRESENTATION_ITEM('') SURFACE() );
#9213 = CARTESIAN_POINT('',(-1.603578643763,-0.370710678119,
    -0.404289321881));
#9214 = CARTESIAN_POINT('',(-1.650719095842,-0.394280904158,
    -0.380719095842));
#9215 = CARTESIAN_POINT('',(-1.674289321881,-0.370710678119,
    -0.333578643763));
#9216 = CARTESIAN_POINT('',(-1.566230090357,-0.389384955139,
    -0.385615044861));
#9217 = CARTESIAN_POINT('',(-1.630831626406,-0.429084736341,
    -0.360831626406));
#9218 = CARTESIAN_POINT('',(-1.655615044861,-0.389384955139,
    -0.296230090357));
#9219 = CARTESIAN_POINT('',(-1.545000001648,-0.41504601546,-0.375));
#9220 = CARTESIAN_POINT('',(-1.644947138006,-0.445354902334,
    -0.374947137987));
#9221 = CARTESIAN_POINT('',(-1.645,-0.41504601546,-0.275000001648));
#9222 = CARTESIAN_POINT('',(-1.545,-0.441421356237,-0.375));
#9223 = CARTESIAN_POINT('',(-1.645,-0.441421356237,-0.375));
#9224 = CARTESIAN_POINT('',(-1.645,-0.441421356237,-0.275));
#9225 = ADVANCED_FACE('',(#9226),#9237,.F.);
#9226 = FACE_BOUND('',#9227,.F.);
#9227 = EDGE_LOOP('',(#9228,#9235,#9236));
#9228 = ORIENTED_EDGE('',*,*,#9229,.T.);
#9229 = EDGE_CURVE('',#8311,#8201,#9230,.T.);
#9230 = CIRCLE('',#9231,1.E-01);
#9231 = AXIS2_PLACEMENT_3D('',#9232,#9233,#9234);
#9232 = CARTESIAN_POINT('',(-0.995,-6.89,-0.275));
#9233 = DIRECTION('',(1.,0.,-0.));
#9234 = DIRECTION('',(0.,0.,1.));
#9235 = ORIENTED_EDGE('',*,*,#9119,.F.);
#9236 = ORIENTED_EDGE('',*,*,#9137,.F.);
#9237 = SPHERICAL_SURFACE('',#9238,0.1);
#9238 = AXIS2_PLACEMENT_3D('',#9239,#9240,#9241);
#9239 = CARTESIAN_POINT('',(-0.995,-6.89,-0.275));
#9240 = DIRECTION('',(0.,1.,0.));
#9241 = DIRECTION('',(1.,0.,0.));
#9242 = ADVANCED_FACE('',(#9243),#9255,.F.);
#9243 = FACE_BOUND('',#9244,.F.);
#9244 = EDGE_LOOP('',(#9245,#9246,#9253,#9254));
#9245 = ORIENTED_EDGE('',*,*,#8280,.T.);
#9246 = ORIENTED_EDGE('',*,*,#9247,.T.);
#9247 = EDGE_CURVE('',#8281,#8321,#9248,.T.);
#9248 = CIRCLE('',#9249,1.E-01);
#9249 = AXIS2_PLACEMENT_3D('',#9250,#9251,#9252);
#9250 = CARTESIAN_POINT('',(-1.545,-6.89,0.275));
#9251 = DIRECTION('',(1.,0.,0.));
#9252 = DIRECTION('',(0.,-0.,-1.));
#9253 = ORIENTED_EDGE('',*,*,#8328,.T.);
#9254 = ORIENTED_EDGE('',*,*,#9160,.F.);
#9255 = CYLINDRICAL_SURFACE('',#9256,1.E-01);
#9256 = AXIS2_PLACEMENT_3D('',#9257,#9258,#9259);
#9257 = CARTESIAN_POINT('',(-0.895,-6.89,0.275));
#9258 = DIRECTION('',(1.,0.,0.));
#9259 = DIRECTION('',(0.,0.,-1.));
#9260 = ADVANCED_FACE('',(#9261),#9273,.F.);
#9261 = FACE_BOUND('',#9262,.F.);
#9262 = EDGE_LOOP('',(#9263,#9264,#9271,#9272));
#9263 = ORIENTED_EDGE('',*,*,#8150,.T.);
#9264 = ORIENTED_EDGE('',*,*,#9265,.T.);
#9265 = EDGE_CURVE('',#8153,#8281,#9266,.T.);
#9266 = CIRCLE('',#9267,1.E-01);
#9267 = AXIS2_PLACEMENT_3D('',#9268,#9269,#9270);
#9268 = CARTESIAN_POINT('',(-1.545,-6.89,0.275));
#9269 = DIRECTION('',(0.,1.,-0.));
#9270 = DIRECTION('',(0.,0.,1.));
#9271 = ORIENTED_EDGE('',*,*,#8288,.T.);
#9272 = ORIENTED_EDGE('',*,*,#9178,.F.);
#9273 = CYLINDRICAL_SURFACE('',#9274,1.E-01);
#9274 = AXIS2_PLACEMENT_3D('',#9275,#9276,#9277);
#9275 = CARTESIAN_POINT('',(-1.545,-6.99,0.275));
#9276 = DIRECTION('',(0.,-1.,0.));
#9277 = DIRECTION('',(0.,0.,-1.));
#9278 = ADVANCED_FACE('',(#9279),#9291,.F.);
#9279 = FACE_BOUND('',#9280,.F.);
#9280 = EDGE_LOOP('',(#9281,#9282,#9289,#9290));
#9281 = ORIENTED_EDGE('',*,*,#8190,.T.);
#9282 = ORIENTED_EDGE('',*,*,#9283,.T.);
#9283 = EDGE_CURVE('',#8193,#8161,#9284,.T.);
#9284 = CIRCLE('',#9285,1.E-01);
#9285 = AXIS2_PLACEMENT_3D('',#9286,#9287,#9288);
#9286 = CARTESIAN_POINT('',(-1.545,-6.89,-0.275));
#9287 = DIRECTION('',(0.,1.,0.));
#9288 = DIRECTION('',(0.,-0.,1.));
#9289 = ORIENTED_EDGE('',*,*,#8168,.T.);
#9290 = ORIENTED_EDGE('',*,*,#9204,.F.);
#9291 = CYLINDRICAL_SURFACE('',#9292,1.E-01);
#9292 = AXIS2_PLACEMENT_3D('',#9293,#9294,#9295);
#9293 = CARTESIAN_POINT('',(-1.545,-6.99,-0.275));
#9294 = DIRECTION('',(0.,-1.,0.));
#9295 = DIRECTION('',(0.,0.,-1.));
#9296 = ADVANCED_FACE('',(#9297),#9309,.F.);
#9297 = FACE_BOUND('',#9298,.F.);
#9298 = EDGE_LOOP('',(#9299,#9300,#9307,#9308));
#9299 = ORIENTED_EDGE('',*,*,#8310,.T.);
#9300 = ORIENTED_EDGE('',*,*,#9301,.T.);
#9301 = EDGE_CURVE('',#8313,#8193,#9302,.T.);
#9302 = CIRCLE('',#9303,1.E-01);
#9303 = AXIS2_PLACEMENT_3D('',#9304,#9305,#9306);
#9304 = CARTESIAN_POINT('',(-1.545,-6.89,-0.275));
#9305 = DIRECTION('',(1.,0.,0.));
#9306 = DIRECTION('',(0.,0.,-1.));
#9307 = ORIENTED_EDGE('',*,*,#8200,.T.);
#9308 = ORIENTED_EDGE('',*,*,#9229,.F.);
#9309 = CYLINDRICAL_SURFACE('',#9310,1.E-01);
#9310 = AXIS2_PLACEMENT_3D('',#9311,#9312,#9313);
#9311 = CARTESIAN_POINT('',(-0.895,-6.89,-0.275));
#9312 = DIRECTION('',(-1.,0.,0.));
#9313 = DIRECTION('',(0.,0.,1.));
#9314 = ADVANCED_FACE('',(#9315),#9326,.F.);
#9315 = FACE_BOUND('',#9316,.F.);
#9316 = EDGE_LOOP('',(#9317,#9324,#9325));
#9317 = ORIENTED_EDGE('',*,*,#9318,.T.);
#9318 = EDGE_CURVE('',#8153,#8321,#9319,.T.);
#9319 = CIRCLE('',#9320,0.1);
#9320 = AXIS2_PLACEMENT_3D('',#9321,#9322,#9323);
#9321 = CARTESIAN_POINT('',(-1.545,-6.89,0.275));
#9322 = DIRECTION('',(-5.421010862428E-16,-0.,1.));
#9323 = DIRECTION('',(-1.,0.,-5.421010862428E-16));
#9324 = ORIENTED_EDGE('',*,*,#9247,.F.);
#9325 = ORIENTED_EDGE('',*,*,#9265,.F.);
#9326 = SPHERICAL_SURFACE('',#9327,0.1);
#9327 = AXIS2_PLACEMENT_3D('',#9328,#9329,#9330);
#9328 = CARTESIAN_POINT('',(-1.545,-6.89,0.275));
#9329 = DIRECTION('',(0.,1.,0.));
#9330 = DIRECTION('',(1.,0.,0.));
#9331 = ADVANCED_FACE('',(#9332),#9343,.F.);
#9332 = FACE_BOUND('',#9333,.F.);
#9333 = EDGE_LOOP('',(#9334,#9341,#9342));
#9334 = ORIENTED_EDGE('',*,*,#9335,.T.);
#9335 = EDGE_CURVE('',#8313,#8161,#9336,.T.);
#9336 = CIRCLE('',#9337,0.1);
#9337 = AXIS2_PLACEMENT_3D('',#9338,#9339,#9340);
#9338 = CARTESIAN_POINT('',(-1.545,-6.89,-0.275));
#9339 = DIRECTION('',(5.421010862428E-16,0.,-1.));
#9340 = DIRECTION('',(1.,0.,5.421010862428E-16));
#9341 = ORIENTED_EDGE('',*,*,#9283,.F.);
#9342 = ORIENTED_EDGE('',*,*,#9301,.F.);
#9343 = SPHERICAL_SURFACE('',#9344,0.1);
#9344 = AXIS2_PLACEMENT_3D('',#9345,#9346,#9347);
#9345 = CARTESIAN_POINT('',(-1.545,-6.89,-0.275));
#9346 = DIRECTION('',(0.,1.,0.));
#9347 = DIRECTION('',(1.,0.,0.));
#9348 = ADVANCED_FACE('',(#9349),#9355,.F.);
#9349 = FACE_BOUND('',#9350,.F.);
#9350 = EDGE_LOOP('',(#9351,#9352,#9353,#9354));
#9351 = ORIENTED_EDGE('',*,*,#8160,.T.);
#9352 = ORIENTED_EDGE('',*,*,#9335,.F.);
#9353 = ORIENTED_EDGE('',*,*,#8320,.T.);
#9354 = ORIENTED_EDGE('',*,*,#9318,.F.);
#9355 = CYLINDRICAL_SURFACE('',#9356,0.1);
#9356 = AXIS2_PLACEMENT_3D('',#9357,#9358,#9359);
#9357 = CARTESIAN_POINT('',(-1.545,-6.89,-0.375));
#9358 = DIRECTION('',(-2.891205793295E-16,0.,1.));
#9359 = DIRECTION('',(1.,0.,2.891205793295E-16));
#9360 = ADVANCED_FACE('',(#9361),#9379,.T.);
#9361 = FACE_BOUND('',#9362,.T.);
#9362 = EDGE_LOOP('',(#9363,#9370,#9371,#9378));
#9363 = ORIENTED_EDGE('',*,*,#9364,.F.);
#9364 = EDGE_CURVE('',#7357,#8053,#9365,.T.);
#9365 = CIRCLE('',#9366,1.E-01);
#9366 = AXIS2_PLACEMENT_3D('',#9367,#9368,#9369);
#9367 = CARTESIAN_POINT('',(0.453578643763,-0.1,-0.675));
#9368 = DIRECTION('',(0.,0.,-1.));
#9369 = DIRECTION('',(-1.,0.,0.));
#9370 = ORIENTED_EDGE('',*,*,#7356,.F.);
#9371 = ORIENTED_EDGE('',*,*,#9372,.F.);
#9372 = EDGE_CURVE('',#8035,#7348,#9373,.T.);
#9373 = CIRCLE('',#9374,1.E-01);
#9374 = AXIS2_PLACEMENT_3D('',#9375,#9376,#9377);
#9375 = CARTESIAN_POINT('',(0.453578643763,-1.E-01,0.675));
#9376 = DIRECTION('',(0.,-0.,1.));
#9377 = DIRECTION('',(1.,0.,0.));
#9378 = ORIENTED_EDGE('',*,*,#8060,.F.);
#9379 = CYLINDRICAL_SURFACE('',#9380,1.E-01);
#9380 = AXIS2_PLACEMENT_3D('',#9381,#9382,#9383);
#9381 = CARTESIAN_POINT('',(0.453578643763,-0.1,-1.311389202561E-16));
#9382 = DIRECTION('',(-2.891205793295E-16,0.,-1.));
#9383 = DIRECTION('',(-1.,0.,2.891205793295E-16));
#9384 = ADVANCED_FACE('',(#9385),#9403,.T.);
#9385 = FACE_BOUND('',#9386,.T.);
#9386 = EDGE_LOOP('',(#9387,#9388,#9389,#9396));
#9387 = ORIENTED_EDGE('',*,*,#9372,.T.);
#9388 = ORIENTED_EDGE('',*,*,#7347,.T.);
#9389 = ORIENTED_EDGE('',*,*,#9390,.F.);
#9390 = EDGE_CURVE('',#8113,#7340,#9391,.T.);
#9391 = CIRCLE('',#9392,0.1);
#9392 = AXIS2_PLACEMENT_3D('',#9393,#9394,#9395);
#9393 = CARTESIAN_POINT('',(0.595,-0.1,0.816421356237));
#9394 = DIRECTION('',(1.,0.,-0.));
#9395 = DIRECTION('',(0.,-2.710505431214E-15,1.));
#9396 = ORIENTED_EDGE('',*,*,#9397,.F.);
#9397 = EDGE_CURVE('',#8035,#8113,#9398,.T.);
#9398 = ( BOUNDED_CURVE() B_SPLINE_CURVE(3,(#9399,#9400,#9401,#9402),
.UNSPECIFIED.,.F.,.F.) B_SPLINE_CURVE_WITH_KNOTS((4,4),(2.617993877991,
3.665191429188),.PIECEWISE_BEZIER_KNOTS.) CURVE() 
GEOMETRIC_REPRESENTATION_ITEM() RATIONAL_B_SPLINE_CURVE((1.,
0.910683602523,0.910683602523,1.)) REPRESENTATION_ITEM('') );
#9399 = CARTESIAN_POINT('',(0.524289321881,-2.928932188135E-02,0.675));
#9400 = CARTESIAN_POINT('',(0.509346397345,-1.434639734521E-02,
    0.734771698145));
#9401 = CARTESIAN_POINT('',(0.535228301855,-1.434639734521E-02,
    0.760653602655));
#9402 = CARTESIAN_POINT('',(0.595,-2.928932188135E-02,0.745710678119));
#9403 = ( BOUNDED_SURFACE() B_SPLINE_SURFACE(3,2,(
    (#9404,#9405,#9406)
    ,(#9407,#9408,#9409)
    ,(#9410,#9411,#9412)
    ,(#9413,#9414,#9415
)),.UNSPECIFIED.,.F.,.F.,.F.) B_SPLINE_SURFACE_WITH_KNOTS((4,4),(3,3),(
    2.617993877991,3.665191429188),(0.,1.),.PIECEWISE_BEZIER_KNOTS.) 
GEOMETRIC_REPRESENTATION_ITEM() RATIONAL_B_SPLINE_SURFACE((
    (1.,0.923879532511,1.)
    ,(1.,0.962692727824,1.)
    ,(1.,0.962692727824,1.)
,(1.,0.923879532511,1.))) REPRESENTATION_ITEM('') SURFACE() );
#9404 = CARTESIAN_POINT('',(0.453578643763,1.355252715607E-17,0.675));
#9405 = CARTESIAN_POINT('',(0.495,0.,0.675));
#9406 = CARTESIAN_POINT('',(0.524289321881,-2.928932188135E-02,0.675));
#9407 = CARTESIAN_POINT('',(0.453578645472,1.355252715607E-17,
    0.762000068642));
#9408 = CARTESIAN_POINT('',(0.483424579947,4.544794139599E-15,
    0.742467047315));
#9409 = CARTESIAN_POINT('',(0.509765500435,-1.476550043494E-02,
    0.733095288353));
#9410 = CARTESIAN_POINT('',(0.507999931358,0.,0.816421354528));
#9411 = CARTESIAN_POINT('',(0.527532952685,5.085788352737E-15,
    0.786575420053));
#9412 = CARTESIAN_POINT('',(0.536904711647,-1.476550043493E-02,
    0.760234499565));
#9413 = CARTESIAN_POINT('',(0.595,0.,0.816421356237));
#9414 = CARTESIAN_POINT('',(0.595,-2.710505431214E-17,0.775));
#9415 = CARTESIAN_POINT('',(0.595,-2.928932188135E-02,0.745710678119));
#9416 = ADVANCED_FACE('',(#9417),#9435,.T.);
#9417 = FACE_BOUND('',#9418,.T.);
#9418 = EDGE_LOOP('',(#9419,#9420,#9421,#9428));
#9419 = ORIENTED_EDGE('',*,*,#7364,.T.);
#9420 = ORIENTED_EDGE('',*,*,#9364,.T.);
#9421 = ORIENTED_EDGE('',*,*,#9422,.F.);
#9422 = EDGE_CURVE('',#7995,#8053,#9423,.T.);
#9423 = ( BOUNDED_CURVE() B_SPLINE_CURVE(3,(#9424,#9425,#9426,#9427),
.UNSPECIFIED.,.F.,.F.) B_SPLINE_CURVE_WITH_KNOTS((4,4),(2.617993877991,
3.665191429188),.PIECEWISE_BEZIER_KNOTS.) CURVE() 
GEOMETRIC_REPRESENTATION_ITEM() RATIONAL_B_SPLINE_CURVE((1.,
0.910683602523,0.910683602523,1.)) REPRESENTATION_ITEM('') );
#9424 = CARTESIAN_POINT('',(0.595,-2.928932188135E-02,-0.745710678119));
#9425 = CARTESIAN_POINT('',(0.535228301855,-1.434639734521E-02,
    -0.760653602655));
#9426 = CARTESIAN_POINT('',(0.509346397345,-1.434639734521E-02,
    -0.734771698145));
#9427 = CARTESIAN_POINT('',(0.524289321881,-2.928932188135E-02,-0.675));
#9428 = ORIENTED_EDGE('',*,*,#9429,.F.);
#9429 = EDGE_CURVE('',#7365,#7995,#9430,.T.);
#9430 = CIRCLE('',#9431,0.1);
#9431 = AXIS2_PLACEMENT_3D('',#9432,#9433,#9434);
#9432 = CARTESIAN_POINT('',(0.595,-1.E-01,-0.816421356237));
#9433 = DIRECTION('',(1.,0.,-0.));
#9434 = DIRECTION('',(0.,-3.523657060578E-15,1.));
#9435 = ( BOUNDED_SURFACE() B_SPLINE_SURFACE(3,2,(
    (#9436,#9437,#9438)
    ,(#9439,#9440,#9441)
    ,(#9442,#9443,#9444)
    ,(#9445,#9446,#9447
)),.UNSPECIFIED.,.F.,.F.,.F.) B_SPLINE_SURFACE_WITH_KNOTS((4,4),(3,3),(
    2.617993877991,3.665191429188),(0.,1.),.PIECEWISE_BEZIER_KNOTS.) 
GEOMETRIC_REPRESENTATION_ITEM() RATIONAL_B_SPLINE_SURFACE((
    (1.,0.923879532511,1.)
    ,(1.,0.962692727824,1.)
    ,(1.,0.962692727824,1.)
,(1.,0.923879532511,1.))) REPRESENTATION_ITEM('') SURFACE() );
#9436 = CARTESIAN_POINT('',(0.595,1.355252715607E-17,-0.816421356237));
#9437 = CARTESIAN_POINT('',(0.595,4.743384504624E-17,-0.775));
#9438 = CARTESIAN_POINT('',(0.595,-2.928932188135E-02,-0.745710678119));
#9439 = CARTESIAN_POINT('',(0.507999931358,1.355252715607E-17,
    -0.816421354528));
#9440 = CARTESIAN_POINT('',(0.527532952685,4.87627761837E-15,
    -0.786575420053));
#9441 = CARTESIAN_POINT('',(0.536904711647,-1.476550043494E-02,
    -0.760234499565));
#9442 = CARTESIAN_POINT('',(0.453578645472,1.355252715607E-17,
    -0.762000068642));
#9443 = CARTESIAN_POINT('',(0.483424579947,5.106117143471E-15,
    -0.742467047315));
#9444 = CARTESIAN_POINT('',(0.509765500435,-1.476550043494E-02,
    -0.733095288353));
#9445 = CARTESIAN_POINT('',(0.453578643763,1.355252715607E-17,-0.675));
#9446 = CARTESIAN_POINT('',(0.495,-6.776263578034E-18,-0.675));
#9447 = CARTESIAN_POINT('',(0.524289321881,-2.928932188135E-02,-0.675));
#9448 = ADVANCED_FACE('',(#9449),#9455,.T.);
#9449 = FACE_BOUND('',#9450,.T.);
#9450 = EDGE_LOOP('',(#9451,#9452,#9453,#9454));
#9451 = ORIENTED_EDGE('',*,*,#9390,.T.);
#9452 = ORIENTED_EDGE('',*,*,#7339,.F.);
#9453 = ORIENTED_EDGE('',*,*,#7155,.F.);
#9454 = ORIENTED_EDGE('',*,*,#8112,.F.);
#9455 = CYLINDRICAL_SURFACE('',#9456,0.1);
#9456 = AXIS2_PLACEMENT_3D('',#9457,#9458,#9459);
#9457 = CARTESIAN_POINT('',(0.,-0.1,0.816421356237));
#9458 = DIRECTION('',(-1.,0.,0.));
#9459 = DIRECTION('',(0.,0.,1.));
#9460 = ADVANCED_FACE('',(#9461),#9473,.F.);
#9461 = FACE_BOUND('',#9462,.F.);
#9462 = EDGE_LOOP('',(#9463,#9464,#9471,#9472));
#9463 = ORIENTED_EDGE('',*,*,#8034,.T.);
#9464 = ORIENTED_EDGE('',*,*,#9465,.T.);
#9465 = EDGE_CURVE('',#8037,#8129,#9466,.T.);
#9466 = CIRCLE('',#9467,0.1);
#9467 = AXIS2_PLACEMENT_3D('',#9468,#9469,#9470);
#9468 = CARTESIAN_POINT('',(0.936421356237,-0.3,0.333578643763));
#9469 = DIRECTION('',(-0.57735026919,0.57735026919,0.57735026919));
#9470 = DIRECTION('',(-0.707106781187,-0.707106781187,
    -1.942890293094E-16));
#9471 = ORIENTED_EDGE('',*,*,#8136,.T.);
#9472 = ORIENTED_EDGE('',*,*,#9397,.F.);
#9473 = CYLINDRICAL_SURFACE('',#9474,1.E-01);
#9474 = AXIS2_PLACEMENT_3D('',#9475,#9476,#9477);
#9475 = CARTESIAN_POINT('',(0.942140452079,-0.305719095842,
    0.327859547921));
#9476 = DIRECTION('',(0.57735026919,-0.57735026919,-0.57735026919));
#9477 = DIRECTION('',(-0.707106781187,-1.110223024625E-16,
    -0.707106781187));
#9478 = ADVANCED_FACE('',(#9479),#9497,.T.);
#9479 = FACE_BOUND('',#9480,.T.);
#9480 = EDGE_LOOP('',(#9481,#9488,#9489,#9496));
#9481 = ORIENTED_EDGE('',*,*,#9482,.F.);
#9482 = EDGE_CURVE('',#8045,#7893,#9483,.T.);
#9483 = ( BOUNDED_CURVE() B_SPLINE_CURVE(3,(#9484,#9485,#9486,#9487),
.UNSPECIFIED.,.F.,.F.) B_SPLINE_CURVE_WITH_KNOTS((4,4),(5.497787143782,
6.28318530718),.PIECEWISE_BEZIER_KNOTS.) CURVE() 
GEOMETRIC_REPRESENTATION_ITEM() RATIONAL_B_SPLINE_CURVE((1.,
0.949253021674,0.949253021674,1.)) REPRESENTATION_ITEM('') );
#9484 = CARTESIAN_POINT('',(0.865710678119,-0.370710678119,
    -0.333578643763));
#9485 = CARTESIAN_POINT('',(0.884714957898,-0.389714957898,
    -0.295570084205));
#9486 = CARTESIAN_POINT('',(0.895,-0.414545246031,-0.275));
#9487 = CARTESIAN_POINT('',(0.895,-0.441421356237,-0.275));
#9488 = ORIENTED_EDGE('',*,*,#8044,.F.);
#9489 = ORIENTED_EDGE('',*,*,#9490,.F.);
#9490 = EDGE_CURVE('',#7875,#8037,#9491,.T.);
#9491 = ( BOUNDED_CURVE() B_SPLINE_CURVE(3,(#9492,#9493,#9494,#9495),
.UNSPECIFIED.,.F.,.F.) B_SPLINE_CURVE_WITH_KNOTS((4,4),(3.14159265359,
3.926990816987),.PIECEWISE_BEZIER_KNOTS.) CURVE() 
GEOMETRIC_REPRESENTATION_ITEM() RATIONAL_B_SPLINE_CURVE((1.,
0.949253021674,0.949253021674,1.)) REPRESENTATION_ITEM('') );
#9492 = CARTESIAN_POINT('',(0.895,-0.441421356237,0.275));
#9493 = CARTESIAN_POINT('',(0.895,-0.414545246031,0.275));
#9494 = CARTESIAN_POINT('',(0.884714957898,-0.389714957898,
    0.295570084205));
#9495 = CARTESIAN_POINT('',(0.865710678119,-0.370710678119,
    0.333578643763));
#9496 = ORIENTED_EDGE('',*,*,#7900,.F.);
#9497 = CYLINDRICAL_SURFACE('',#9498,0.1);
#9498 = AXIS2_PLACEMENT_3D('',#9499,#9500,#9501);
#9499 = CARTESIAN_POINT('',(0.795,-0.441421356237,-0.375));
#9500 = DIRECTION('',(-2.891205793295E-16,3.486305596842E-32,-1.));
#9501 = DIRECTION('',(-1.,8.819673571437E-48,2.891205793295E-16));
#9502 = ADVANCED_FACE('',(#9503),#9515,.F.);
#9503 = FACE_BOUND('',#9504,.F.);
#9504 = EDGE_LOOP('',(#9505,#9506,#9513,#9514));
#9505 = ORIENTED_EDGE('',*,*,#7994,.T.);
#9506 = ORIENTED_EDGE('',*,*,#9507,.T.);
#9507 = EDGE_CURVE('',#7997,#8045,#9508,.T.);
#9508 = CIRCLE('',#9509,0.1);
#9509 = AXIS2_PLACEMENT_3D('',#9510,#9511,#9512);
#9510 = CARTESIAN_POINT('',(0.936421356237,-0.3,-0.333578643763));
#9511 = DIRECTION('',(-0.57735026919,0.57735026919,-0.57735026919));
#9512 = DIRECTION('',(-0.707106781187,-1.942890293094E-16,0.707106781187
    ));
#9513 = ORIENTED_EDGE('',*,*,#8052,.T.);
#9514 = ORIENTED_EDGE('',*,*,#9422,.F.);
#9515 = CYLINDRICAL_SURFACE('',#9516,1.E-01);
#9516 = AXIS2_PLACEMENT_3D('',#9517,#9518,#9519);
#9517 = CARTESIAN_POINT('',(0.942140452079,-0.305719095842,
    -0.327859547921));
#9518 = DIRECTION('',(0.57735026919,-0.57735026919,0.57735026919));
#9519 = DIRECTION('',(0.707106781187,-1.665334536938E-16,-0.707106781187
    ));
#9520 = ADVANCED_FACE('',(#9521),#9533,.T.);
#9521 = FACE_BOUND('',#9522,.T.);
#9522 = EDGE_LOOP('',(#9523,#9524,#9525,#9532));
#9523 = ORIENTED_EDGE('',*,*,#9429,.T.);
#9524 = ORIENTED_EDGE('',*,*,#8020,.F.);
#9525 = ORIENTED_EDGE('',*,*,#9526,.F.);
#9526 = EDGE_CURVE('',#7374,#8013,#9527,.T.);
#9527 = CIRCLE('',#9528,0.1);
#9528 = AXIS2_PLACEMENT_3D('',#9529,#9530,#9531);
#9529 = CARTESIAN_POINT('',(1.945,-0.1,-0.816421356237));
#9530 = DIRECTION('',(1.,0.,0.));
#9531 = DIRECTION('',(0.,0.,-1.));
#9532 = ORIENTED_EDGE('',*,*,#7373,.F.);
#9533 = CYLINDRICAL_SURFACE('',#9534,0.1);
#9534 = AXIS2_PLACEMENT_3D('',#9535,#9536,#9537);
#9535 = CARTESIAN_POINT('',(0.,-0.1,-0.816421356237));
#9536 = DIRECTION('',(1.,0.,0.));
#9537 = DIRECTION('',(0.,0.,-1.));
#9538 = ADVANCED_FACE('',(#9539),#9551,.T.);
#9539 = FACE_BOUND('',#9540,.T.);
#9540 = EDGE_LOOP('',(#9541,#9548,#9549,#9550));
#9541 = ORIENTED_EDGE('',*,*,#9542,.F.);
#9542 = EDGE_CURVE('',#7324,#8091,#9543,.T.);
#9543 = CIRCLE('',#9544,1.E-01);
#9544 = AXIS2_PLACEMENT_3D('',#9545,#9546,#9547);
#9545 = CARTESIAN_POINT('',(2.086421356237,-0.1,0.675));
#9546 = DIRECTION('',(0.,-0.,1.));
#9547 = DIRECTION('',(1.,0.,0.));
#9548 = ORIENTED_EDGE('',*,*,#7323,.F.);
#9549 = ORIENTED_EDGE('',*,*,#7103,.F.);
#9550 = ORIENTED_EDGE('',*,*,#8098,.F.);
#9551 = CYLINDRICAL_SURFACE('',#9552,1.E-01);
#9552 = AXIS2_PLACEMENT_3D('',#9553,#9554,#9555);
#9553 = CARTESIAN_POINT('',(2.086421356237,-0.1,-6.032273512407E-16));
#9554 = DIRECTION('',(2.891205793295E-16,-0.,1.));
#9555 = DIRECTION('',(1.,0.,-2.891205793295E-16));
#9556 = ADVANCED_FACE('',(#9557),#9569,.T.);
#9557 = FACE_BOUND('',#9558,.T.);
#9558 = EDGE_LOOP('',(#9559,#9560,#9561,#9562));
#9559 = ORIENTED_EDGE('',*,*,#7137,.F.);
#9560 = ORIENTED_EDGE('',*,*,#7331,.T.);
#9561 = ORIENTED_EDGE('',*,*,#9542,.T.);
#9562 = ORIENTED_EDGE('',*,*,#9563,.F.);
#9563 = EDGE_CURVE('',#7138,#8091,#9564,.T.);
#9564 = ( BOUNDED_CURVE() B_SPLINE_CURVE(3,(#9565,#9566,#9567,#9568),
.UNSPECIFIED.,.F.,.F.) B_SPLINE_CURVE_WITH_KNOTS((4,4),(
1.084202172486E-15,0.523598775598),.PIECEWISE_BEZIER_KNOTS.) CURVE() 
GEOMETRIC_REPRESENTATION_ITEM() RATIONAL_B_SPLINE_CURVE((1.,
0.977283884193,0.977283884193,1.)) REPRESENTATION_ITEM('') );
#9565 = CARTESIAN_POINT('',(2.007702788995,-1.835034190723E-02,
    0.737702788995));
#9566 = CARTESIAN_POINT('',(2.020187233883,-1.835034190723E-02,
    0.725218344106));
#9567 = CARTESIAN_POINT('',(2.022918575736,-2.208142426417E-02,
    0.703831590469));
#9568 = CARTESIAN_POINT('',(2.015710678119,-2.928932188135E-02,0.675));
#9569 = ( BOUNDED_SURFACE() B_SPLINE_SURFACE(3,2,(
    (#9570,#9571,#9572)
    ,(#9573,#9574,#9575)
    ,(#9576,#9577,#9578)
    ,(#9579,#9580,#9581
)),.UNSPECIFIED.,.F.,.F.,.F.) B_SPLINE_SURFACE_WITH_KNOTS((4,4),(3,3),(
    5.421010862428E-16,0.523598775598),(0.,1.),
.PIECEWISE_BEZIER_KNOTS.) GEOMETRIC_REPRESENTATION_ITEM() 
RATIONAL_B_SPLINE_SURFACE((
    (1.,0.953020613871,1.)
    ,(1.,0.953036376009,1.)
    ,(1.,0.943176268845,1.)
,(1.,0.923879532511,1.))) REPRESENTATION_ITEM('') SURFACE() );
#9570 = CARTESIAN_POINT('',(2.048527618041,1.355252715607E-17,
    0.778527618041));
#9571 = CARTESIAN_POINT('',(2.026053130902,-1.355252715607E-17,
    0.756053130902));
#9572 = CARTESIAN_POINT('',(2.007702788995,-1.835034190723E-02,
    0.737702788995));
#9573 = CARTESIAN_POINT('',(2.073270328108,1.355252715607E-17,
    0.753784905296));
#9574 = CARTESIAN_POINT('',(2.043997389932,3.782744743103E-15,
    0.738108868962));
#9575 = CARTESIAN_POINT('',(2.020080883741,-1.835034280052E-02,
    0.725324692462));
#9576 = CARTESIAN_POINT('',(2.086421355395,1.355252715607E-17,
    0.717874315701));
#9577 = CARTESIAN_POINT('',(2.050805265261,8.547336322013E-16,
    0.708835843903));
#9578 = CARTESIAN_POINT('',(2.022862379783,-2.213762021727E-02,
    0.703606807921));
#9579 = CARTESIAN_POINT('',(2.086421356237,1.355252715607E-17,0.675));
#9580 = CARTESIAN_POINT('',(2.045,0.,0.675));
#9581 = CARTESIAN_POINT('',(2.015710678119,-2.928932188135E-02,0.675));
#9582 = ADVANCED_FACE('',(#9583),#9601,.F.);
#9583 = FACE_BOUND('',#9584,.F.);
#9584 = EDGE_LOOP('',(#9585,#9592,#9599,#9600));
#9585 = ORIENTED_EDGE('',*,*,#9586,.T.);
#9586 = EDGE_CURVE('',#7875,#7835,#9587,.T.);
#9587 = CIRCLE('',#9588,0.1);
#9588 = AXIS2_PLACEMENT_3D('',#9589,#9590,#9591);
#9589 = CARTESIAN_POINT('',(0.995,-0.441421356237,0.275));
#9590 = DIRECTION('',(-8.673617379884E-15,1.,0.));
#9591 = DIRECTION('',(1.,8.673617379884E-15,0.));
#9592 = ORIENTED_EDGE('',*,*,#9593,.T.);
#9593 = EDGE_CURVE('',#7835,#8129,#9594,.T.);
#9594 = ( BOUNDED_CURVE() B_SPLINE_CURVE(3,(#9595,#9596,#9597,#9598),
.UNSPECIFIED.,.F.,.F.) B_SPLINE_CURVE_WITH_KNOTS((4,4),(3.14159265359,
3.926990816987),.PIECEWISE_BEZIER_KNOTS.) CURVE() 
GEOMETRIC_REPRESENTATION_ITEM() RATIONAL_B_SPLINE_CURVE((1.,
0.949253021674,0.949253021674,1.)) REPRESENTATION_ITEM('') );
#9595 = CARTESIAN_POINT('',(0.995,-0.441421356237,0.375));
#9596 = CARTESIAN_POINT('',(0.995,-0.414545246031,0.375));
#9597 = CARTESIAN_POINT('',(0.974429915795,-0.389714957898,
    0.385285042102));
#9598 = CARTESIAN_POINT('',(0.936421356237,-0.370710678119,
    0.404289321881));
#9599 = ORIENTED_EDGE('',*,*,#9465,.F.);
#9600 = ORIENTED_EDGE('',*,*,#9490,.F.);
#9601 = ( BOUNDED_SURFACE() B_SPLINE_SURFACE(3,2,(
    (#9602,#9603,#9604)
    ,(#9605,#9606,#9607)
    ,(#9608,#9609,#9610)
    ,(#9611,#9612,#9613
)),.UNSPECIFIED.,.F.,.F.,.F.) B_SPLINE_SURFACE_WITH_KNOTS((4,4),(3,3),(
    2.356194490192,3.14159265359),(0.,1.),.PIECEWISE_BEZIER_KNOTS.) 
GEOMETRIC_REPRESENTATION_ITEM() RATIONAL_B_SPLINE_SURFACE((
    (1.,0.866025403784,1.)
    ,(1.,0.789912529782,1.)
    ,(1.,0.705078927486,1.)
,(1.,0.707106781187,1.))) REPRESENTATION_ITEM('') SURFACE() );
#9602 = CARTESIAN_POINT('',(0.865710678119,-0.370710678119,
    0.333578643763));
#9603 = CARTESIAN_POINT('',(0.889280904158,-0.394280904158,
    0.380719095842));
#9604 = CARTESIAN_POINT('',(0.936421356237,-0.370710678119,
    0.404289321881));
#9605 = CARTESIAN_POINT('',(0.884384955139,-0.389384955139,
    0.296230090357));
#9606 = CARTESIAN_POINT('',(0.909168373603,-0.429084736357,
    0.360831626397));
#9607 = CARTESIAN_POINT('',(0.973769909643,-0.389384955139,
    0.385615044861));
#9608 = CARTESIAN_POINT('',(0.895,-0.41504601546,0.275000001648));
#9609 = CARTESIAN_POINT('',(0.895052861994,-0.445354902321,
    0.374947138021));
#9610 = CARTESIAN_POINT('',(0.994999998352,-0.41504601546,0.375));
#9611 = CARTESIAN_POINT('',(0.895,-0.441421356237,0.275));
#9612 = CARTESIAN_POINT('',(0.895,-0.441421356237,0.375));
#9613 = CARTESIAN_POINT('',(0.995,-0.441421356237,0.375));
#9614 = ADVANCED_FACE('',(#9615),#9633,.F.);
#9615 = FACE_BOUND('',#9616,.F.);
#9616 = EDGE_LOOP('',(#9617,#9624,#9631,#9632));
#9617 = ORIENTED_EDGE('',*,*,#9618,.T.);
#9618 = EDGE_CURVE('',#7997,#7915,#9619,.T.);
#9619 = ( BOUNDED_CURVE() B_SPLINE_CURVE(3,(#9620,#9621,#9622,#9623),
.UNSPECIFIED.,.F.,.F.) B_SPLINE_CURVE_WITH_KNOTS((4,4),(5.497787143782,
6.28318530718),.PIECEWISE_BEZIER_KNOTS.) CURVE() 
GEOMETRIC_REPRESENTATION_ITEM() RATIONAL_B_SPLINE_CURVE((1.,
0.949253021674,0.949253021674,1.)) REPRESENTATION_ITEM('') );
#9620 = CARTESIAN_POINT('',(0.936421356237,-0.370710678119,
    -0.404289321881));
#9621 = CARTESIAN_POINT('',(0.974429915795,-0.389714957898,
    -0.385285042102));
#9622 = CARTESIAN_POINT('',(0.995,-0.414545246031,-0.375));
#9623 = CARTESIAN_POINT('',(0.995,-0.441421356237,-0.375));
#9624 = ORIENTED_EDGE('',*,*,#9625,.T.);
#9625 = EDGE_CURVE('',#7915,#7893,#9626,.T.);
#9626 = CIRCLE('',#9627,1.E-01);
#9627 = AXIS2_PLACEMENT_3D('',#9628,#9629,#9630);
#9628 = CARTESIAN_POINT('',(0.995,-0.441421356237,-0.275));
#9629 = DIRECTION('',(4.701977403289E-30,1.,8.673617379884E-15));
#9630 = DIRECTION('',(0.,8.673617379884E-15,-1.));
#9631 = ORIENTED_EDGE('',*,*,#9482,.F.);
#9632 = ORIENTED_EDGE('',*,*,#9507,.F.);
#9633 = ( BOUNDED_SURFACE() B_SPLINE_SURFACE(3,2,(
    (#9634,#9635,#9636)
    ,(#9637,#9638,#9639)
    ,(#9640,#9641,#9642)
    ,(#9643,#9644,#9645
)),.UNSPECIFIED.,.F.,.F.,.F.) B_SPLINE_SURFACE_WITH_KNOTS((4,4),(3,3),(
    5.497787143782,6.28318530718),(0.,1.),.PIECEWISE_BEZIER_KNOTS.) 
GEOMETRIC_REPRESENTATION_ITEM() RATIONAL_B_SPLINE_SURFACE((
    (1.,0.866025403784,1.)
    ,(1.,0.789912529782,1.)
    ,(1.,0.705078927486,1.)
,(1.,0.707106781187,1.))) REPRESENTATION_ITEM('') SURFACE() );
#9634 = CARTESIAN_POINT('',(0.936421356237,-0.370710678119,
    -0.404289321881));
#9635 = CARTESIAN_POINT('',(0.889280904158,-0.394280904158,
    -0.380719095842));
#9636 = CARTESIAN_POINT('',(0.865710678119,-0.370710678119,
    -0.333578643763));
#9637 = CARTESIAN_POINT('',(0.973769909643,-0.389384955139,
    -0.385615044861));
#9638 = CARTESIAN_POINT('',(0.909168373609,-0.429084736367,
    -0.360831626391));
#9639 = CARTESIAN_POINT('',(0.884384955139,-0.389384955139,
    -0.296230090357));
#9640 = CARTESIAN_POINT('',(0.994999998352,-0.41504601546,-0.375));
#9641 = CARTESIAN_POINT('',(0.895052861973,-0.445354902313,
    -0.374947138021));
#9642 = CARTESIAN_POINT('',(0.895,-0.41504601546,-0.275000001648));
#9643 = CARTESIAN_POINT('',(0.995,-0.441421356237,-0.375));
#9644 = CARTESIAN_POINT('',(0.895,-0.441421356237,-0.375));
#9645 = CARTESIAN_POINT('',(0.895,-0.441421356237,-0.275));
#9646 = ADVANCED_FACE('',(#9647),#9659,.T.);
#9647 = FACE_BOUND('',#9648,.T.);
#9648 = EDGE_LOOP('',(#9649,#9650,#9651,#9652));
#9649 = ORIENTED_EDGE('',*,*,#7085,.F.);
#9650 = ORIENTED_EDGE('',*,*,#7381,.T.);
#9651 = ORIENTED_EDGE('',*,*,#9526,.T.);
#9652 = ORIENTED_EDGE('',*,*,#9653,.F.);
#9653 = EDGE_CURVE('',#7086,#8013,#9654,.T.);
#9654 = ( BOUNDED_CURVE() B_SPLINE_CURVE(3,(#9655,#9656,#9657,#9658),
.UNSPECIFIED.,.F.,.F.) B_SPLINE_CURVE_WITH_KNOTS((4,4),(
1.626303258728E-15,0.523598775598),.PIECEWISE_BEZIER_KNOTS.) CURVE() 
GEOMETRIC_REPRESENTATION_ITEM() RATIONAL_B_SPLINE_CURVE((1.,
0.977283884193,0.977283884193,1.)) REPRESENTATION_ITEM('') );
#9655 = CARTESIAN_POINT('',(2.007702788995,-1.835034190723E-02,
    -0.737702788995));
#9656 = CARTESIAN_POINT('',(1.995218344106,-1.835034190723E-02,
    -0.750187233883));
#9657 = CARTESIAN_POINT('',(1.973831590469,-2.208142426417E-02,
    -0.752918575736));
#9658 = CARTESIAN_POINT('',(1.945,-2.928932188135E-02,-0.745710678119));
#9659 = ( BOUNDED_SURFACE() B_SPLINE_SURFACE(3,2,(
    (#9660,#9661,#9662)
    ,(#9663,#9664,#9665)
    ,(#9666,#9667,#9668)
    ,(#9669,#9670,#9671
)),.UNSPECIFIED.,.F.,.F.,.F.) B_SPLINE_SURFACE_WITH_KNOTS((4,4),(3,3),(
    0.,0.523598775598),(0.,1.),.PIECEWISE_BEZIER_KNOTS.) 
GEOMETRIC_REPRESENTATION_ITEM() RATIONAL_B_SPLINE_SURFACE((
    (1.,0.953020613871,1.)
    ,(1.,0.953036376009,1.)
    ,(1.,0.943176268845,1.)
,(1.,0.923879532511,1.))) REPRESENTATION_ITEM('') SURFACE() );
#9660 = CARTESIAN_POINT('',(2.048527618041,1.355252715607E-17,
    -0.778527618041));
#9661 = CARTESIAN_POINT('',(2.026053130902,2.03287907341E-17,
    -0.756053130902));
#9662 = CARTESIAN_POINT('',(2.007702788995,-1.835034190723E-02,
    -0.737702788995));
#9663 = CARTESIAN_POINT('',(2.023784905296,1.355252715607E-17,
    -0.803270328108));
#9664 = CARTESIAN_POINT('',(2.008108868962,-9.287455268292E-16,
    -0.773997389932));
#9665 = CARTESIAN_POINT('',(1.995324692462,-1.835034280053E-02,
    -0.750080883741));
#9666 = CARTESIAN_POINT('',(1.987874315701,1.355252715607E-17,
    -0.816421355395));
#9667 = CARTESIAN_POINT('',(1.978835843903,3.703845739538E-15,
    -0.780805265261));
#9668 = CARTESIAN_POINT('',(1.973606807921,-2.213762021726E-02,
    -0.752862379783));
#9669 = CARTESIAN_POINT('',(1.945,1.355252715607E-17,-0.816421356237));
#9670 = CARTESIAN_POINT('',(1.945,0.,-0.775));
#9671 = CARTESIAN_POINT('',(1.945,-2.928932188135E-02,-0.745710678119));
#9672 = ADVANCED_FACE('',(#9673),#9686,.F.);
#9673 = FACE_BOUND('',#9674,.F.);
#9674 = EDGE_LOOP('',(#9675,#9676,#9683,#9684,#9685));
#9675 = ORIENTED_EDGE('',*,*,#8120,.T.);
#9676 = ORIENTED_EDGE('',*,*,#9677,.T.);
#9677 = EDGE_CURVE('',#8121,#8083,#9678,.T.);
#9678 = CIRCLE('',#9679,1.E-01);
#9679 = AXIS2_PLACEMENT_3D('',#9680,#9681,#9682);
#9680 = CARTESIAN_POINT('',(1.603578643763,-0.3,0.333578643763));
#9681 = DIRECTION('',(0.57735026919,0.57735026919,0.57735026919));
#9682 = DIRECTION('',(0.707106781187,3.885780586188E-16,-0.707106781187)
  );
#9683 = ORIENTED_EDGE('',*,*,#8090,.T.);
#9684 = ORIENTED_EDGE('',*,*,#9563,.F.);
#9685 = ORIENTED_EDGE('',*,*,#7146,.F.);
#9686 = CYLINDRICAL_SURFACE('',#9687,0.1);
#9687 = AXIS2_PLACEMENT_3D('',#9688,#9689,#9690);
#9688 = CARTESIAN_POINT('',(1.347859547921,-0.555719095842,
    7.78595479209E-02));
#9689 = DIRECTION('',(0.57735026919,0.57735026919,0.57735026919));
#9690 = DIRECTION('',(0.707106781187,-2.775557561563E-16,-0.707106781187
    ));
#9691 = ADVANCED_FACE('',(#9692),#9704,.T.);
#9692 = FACE_BOUND('',#9693,.T.);
#9693 = EDGE_LOOP('',(#9694,#9695,#9696,#9703));
#9694 = ORIENTED_EDGE('',*,*,#9593,.T.);
#9695 = ORIENTED_EDGE('',*,*,#8128,.F.);
#9696 = ORIENTED_EDGE('',*,*,#9697,.F.);
#9697 = EDGE_CURVE('',#7837,#8121,#9698,.T.);
#9698 = ( BOUNDED_CURVE() B_SPLINE_CURVE(3,(#9699,#9700,#9701,#9702),
.UNSPECIFIED.,.F.,.F.) B_SPLINE_CURVE_WITH_KNOTS((4,4),(3.14159265359,
3.926990816987),.PIECEWISE_BEZIER_KNOTS.) CURVE() 
GEOMETRIC_REPRESENTATION_ITEM() RATIONAL_B_SPLINE_CURVE((1.,
0.949253021674,0.949253021674,1.)) REPRESENTATION_ITEM('') );
#9699 = CARTESIAN_POINT('',(1.545,-0.441421356237,0.375));
#9700 = CARTESIAN_POINT('',(1.545,-0.414545246031,0.375));
#9701 = CARTESIAN_POINT('',(1.565570084205,-0.389714957898,
    0.385285042102));
#9702 = CARTESIAN_POINT('',(1.603578643763,-0.370710678119,
    0.404289321881));
#9703 = ORIENTED_EDGE('',*,*,#7834,.F.);
#9704 = CYLINDRICAL_SURFACE('',#9705,1.E-01);
#9705 = AXIS2_PLACEMENT_3D('',#9706,#9707,#9708);
#9706 = CARTESIAN_POINT('',(0.895,-0.441421356237,0.475));
#9707 = DIRECTION('',(-1.,0.,0.));
#9708 = DIRECTION('',(0.,0.,1.));
#9709 = ADVANCED_FACE('',(#9710),#9722,.F.);
#9710 = FACE_BOUND('',#9711,.F.);
#9711 = EDGE_LOOP('',(#9712,#9713,#9720,#9721));
#9712 = ORIENTED_EDGE('',*,*,#7874,.T.);
#9713 = ORIENTED_EDGE('',*,*,#9714,.T.);
#9714 = EDGE_CURVE('',#7877,#7853,#9715,.T.);
#9715 = CIRCLE('',#9716,1.E-01);
#9716 = AXIS2_PLACEMENT_3D('',#9717,#9718,#9719);
#9717 = CARTESIAN_POINT('',(0.995,-6.89,0.275));
#9718 = DIRECTION('',(0.,1.,-0.));
#9719 = DIRECTION('',(0.,0.,1.));
#9720 = ORIENTED_EDGE('',*,*,#7860,.T.);
#9721 = ORIENTED_EDGE('',*,*,#9586,.F.);
#9722 = CYLINDRICAL_SURFACE('',#9723,1.E-01);
#9723 = AXIS2_PLACEMENT_3D('',#9724,#9725,#9726);
#9724 = CARTESIAN_POINT('',(0.995,-6.99,0.275));
#9725 = DIRECTION('',(0.,-1.,0.));
#9726 = DIRECTION('',(0.,0.,-1.));
#9727 = ADVANCED_FACE('',(#9728),#9746,.F.);
#9728 = FACE_BOUND('',#9729,.F.);
#9729 = EDGE_LOOP('',(#9730,#9731,#9738,#9739));
#9730 = ORIENTED_EDGE('',*,*,#7980,.T.);
#9731 = ORIENTED_EDGE('',*,*,#9732,.T.);
#9732 = EDGE_CURVE('',#7955,#7877,#9733,.T.);
#9733 = CIRCLE('',#9734,0.1);
#9734 = AXIS2_PLACEMENT_3D('',#9735,#9736,#9737);
#9735 = CARTESIAN_POINT('',(0.995,-6.89,0.275));
#9736 = DIRECTION('',(-5.421010862428E-16,0.,-1.));
#9737 = DIRECTION('',(-1.,0.,5.421010862428E-16));
#9738 = ORIENTED_EDGE('',*,*,#7884,.T.);
#9739 = ORIENTED_EDGE('',*,*,#9740,.T.);
#9740 = EDGE_CURVE('',#7885,#7973,#9741,.T.);
#9741 = CIRCLE('',#9742,0.1);
#9742 = AXIS2_PLACEMENT_3D('',#9743,#9744,#9745);
#9743 = CARTESIAN_POINT('',(0.995,-6.89,-0.275));
#9744 = DIRECTION('',(5.421010862428E-16,0.,1.));
#9745 = DIRECTION('',(1.,0.,-5.421010862428E-16));
#9746 = CYLINDRICAL_SURFACE('',#9747,0.1);
#9747 = AXIS2_PLACEMENT_3D('',#9748,#9749,#9750);
#9748 = CARTESIAN_POINT('',(0.995,-6.89,-2.876749764328E-16));
#9749 = DIRECTION('',(2.891205793295E-16,-0.,1.));
#9750 = DIRECTION('',(1.,0.,-2.891205793295E-16));
#9751 = ADVANCED_FACE('',(#9752),#9764,.F.);
#9752 = FACE_BOUND('',#9753,.F.);
#9753 = EDGE_LOOP('',(#9754,#9755,#9762,#9763));
#9754 = ORIENTED_EDGE('',*,*,#7914,.T.);
#9755 = ORIENTED_EDGE('',*,*,#9756,.T.);
#9756 = EDGE_CURVE('',#7917,#7885,#9757,.T.);
#9757 = CIRCLE('',#9758,1.E-01);
#9758 = AXIS2_PLACEMENT_3D('',#9759,#9760,#9761);
#9759 = CARTESIAN_POINT('',(0.995,-6.89,-0.275));
#9760 = DIRECTION('',(0.,1.,0.));
#9761 = DIRECTION('',(0.,-0.,1.));
#9762 = ORIENTED_EDGE('',*,*,#7892,.T.);
#9763 = ORIENTED_EDGE('',*,*,#9625,.F.);
#9764 = CYLINDRICAL_SURFACE('',#9765,1.E-01);
#9765 = AXIS2_PLACEMENT_3D('',#9766,#9767,#9768);
#9766 = CARTESIAN_POINT('',(0.995,-6.99,-0.275));
#9767 = DIRECTION('',(0.,-1.,0.));
#9768 = DIRECTION('',(0.,0.,-1.));
#9769 = ADVANCED_FACE('',(#9770),#9782,.T.);
#9770 = FACE_BOUND('',#9771,.T.);
#9771 = EDGE_LOOP('',(#9772,#9773,#9774,#9781));
#9772 = ORIENTED_EDGE('',*,*,#9618,.T.);
#9773 = ORIENTED_EDGE('',*,*,#7940,.F.);
#9774 = ORIENTED_EDGE('',*,*,#9775,.F.);
#9775 = EDGE_CURVE('',#8005,#7933,#9776,.T.);
#9776 = ( BOUNDED_CURVE() B_SPLINE_CURVE(3,(#9777,#9778,#9779,#9780),
.UNSPECIFIED.,.F.,.F.) B_SPLINE_CURVE_WITH_KNOTS((4,4),(5.497787143782,
6.28318530718),.PIECEWISE_BEZIER_KNOTS.) CURVE() 
GEOMETRIC_REPRESENTATION_ITEM() RATIONAL_B_SPLINE_CURVE((1.,
0.949253021674,0.949253021674,1.)) REPRESENTATION_ITEM('') );
#9777 = CARTESIAN_POINT('',(1.603578643763,-0.370710678119,
    -0.404289321881));
#9778 = CARTESIAN_POINT('',(1.565570084205,-0.389714957898,
    -0.385285042102));
#9779 = CARTESIAN_POINT('',(1.545,-0.414545246031,-0.375));
#9780 = CARTESIAN_POINT('',(1.545,-0.441421356237,-0.375));
#9781 = ORIENTED_EDGE('',*,*,#8004,.F.);
#9782 = CYLINDRICAL_SURFACE('',#9783,1.E-01);
#9783 = AXIS2_PLACEMENT_3D('',#9784,#9785,#9786);
#9784 = CARTESIAN_POINT('',(0.895,-0.441421356237,-0.475));
#9785 = DIRECTION('',(1.,-0.,0.));
#9786 = DIRECTION('',(0.,0.,-1.));
#9787 = ADVANCED_FACE('',(#9788),#9801,.F.);
#9788 = FACE_BOUND('',#9789,.F.);
#9789 = EDGE_LOOP('',(#9790,#9791,#9798,#9799,#9800));
#9790 = ORIENTED_EDGE('',*,*,#8074,.T.);
#9791 = ORIENTED_EDGE('',*,*,#9792,.T.);
#9792 = EDGE_CURVE('',#8075,#8005,#9793,.T.);
#9793 = CIRCLE('',#9794,1.E-01);
#9794 = AXIS2_PLACEMENT_3D('',#9795,#9796,#9797);
#9795 = CARTESIAN_POINT('',(1.603578643763,-0.3,-0.333578643763));
#9796 = DIRECTION('',(0.57735026919,0.57735026919,-0.57735026919));
#9797 = DIRECTION('',(-0.707106781187,-1.387778780781E-16,
    -0.707106781187));
#9798 = ORIENTED_EDGE('',*,*,#8012,.T.);
#9799 = ORIENTED_EDGE('',*,*,#9653,.F.);
#9800 = ORIENTED_EDGE('',*,*,#7094,.F.);
#9801 = CYLINDRICAL_SURFACE('',#9802,0.1);
#9802 = AXIS2_PLACEMENT_3D('',#9803,#9804,#9805);
#9803 = CARTESIAN_POINT('',(1.597859547921,-0.305719095842,
    -0.327859547921));
#9804 = DIRECTION('',(0.57735026919,0.57735026919,-0.57735026919));
#9805 = DIRECTION('',(-0.707106781187,2.22044604925E-16,-0.707106781187)
  );
#9806 = ADVANCED_FACE('',(#9807),#9825,.T.);
#9807 = FACE_BOUND('',#9808,.T.);
#9808 = EDGE_LOOP('',(#9809,#9816,#9817,#9824));
#9809 = ORIENTED_EDGE('',*,*,#9810,.F.);
#9810 = EDGE_CURVE('',#8083,#7813,#9811,.T.);
#9811 = ( BOUNDED_CURVE() B_SPLINE_CURVE(3,(#9812,#9813,#9814,#9815),
.UNSPECIFIED.,.F.,.F.) B_SPLINE_CURVE_WITH_KNOTS((4,4),(2.356194490192,
3.14159265359),.PIECEWISE_BEZIER_KNOTS.) CURVE() 
GEOMETRIC_REPRESENTATION_ITEM() RATIONAL_B_SPLINE_CURVE((1.,
0.949253021674,0.949253021674,1.)) REPRESENTATION_ITEM('') );
#9812 = CARTESIAN_POINT('',(1.674289321881,-0.370710678119,
    0.333578643763));
#9813 = CARTESIAN_POINT('',(1.655285042102,-0.389714957898,
    0.295570084205));
#9814 = CARTESIAN_POINT('',(1.645,-0.414545246031,0.275));
#9815 = CARTESIAN_POINT('',(1.645,-0.441421356237,0.275));
#9816 = ORIENTED_EDGE('',*,*,#8082,.F.);
#9817 = ORIENTED_EDGE('',*,*,#9818,.F.);
#9818 = EDGE_CURVE('',#7795,#8075,#9819,.T.);
#9819 = ( BOUNDED_CURVE() B_SPLINE_CURVE(3,(#9820,#9821,#9822,#9823),
.UNSPECIFIED.,.F.,.F.) B_SPLINE_CURVE_WITH_KNOTS((4,4),(
1.002286766285E-47,0.785398163397),.PIECEWISE_BEZIER_KNOTS.) CURVE() 
GEOMETRIC_REPRESENTATION_ITEM() RATIONAL_B_SPLINE_CURVE((1.,
0.949253021674,0.949253021674,1.)) REPRESENTATION_ITEM('') );
#9820 = CARTESIAN_POINT('',(1.645,-0.441421356237,-0.275));
#9821 = CARTESIAN_POINT('',(1.645,-0.414545246031,-0.275));
#9822 = CARTESIAN_POINT('',(1.655285042102,-0.389714957898,
    -0.295570084205));
#9823 = CARTESIAN_POINT('',(1.674289321881,-0.370710678119,
    -0.333578643763));
#9824 = ORIENTED_EDGE('',*,*,#7820,.F.);
#9825 = CYLINDRICAL_SURFACE('',#9826,0.1);
#9826 = AXIS2_PLACEMENT_3D('',#9827,#9828,#9829);
#9827 = CARTESIAN_POINT('',(1.745,-0.441421356237,-0.375));
#9828 = DIRECTION('',(2.891205793295E-16,6.972611193684E-32,1.));
#9829 = DIRECTION('',(1.,1.763934714287E-47,-2.891205793295E-16));
#9830 = ADVANCED_FACE('',(#9831),#9843,.F.);
#9831 = FACE_BOUND('',#9832,.F.);
#9832 = EDGE_LOOP('',(#9833,#9834,#9841,#9842));
#9833 = ORIENTED_EDGE('',*,*,#9697,.F.);
#9834 = ORIENTED_EDGE('',*,*,#9835,.T.);
#9835 = EDGE_CURVE('',#7837,#7813,#9836,.T.);
#9836 = CIRCLE('',#9837,1.E-01);
#9837 = AXIS2_PLACEMENT_3D('',#9838,#9839,#9840);
#9838 = CARTESIAN_POINT('',(1.545,-0.441421356237,0.275));
#9839 = DIRECTION('',(-0.,1.,0.));
#9840 = DIRECTION('',(0.,0.,-1.));
#9841 = ORIENTED_EDGE('',*,*,#9810,.F.);
#9842 = ORIENTED_EDGE('',*,*,#9677,.F.);
#9843 = ( BOUNDED_SURFACE() B_SPLINE_SURFACE(3,2,(
    (#9844,#9845,#9846)
    ,(#9847,#9848,#9849)
    ,(#9850,#9851,#9852)
    ,(#9853,#9854,#9855
)),.UNSPECIFIED.,.F.,.F.,.F.) B_SPLINE_SURFACE_WITH_KNOTS((4,4),(3,3),(
    2.356194490192,3.14159265359),(0.,1.),.PIECEWISE_BEZIER_KNOTS.) 
GEOMETRIC_REPRESENTATION_ITEM() RATIONAL_B_SPLINE_SURFACE((
    (1.,0.866025403784,1.)
    ,(1.,0.789912529782,1.)
    ,(1.,0.705078927486,1.)
,(1.,0.707106781187,1.))) REPRESENTATION_ITEM('') SURFACE() );
#9844 = CARTESIAN_POINT('',(1.603578643763,-0.370710678119,
    0.404289321881));
#9845 = CARTESIAN_POINT('',(1.650719095842,-0.394280904158,
    0.380719095842));
#9846 = CARTESIAN_POINT('',(1.674289321881,-0.370710678119,
    0.333578643763));
#9847 = CARTESIAN_POINT('',(1.566230090357,-0.389384955139,
    0.385615044861));
#9848 = CARTESIAN_POINT('',(1.630831626411,-0.429084736332,
    0.360831626411));
#9849 = CARTESIAN_POINT('',(1.655615044861,-0.389384955139,
    0.296230090357));
#9850 = CARTESIAN_POINT('',(1.545000001648,-0.41504601546,0.375));
#9851 = CARTESIAN_POINT('',(1.644947137997,-0.445354902341,
    0.374947137976));
#9852 = CARTESIAN_POINT('',(1.645,-0.41504601546,0.275000001648));
#9853 = CARTESIAN_POINT('',(1.545,-0.441421356237,0.375));
#9854 = CARTESIAN_POINT('',(1.645,-0.441421356237,0.375));
#9855 = CARTESIAN_POINT('',(1.645,-0.441421356237,0.275));
#9856 = ADVANCED_FACE('',(#9857),#9868,.F.);
#9857 = FACE_BOUND('',#9858,.F.);
#9858 = EDGE_LOOP('',(#9859,#9866,#9867));
#9859 = ORIENTED_EDGE('',*,*,#9860,.T.);
#9860 = EDGE_CURVE('',#7955,#7853,#9861,.T.);
#9861 = CIRCLE('',#9862,1.E-01);
#9862 = AXIS2_PLACEMENT_3D('',#9863,#9864,#9865);
#9863 = CARTESIAN_POINT('',(0.995,-6.89,0.275));
#9864 = DIRECTION('',(-1.,-0.,0.));
#9865 = DIRECTION('',(-0.,0.,-1.));
#9866 = ORIENTED_EDGE('',*,*,#9714,.F.);
#9867 = ORIENTED_EDGE('',*,*,#9732,.F.);
#9868 = SPHERICAL_SURFACE('',#9869,0.1);
#9869 = AXIS2_PLACEMENT_3D('',#9870,#9871,#9872);
#9870 = CARTESIAN_POINT('',(0.995,-6.89,0.275));
#9871 = DIRECTION('',(0.,1.,0.));
#9872 = DIRECTION('',(1.,0.,0.));
#9873 = ADVANCED_FACE('',(#9874),#9885,.F.);
#9874 = FACE_BOUND('',#9875,.F.);
#9875 = EDGE_LOOP('',(#9876,#9883,#9884));
#9876 = ORIENTED_EDGE('',*,*,#9877,.T.);
#9877 = EDGE_CURVE('',#7917,#7973,#9878,.T.);
#9878 = CIRCLE('',#9879,1.E-01);
#9879 = AXIS2_PLACEMENT_3D('',#9880,#9881,#9882);
#9880 = CARTESIAN_POINT('',(0.995,-6.89,-0.275));
#9881 = DIRECTION('',(-1.,-0.,-0.));
#9882 = DIRECTION('',(0.,0.,-1.));
#9883 = ORIENTED_EDGE('',*,*,#9740,.F.);
#9884 = ORIENTED_EDGE('',*,*,#9756,.F.);
#9885 = SPHERICAL_SURFACE('',#9886,0.1);
#9886 = AXIS2_PLACEMENT_3D('',#9887,#9888,#9889);
#9887 = CARTESIAN_POINT('',(0.995,-6.89,-0.275));
#9888 = DIRECTION('',(0.,1.,0.));
#9889 = DIRECTION('',(1.,0.,0.));
#9890 = ADVANCED_FACE('',(#9891),#9903,.F.);
#9891 = FACE_BOUND('',#9892,.F.);
#9892 = EDGE_LOOP('',(#9893,#9894,#9901,#9902));
#9893 = ORIENTED_EDGE('',*,*,#9818,.F.);
#9894 = ORIENTED_EDGE('',*,*,#9895,.T.);
#9895 = EDGE_CURVE('',#7795,#7933,#9896,.T.);
#9896 = CIRCLE('',#9897,1.E-01);
#9897 = AXIS2_PLACEMENT_3D('',#9898,#9899,#9900);
#9898 = CARTESIAN_POINT('',(1.545,-0.441421356237,-0.275));
#9899 = DIRECTION('',(0.,1.,-0.));
#9900 = DIRECTION('',(-2.168404344971E-15,-0.,-1.));
#9901 = ORIENTED_EDGE('',*,*,#9775,.F.);
#9902 = ORIENTED_EDGE('',*,*,#9792,.F.);
#9903 = ( BOUNDED_SURFACE() B_SPLINE_SURFACE(3,2,(
    (#9904,#9905,#9906)
    ,(#9907,#9908,#9909)
    ,(#9910,#9911,#9912)
    ,(#9913,#9914,#9915
)),.UNSPECIFIED.,.F.,.F.,.F.) B_SPLINE_SURFACE_WITH_KNOTS((4,4),(3,3),(
    5.497787143782,6.28318530718),(0.,1.),.PIECEWISE_BEZIER_KNOTS.) 
GEOMETRIC_REPRESENTATION_ITEM() RATIONAL_B_SPLINE_SURFACE((
    (1.,0.866025403784,1.)
    ,(1.,0.789912529782,1.)
    ,(1.,0.705078927486,1.)
,(1.,0.707106781187,1.))) REPRESENTATION_ITEM('') SURFACE() );
#9904 = CARTESIAN_POINT('',(1.674289321881,-0.370710678119,
    -0.333578643763));
#9905 = CARTESIAN_POINT('',(1.650719095842,-0.394280904158,
    -0.380719095842));
#9906 = CARTESIAN_POINT('',(1.603578643763,-0.370710678119,
    -0.404289321881));
#9907 = CARTESIAN_POINT('',(1.655615044861,-0.389384955139,
    -0.296230090357));
#9908 = CARTESIAN_POINT('',(1.630831626404,-0.429084736345,
    -0.360831626404));
#9909 = CARTESIAN_POINT('',(1.566230090357,-0.389384955139,
    -0.385615044861));
#9910 = CARTESIAN_POINT('',(1.645,-0.41504601546,-0.275000001648));
#9911 = CARTESIAN_POINT('',(1.644947138006,-0.445354902331,
    -0.374947137995));
#9912 = CARTESIAN_POINT('',(1.545000001648,-0.41504601546,-0.375));
#9913 = CARTESIAN_POINT('',(1.645,-0.441421356237,-0.275));
#9914 = CARTESIAN_POINT('',(1.645,-0.441421356237,-0.375));
#9915 = CARTESIAN_POINT('',(1.545,-0.441421356237,-0.375));
#9916 = ADVANCED_FACE('',(#9917),#9929,.F.);
#9917 = FACE_BOUND('',#9918,.F.);
#9918 = EDGE_LOOP('',(#9919,#9920,#9927,#9928));
#9919 = ORIENTED_EDGE('',*,*,#7844,.T.);
#9920 = ORIENTED_EDGE('',*,*,#9921,.T.);
#9921 = EDGE_CURVE('',#7845,#7805,#9922,.T.);
#9922 = CIRCLE('',#9923,1.E-01);
#9923 = AXIS2_PLACEMENT_3D('',#9924,#9925,#9926);
#9924 = CARTESIAN_POINT('',(1.545,-6.89,0.275));
#9925 = DIRECTION('',(-0.,1.,0.));
#9926 = DIRECTION('',(0.,0.,1.));
#9927 = ORIENTED_EDGE('',*,*,#7812,.T.);
#9928 = ORIENTED_EDGE('',*,*,#9835,.F.);
#9929 = CYLINDRICAL_SURFACE('',#9930,1.E-01);
#9930 = AXIS2_PLACEMENT_3D('',#9931,#9932,#9933);
#9931 = CARTESIAN_POINT('',(1.545,-6.99,0.275));
#9932 = DIRECTION('',(0.,-1.,0.));
#9933 = DIRECTION('',(0.,0.,-1.));
#9934 = ADVANCED_FACE('',(#9935),#9947,.F.);
#9935 = FACE_BOUND('',#9936,.F.);
#9936 = EDGE_LOOP('',(#9937,#9938,#9945,#9946));
#9937 = ORIENTED_EDGE('',*,*,#7954,.T.);
#9938 = ORIENTED_EDGE('',*,*,#9939,.T.);
#9939 = EDGE_CURVE('',#7957,#7845,#9940,.T.);
#9940 = CIRCLE('',#9941,1.E-01);
#9941 = AXIS2_PLACEMENT_3D('',#9942,#9943,#9944);
#9942 = CARTESIAN_POINT('',(1.545,-6.89,0.275));
#9943 = DIRECTION('',(-1.,0.,0.));
#9944 = DIRECTION('',(0.,0.,1.));
#9945 = ORIENTED_EDGE('',*,*,#7852,.T.);
#9946 = ORIENTED_EDGE('',*,*,#9860,.F.);
#9947 = CYLINDRICAL_SURFACE('',#9948,1.E-01);
#9948 = AXIS2_PLACEMENT_3D('',#9949,#9950,#9951);
#9949 = CARTESIAN_POINT('',(0.,-6.89,0.275));
#9950 = DIRECTION('',(1.,-0.,0.));
#9951 = DIRECTION('',(0.,0.,-1.));
#9952 = ADVANCED_FACE('',(#9953),#9965,.F.);
#9953 = FACE_BOUND('',#9954,.F.);
#9954 = EDGE_LOOP('',(#9955,#9956,#9963,#9964));
#9955 = ORIENTED_EDGE('',*,*,#7924,.T.);
#9956 = ORIENTED_EDGE('',*,*,#9957,.T.);
#9957 = EDGE_CURVE('',#7925,#7965,#9958,.T.);
#9958 = CIRCLE('',#9959,1.E-01);
#9959 = AXIS2_PLACEMENT_3D('',#9960,#9961,#9962);
#9960 = CARTESIAN_POINT('',(1.545,-6.89,-0.275));
#9961 = DIRECTION('',(-1.,0.,-0.));
#9962 = DIRECTION('',(-0.,0.,1.));
#9963 = ORIENTED_EDGE('',*,*,#7972,.T.);
#9964 = ORIENTED_EDGE('',*,*,#9877,.F.);
#9965 = CYLINDRICAL_SURFACE('',#9966,1.E-01);
#9966 = AXIS2_PLACEMENT_3D('',#9967,#9968,#9969);
#9967 = CARTESIAN_POINT('',(0.,-6.89,-0.275));
#9968 = DIRECTION('',(-1.,0.,0.));
#9969 = DIRECTION('',(0.,0.,1.));
#9970 = ADVANCED_FACE('',(#9971),#9983,.F.);
#9971 = FACE_BOUND('',#9972,.F.);
#9972 = EDGE_LOOP('',(#9973,#9974,#9981,#9982));
#9973 = ORIENTED_EDGE('',*,*,#7794,.T.);
#9974 = ORIENTED_EDGE('',*,*,#9975,.T.);
#9975 = EDGE_CURVE('',#7797,#7925,#9976,.T.);
#9976 = CIRCLE('',#9977,1.E-01);
#9977 = AXIS2_PLACEMENT_3D('',#9978,#9979,#9980);
#9978 = CARTESIAN_POINT('',(1.545,-6.89,-0.275));
#9979 = DIRECTION('',(0.,1.,0.));
#9980 = DIRECTION('',(0.,-0.,1.));
#9981 = ORIENTED_EDGE('',*,*,#7932,.T.);
#9982 = ORIENTED_EDGE('',*,*,#9895,.F.);
#9983 = CYLINDRICAL_SURFACE('',#9984,1.E-01);
#9984 = AXIS2_PLACEMENT_3D('',#9985,#9986,#9987);
#9985 = CARTESIAN_POINT('',(1.545,-6.99,-0.275));
#9986 = DIRECTION('',(0.,-1.,0.));
#9987 = DIRECTION('',(0.,0.,-1.));
#9988 = ADVANCED_FACE('',(#9989),#10000,.F.);
#9989 = FACE_BOUND('',#9990,.F.);
#9990 = EDGE_LOOP('',(#9991,#9998,#9999));
#9991 = ORIENTED_EDGE('',*,*,#9992,.T.);
#9992 = EDGE_CURVE('',#7957,#7805,#9993,.T.);
#9993 = CIRCLE('',#9994,0.1);
#9994 = AXIS2_PLACEMENT_3D('',#9995,#9996,#9997);
#9995 = CARTESIAN_POINT('',(1.545,-6.89,0.275));
#9996 = DIRECTION('',(5.421010862428E-16,0.,1.));
#9997 = DIRECTION('',(-1.,0.,5.421010862428E-16));
#9998 = ORIENTED_EDGE('',*,*,#9921,.F.);
#9999 = ORIENTED_EDGE('',*,*,#9939,.F.);
#10000 = SPHERICAL_SURFACE('',#10001,0.1);
#10001 = AXIS2_PLACEMENT_3D('',#10002,#10003,#10004);
#10002 = CARTESIAN_POINT('',(1.545,-6.89,0.275));
#10003 = DIRECTION('',(0.,1.,0.));
#10004 = DIRECTION('',(1.,0.,0.));
#10005 = ADVANCED_FACE('',(#10006),#10017,.F.);
#10006 = FACE_BOUND('',#10007,.F.);
#10007 = EDGE_LOOP('',(#10008,#10015,#10016));
#10008 = ORIENTED_EDGE('',*,*,#10009,.T.);
#10009 = EDGE_CURVE('',#7797,#7965,#10010,.T.);
#10010 = CIRCLE('',#10011,0.1);
#10011 = AXIS2_PLACEMENT_3D('',#10012,#10013,#10014);
#10012 = CARTESIAN_POINT('',(1.545,-6.89,-0.275));
#10013 = DIRECTION('',(-5.421010862428E-16,-0.,-1.));
#10014 = DIRECTION('',(1.,0.,-5.421010862428E-16));
#10015 = ORIENTED_EDGE('',*,*,#9957,.F.);
#10016 = ORIENTED_EDGE('',*,*,#9975,.F.);
#10017 = SPHERICAL_SURFACE('',#10018,0.1);
#10018 = AXIS2_PLACEMENT_3D('',#10019,#10020,#10021);
#10019 = CARTESIAN_POINT('',(1.545,-6.89,-0.275));
#10020 = DIRECTION('',(0.,1.,0.));
#10021 = DIRECTION('',(1.,0.,0.));
#10022 = ADVANCED_FACE('',(#10023),#10029,.F.);
#10023 = FACE_BOUND('',#10024,.F.);
#10024 = EDGE_LOOP('',(#10025,#10026,#10027,#10028));
#10025 = ORIENTED_EDGE('',*,*,#7964,.T.);
#10026 = ORIENTED_EDGE('',*,*,#10009,.F.);
#10027 = ORIENTED_EDGE('',*,*,#7804,.T.);
#10028 = ORIENTED_EDGE('',*,*,#9992,.F.);
#10029 = CYLINDRICAL_SURFACE('',#10030,0.1);
#10030 = AXIS2_PLACEMENT_3D('',#10031,#10032,#10033);
#10031 = CARTESIAN_POINT('',(1.545,-6.89,-4.46691295064E-16));
#10032 = DIRECTION('',(-2.891205793295E-16,0.,-1.));
#10033 = DIRECTION('',(-1.,0.,2.891205793295E-16));
#10034 = MANIFOLD_SOLID_BREP('',#10035);
#10035 = CLOSED_SHELL('',(#10036,#10076,#10116,#10149,#10182,#10256,
    #10303,#10377,#10424,#10464,#10504,#10544,#10584,#10602,#10620,
    #10638,#10656,#10674,#10692,#10710,#10728,#10746,#10769,#10792,
    #10810,#10828,#10846,#10864,#10888,#10906,#10924,#10942,#10959,
    #10976,#10993,#11010,#11028,#11046,#11064,#11082,#11099,#11116));
#10036 = ADVANCED_FACE('',(#10037),#10071,.T.);
#10037 = FACE_BOUND('',#10038,.T.);
#10038 = EDGE_LOOP('',(#10039,#10049,#10057,#10065));
#10039 = ORIENTED_EDGE('',*,*,#10040,.T.);
#10040 = EDGE_CURVE('',#10041,#10043,#10045,.T.);
#10041 = VERTEX_POINT('',#10042);
#10042 = CARTESIAN_POINT('',(-1.07,-12.14,0.25));
#10043 = VERTEX_POINT('',#10044);
#10044 = CARTESIAN_POINT('',(-1.07,-12.14,-0.25));
#10045 = LINE('',#10046,#10047);
#10046 = CARTESIAN_POINT('',(-1.07,-12.14,0.3));
#10047 = VECTOR('',#10048,1.);
#10048 = DIRECTION('',(0.,-0.,-1.));
#10049 = ORIENTED_EDGE('',*,*,#10050,.T.);
#10050 = EDGE_CURVE('',#10043,#10051,#10053,.T.);
#10051 = VERTEX_POINT('',#10052);
#10052 = CARTESIAN_POINT('',(-1.07,-8.1,-0.25));
#10053 = LINE('',#10054,#10055);
#10054 = CARTESIAN_POINT('',(-1.07,-8.1,-0.25));
#10055 = VECTOR('',#10056,1.);
#10056 = DIRECTION('',(-1.610201246266E-16,1.,1.355252715607E-16));
#10057 = ORIENTED_EDGE('',*,*,#10058,.F.);
#10058 = EDGE_CURVE('',#10059,#10051,#10061,.T.);
#10059 = VERTEX_POINT('',#10060);
#10060 = CARTESIAN_POINT('',(-1.07,-8.1,0.25));
#10061 = LINE('',#10062,#10063);
#10062 = CARTESIAN_POINT('',(-1.07,-8.1,0.3));
#10063 = VECTOR('',#10064,1.);
#10064 = DIRECTION('',(0.,-0.,-1.));
#10065 = ORIENTED_EDGE('',*,*,#10066,.T.);
#10066 = EDGE_CURVE('',#10059,#10041,#10067,.T.);
#10067 = LINE('',#10068,#10069);
#10068 = CARTESIAN_POINT('',(-1.07,-12.14,0.25));
#10069 = VECTOR('',#10070,1.);
#10070 = DIRECTION('',(1.610201246266E-16,-1.,-1.355252715607E-16));
#10071 = PLANE('',#10072);
#10072 = AXIS2_PLACEMENT_3D('',#10073,#10074,#10075);
#10073 = CARTESIAN_POINT('',(-1.07,-12.14,0.3));
#10074 = DIRECTION('',(1.,1.610201246266E-16,0.));
#10075 = DIRECTION('',(-1.610201246266E-16,1.,0.));
#10076 = ADVANCED_FACE('',(#10077),#10111,.F.);
#10077 = FACE_BOUND('',#10078,.T.);
#10078 = EDGE_LOOP('',(#10079,#10089,#10097,#10105));
#10079 = ORIENTED_EDGE('',*,*,#10080,.F.);
#10080 = EDGE_CURVE('',#10081,#10083,#10085,.T.);
#10081 = VERTEX_POINT('',#10082);
#10082 = CARTESIAN_POINT('',(-1.47,-12.14,0.25));
#10083 = VERTEX_POINT('',#10084);
#10084 = CARTESIAN_POINT('',(-1.47,-12.14,-0.25));
#10085 = LINE('',#10086,#10087);
#10086 = CARTESIAN_POINT('',(-1.47,-12.14,0.3));
#10087 = VECTOR('',#10088,1.);
#10088 = DIRECTION('',(0.,-0.,-1.));
#10089 = ORIENTED_EDGE('',*,*,#10090,.T.);
#10090 = EDGE_CURVE('',#10081,#10091,#10093,.T.);
#10091 = VERTEX_POINT('',#10092);
#10092 = CARTESIAN_POINT('',(-1.47,-8.1,0.25));
#10093 = LINE('',#10094,#10095);
#10094 = CARTESIAN_POINT('',(-1.47,-8.1,0.25));
#10095 = VECTOR('',#10096,1.);
#10096 = DIRECTION('',(-1.610201246266E-16,1.,1.355252715607E-16));
#10097 = ORIENTED_EDGE('',*,*,#10098,.T.);
#10098 = EDGE_CURVE('',#10091,#10099,#10101,.T.);
#10099 = VERTEX_POINT('',#10100);
#10100 = CARTESIAN_POINT('',(-1.47,-8.1,-0.25));
#10101 = LINE('',#10102,#10103);
#10102 = CARTESIAN_POINT('',(-1.47,-8.1,0.3));
#10103 = VECTOR('',#10104,1.);
#10104 = DIRECTION('',(0.,-0.,-1.));
#10105 = ORIENTED_EDGE('',*,*,#10106,.T.);
#10106 = EDGE_CURVE('',#10099,#10083,#10107,.T.);
#10107 = LINE('',#10108,#10109);
#10108 = CARTESIAN_POINT('',(-1.47,-12.14,-0.25));
#10109 = VECTOR('',#10110,1.);
#10110 = DIRECTION('',(1.610201246266E-16,-1.,-1.355252715607E-16));
#10111 = PLANE('',#10112);
#10112 = AXIS2_PLACEMENT_3D('',#10113,#10114,#10115);
#10113 = CARTESIAN_POINT('',(-1.47,-12.14,0.3));
#10114 = DIRECTION('',(1.,1.610201246266E-16,0.));
#10115 = DIRECTION('',(-1.610201246266E-16,1.,0.));
#10116 = ADVANCED_FACE('',(#10117),#10144,.F.);
#10117 = FACE_BOUND('',#10118,.F.);
#10118 = EDGE_LOOP('',(#10119,#10128,#10129,#10138));
#10119 = ORIENTED_EDGE('',*,*,#10120,.F.);
#10120 = EDGE_CURVE('',#10041,#10121,#10123,.T.);
#10121 = VERTEX_POINT('',#10122);
#10122 = CARTESIAN_POINT('',(-0.77,-12.44,0.25));
#10123 = CIRCLE('',#10124,0.3);
#10124 = AXIS2_PLACEMENT_3D('',#10125,#10126,#10127);
#10125 = CARTESIAN_POINT('',(-0.77,-12.14,0.25));
#10126 = DIRECTION('',(0.,-1.355252715607E-16,1.));
#10127 = DIRECTION('',(0.,-1.,-1.355252715607E-16));
#10128 = ORIENTED_EDGE('',*,*,#10040,.T.);
#10129 = ORIENTED_EDGE('',*,*,#10130,.F.);
#10130 = EDGE_CURVE('',#10131,#10043,#10133,.T.);
#10131 = VERTEX_POINT('',#10132);
#10132 = CARTESIAN_POINT('',(-0.77,-12.44,-0.25));
#10133 = CIRCLE('',#10134,0.3);
#10134 = AXIS2_PLACEMENT_3D('',#10135,#10136,#10137);
#10135 = CARTESIAN_POINT('',(-0.77,-12.14,-0.25));
#10136 = DIRECTION('',(-0.,1.355252715607E-16,-1.));
#10137 = DIRECTION('',(0.,-1.,-1.355252715607E-16));
#10138 = ORIENTED_EDGE('',*,*,#10139,.F.);
#10139 = EDGE_CURVE('',#10121,#10131,#10140,.T.);
#10140 = LINE('',#10141,#10142);
#10141 = CARTESIAN_POINT('',(-0.77,-12.44,0.3));
#10142 = VECTOR('',#10143,1.);
#10143 = DIRECTION('',(0.,0.,-1.));
#10144 = CYLINDRICAL_SURFACE('',#10145,0.3);
#10145 = AXIS2_PLACEMENT_3D('',#10146,#10147,#10148);
#10146 = CARTESIAN_POINT('',(-0.77,-12.14,0.));
#10147 = DIRECTION('',(-0.,-0.,-1.));
#10148 = DIRECTION('',(-1.,0.,0.));
#10149 = ADVANCED_FACE('',(#10150),#10177,.T.);
#10150 = FACE_BOUND('',#10151,.T.);
#10151 = EDGE_LOOP('',(#10152,#10162,#10169,#10170));
#10152 = ORIENTED_EDGE('',*,*,#10153,.F.);
#10153 = EDGE_CURVE('',#10154,#10156,#10158,.T.);
#10154 = VERTEX_POINT('',#10155);
#10155 = CARTESIAN_POINT('',(-0.77,-12.84,0.25));
#10156 = VERTEX_POINT('',#10157);
#10157 = CARTESIAN_POINT('',(-0.77,-12.84,-0.25));
#10158 = LINE('',#10159,#10160);
#10159 = CARTESIAN_POINT('',(-0.77,-12.84,0.3));
#10160 = VECTOR('',#10161,1.);
#10161 = DIRECTION('',(0.,0.,-1.));
#10162 = ORIENTED_EDGE('',*,*,#10163,.T.);
#10163 = EDGE_CURVE('',#10154,#10081,#10164,.T.);
#10164 = CIRCLE('',#10165,0.7);
#10165 = AXIS2_PLACEMENT_3D('',#10166,#10167,#10168);
#10166 = CARTESIAN_POINT('',(-0.77,-12.14,0.25));
#10167 = DIRECTION('',(-0.,1.355252715607E-16,-1.));
#10168 = DIRECTION('',(0.,-1.,-1.355252715607E-16));
#10169 = ORIENTED_EDGE('',*,*,#10080,.T.);
#10170 = ORIENTED_EDGE('',*,*,#10171,.T.);
#10171 = EDGE_CURVE('',#10083,#10156,#10172,.T.);
#10172 = CIRCLE('',#10173,0.7);
#10173 = AXIS2_PLACEMENT_3D('',#10174,#10175,#10176);
#10174 = CARTESIAN_POINT('',(-0.77,-12.14,-0.25));
#10175 = DIRECTION('',(0.,-1.355252715607E-16,1.));
#10176 = DIRECTION('',(0.,-1.,-1.355252715607E-16));
#10177 = CYLINDRICAL_SURFACE('',#10178,0.7);
#10178 = AXIS2_PLACEMENT_3D('',#10179,#10180,#10181);
#10179 = CARTESIAN_POINT('',(-0.77,-12.14,0.));
#10180 = DIRECTION('',(-0.,-0.,-1.));
#10181 = DIRECTION('',(-1.,0.,0.));
#10182 = ADVANCED_FACE('',(#10183),#10251,.T.);
#10183 = FACE_BOUND('',#10184,.T.);
#10184 = EDGE_LOOP('',(#10185,#10195,#10203,#10212,#10220,#10228,#10236,
    #10245));
#10185 = ORIENTED_EDGE('',*,*,#10186,.T.);
#10186 = EDGE_CURVE('',#10187,#10189,#10191,.T.);
#10187 = VERTEX_POINT('',#10188);
#10188 = CARTESIAN_POINT('',(-1.12,-8.1,0.3));
#10189 = VERTEX_POINT('',#10190);
#10190 = CARTESIAN_POINT('',(-1.42,-8.1,0.3));
#10191 = LINE('',#10192,#10193);
#10192 = CARTESIAN_POINT('',(-1.07,-8.1,0.3));
#10193 = VECTOR('',#10194,1.);
#10194 = DIRECTION('',(-1.,1.392757777032E-14,-1.355252715607E-16));
#10195 = ORIENTED_EDGE('',*,*,#10196,.T.);
#10196 = EDGE_CURVE('',#10189,#10197,#10199,.T.);
#10197 = VERTEX_POINT('',#10198);
#10198 = CARTESIAN_POINT('',(-1.42,-12.14,0.3));
#10199 = LINE('',#10200,#10201);
#10200 = CARTESIAN_POINT('',(-1.42,-12.14,0.3));
#10201 = VECTOR('',#10202,1.);
#10202 = DIRECTION('',(1.610201246266E-16,-1.,-1.355252715607E-16));
#10203 = ORIENTED_EDGE('',*,*,#10204,.T.);
#10204 = EDGE_CURVE('',#10197,#10205,#10207,.T.);
#10205 = VERTEX_POINT('',#10206);
#10206 = CARTESIAN_POINT('',(-0.77,-12.79,0.3));
#10207 = CIRCLE('',#10208,0.65);
#10208 = AXIS2_PLACEMENT_3D('',#10209,#10210,#10211);
#10209 = CARTESIAN_POINT('',(-0.77,-12.14,0.3));
#10210 = DIRECTION('',(0.,-1.355252715607E-16,1.));
#10211 = DIRECTION('',(0.,-1.,-1.355252715607E-16));
#10212 = ORIENTED_EDGE('',*,*,#10213,.T.);
#10213 = EDGE_CURVE('',#10205,#10214,#10216,.T.);
#10214 = VERTEX_POINT('',#10215);
#10215 = CARTESIAN_POINT('',(5.479289321881,-12.79,0.3));
#10216 = LINE('',#10217,#10218);
#10217 = CARTESIAN_POINT('',(-0.77,-12.79,0.3));
#10218 = VECTOR('',#10219,1.);
#10219 = DIRECTION('',(1.,0.,0.));
#10220 = ORIENTED_EDGE('',*,*,#10221,.T.);
#10221 = EDGE_CURVE('',#10214,#10222,#10224,.T.);
#10222 = VERTEX_POINT('',#10223);
#10223 = CARTESIAN_POINT('',(5.479289321881,-12.49,0.3));
#10224 = LINE('',#10225,#10226);
#10225 = CARTESIAN_POINT('',(5.479289321881,-12.44,0.3));
#10226 = VECTOR('',#10227,1.);
#10227 = DIRECTION('',(-5.105576340132E-33,1.,1.355252715607E-16));
#10228 = ORIENTED_EDGE('',*,*,#10229,.T.);
#10229 = EDGE_CURVE('',#10222,#10230,#10232,.T.);
#10230 = VERTEX_POINT('',#10231);
#10231 = CARTESIAN_POINT('',(-0.77,-12.49,0.3));
#10232 = LINE('',#10233,#10234);
#10233 = CARTESIAN_POINT('',(-0.77,-12.49,0.3));
#10234 = VECTOR('',#10235,1.);
#10235 = DIRECTION('',(-1.,-0.,0.));
#10236 = ORIENTED_EDGE('',*,*,#10237,.T.);
#10237 = EDGE_CURVE('',#10230,#10238,#10240,.T.);
#10238 = VERTEX_POINT('',#10239);
#10239 = CARTESIAN_POINT('',(-1.12,-12.14,0.3));
#10240 = CIRCLE('',#10241,0.35);
#10241 = AXIS2_PLACEMENT_3D('',#10242,#10243,#10244);
#10242 = CARTESIAN_POINT('',(-0.77,-12.14,0.3));
#10243 = DIRECTION('',(-0.,1.355252715607E-16,-1.));
#10244 = DIRECTION('',(0.,-1.,-1.355252715607E-16));
#10245 = ORIENTED_EDGE('',*,*,#10246,.T.);
#10246 = EDGE_CURVE('',#10238,#10187,#10247,.T.);
#10247 = LINE('',#10248,#10249);
#10248 = CARTESIAN_POINT('',(-1.12,-12.44,0.3));
#10249 = VECTOR('',#10250,1.);
#10250 = DIRECTION('',(-1.610201246266E-16,1.,1.355252715607E-16));
#10251 = PLANE('',#10252);
#10252 = AXIS2_PLACEMENT_3D('',#10253,#10254,#10255);
#10253 = CARTESIAN_POINT('',(-0.77,-12.44,0.3));
#10254 = DIRECTION('',(0.,-1.355252715607E-16,1.));
#10255 = DIRECTION('',(0.,-1.,-1.355252715607E-16));
#10256 = ADVANCED_FACE('',(#10257),#10298,.F.);
#10257 = FACE_BOUND('',#10258,.T.);
#10258 = EDGE_LOOP('',(#10259,#10269,#10275,#10276,#10284,#10292));
#10259 = ORIENTED_EDGE('',*,*,#10260,.T.);
#10260 = EDGE_CURVE('',#10261,#10263,#10265,.T.);
#10261 = VERTEX_POINT('',#10262);
#10262 = CARTESIAN_POINT('',(5.65,-12.44,-7.928932188134E-02));
#10263 = VERTEX_POINT('',#10264);
#10264 = CARTESIAN_POINT('',(5.479289321881,-12.44,-0.25));
#10265 = LINE('',#10266,#10267);
#10266 = CARTESIAN_POINT('',(5.464644660941,-12.44,-0.264644660941));
#10267 = VECTOR('',#10268,1.);
#10268 = DIRECTION('',(-0.707106781187,0.,-0.707106781187));
#10269 = ORIENTED_EDGE('',*,*,#10270,.T.);
#10270 = EDGE_CURVE('',#10263,#10131,#10271,.T.);
#10271 = LINE('',#10272,#10273);
#10272 = CARTESIAN_POINT('',(-0.77,-12.44,-0.25));
#10273 = VECTOR('',#10274,1.);
#10274 = DIRECTION('',(-1.,-0.,-0.));
#10275 = ORIENTED_EDGE('',*,*,#10139,.F.);
#10276 = ORIENTED_EDGE('',*,*,#10277,.T.);
#10277 = EDGE_CURVE('',#10121,#10278,#10280,.T.);
#10278 = VERTEX_POINT('',#10279);
#10279 = CARTESIAN_POINT('',(5.479289321881,-12.44,0.25));
#10280 = LINE('',#10281,#10282);
#10281 = CARTESIAN_POINT('',(5.5,-12.44,0.25));
#10282 = VECTOR('',#10283,1.);
#10283 = DIRECTION('',(1.,0.,0.));
#10284 = ORIENTED_EDGE('',*,*,#10285,.T.);
#10285 = EDGE_CURVE('',#10278,#10286,#10288,.T.);
#10286 = VERTEX_POINT('',#10287);
#10287 = CARTESIAN_POINT('',(5.65,-12.44,7.928932188135E-02));
#10288 = LINE('',#10289,#10290);
#10289 = CARTESIAN_POINT('',(5.664644660941,-12.44,6.464466094067E-02));
#10290 = VECTOR('',#10291,1.);
#10291 = DIRECTION('',(0.707106781187,-0.,-0.707106781187));
#10292 = ORIENTED_EDGE('',*,*,#10293,.T.);
#10293 = EDGE_CURVE('',#10286,#10261,#10294,.T.);
#10294 = LINE('',#10295,#10296);
#10295 = CARTESIAN_POINT('',(5.65,-12.44,-1.E-01));
#10296 = VECTOR('',#10297,1.);
#10297 = DIRECTION('',(0.,0.,-1.));
#10298 = PLANE('',#10299);
#10299 = AXIS2_PLACEMENT_3D('',#10300,#10301,#10302);
#10300 = CARTESIAN_POINT('',(-0.77,-12.44,0.3));
#10301 = DIRECTION('',(0.,-1.,-0.));
#10302 = DIRECTION('',(0.,0.,-1.));
#10303 = ADVANCED_FACE('',(#10304),#10372,.F.);
#10304 = FACE_BOUND('',#10305,.T.);
#10305 = EDGE_LOOP('',(#10306,#10317,#10325,#10333,#10341,#10350,#10358,
    #10366));
#10306 = ORIENTED_EDGE('',*,*,#10307,.T.);
#10307 = EDGE_CURVE('',#10308,#10310,#10312,.T.);
#10308 = VERTEX_POINT('',#10309);
#10309 = CARTESIAN_POINT('',(-0.77,-12.79,-0.3));
#10310 = VERTEX_POINT('',#10311);
#10311 = CARTESIAN_POINT('',(-1.42,-12.14,-0.3));
#10312 = CIRCLE('',#10313,0.65);
#10313 = AXIS2_PLACEMENT_3D('',#10314,#10315,#10316);
#10314 = CARTESIAN_POINT('',(-0.77,-12.14,-0.3));
#10315 = DIRECTION('',(-0.,1.355252715607E-16,-1.));
#10316 = DIRECTION('',(0.,-1.,-1.355252715607E-16));
#10317 = ORIENTED_EDGE('',*,*,#10318,.T.);
#10318 = EDGE_CURVE('',#10310,#10319,#10321,.T.);
#10319 = VERTEX_POINT('',#10320);
#10320 = CARTESIAN_POINT('',(-1.42,-8.1,-0.3));
#10321 = LINE('',#10322,#10323);
#10322 = CARTESIAN_POINT('',(-1.42,-12.44,-0.3));
#10323 = VECTOR('',#10324,1.);
#10324 = DIRECTION('',(-1.610201246266E-16,1.,1.355252715607E-16));
#10325 = ORIENTED_EDGE('',*,*,#10326,.F.);
#10326 = EDGE_CURVE('',#10327,#10319,#10329,.T.);
#10327 = VERTEX_POINT('',#10328);
#10328 = CARTESIAN_POINT('',(-1.12,-8.1,-0.3));
#10329 = LINE('',#10330,#10331);
#10330 = CARTESIAN_POINT('',(-1.07,-8.1,-0.3));
#10331 = VECTOR('',#10332,1.);
#10332 = DIRECTION('',(-1.,1.392757777032E-14,-1.355252715607E-16));
#10333 = ORIENTED_EDGE('',*,*,#10334,.T.);
#10334 = EDGE_CURVE('',#10327,#10335,#10337,.T.);
#10335 = VERTEX_POINT('',#10336);
#10336 = CARTESIAN_POINT('',(-1.12,-12.14,-0.3));
#10337 = LINE('',#10338,#10339);
#10338 = CARTESIAN_POINT('',(-1.12,-12.14,-0.3));
#10339 = VECTOR('',#10340,1.);
#10340 = DIRECTION('',(1.610201246266E-16,-1.,-1.355252715607E-16));
#10341 = ORIENTED_EDGE('',*,*,#10342,.T.);
#10342 = EDGE_CURVE('',#10335,#10343,#10345,.T.);
#10343 = VERTEX_POINT('',#10344);
#10344 = CARTESIAN_POINT('',(-0.77,-12.49,-0.3));
#10345 = CIRCLE('',#10346,0.35);
#10346 = AXIS2_PLACEMENT_3D('',#10347,#10348,#10349);
#10347 = CARTESIAN_POINT('',(-0.77,-12.14,-0.3));
#10348 = DIRECTION('',(0.,-1.355252715607E-16,1.));
#10349 = DIRECTION('',(0.,-1.,-1.355252715607E-16));
#10350 = ORIENTED_EDGE('',*,*,#10351,.T.);
#10351 = EDGE_CURVE('',#10343,#10352,#10354,.T.);
#10352 = VERTEX_POINT('',#10353);
#10353 = CARTESIAN_POINT('',(5.479289321881,-12.49,-0.3));
#10354 = LINE('',#10355,#10356);
#10355 = CARTESIAN_POINT('',(-0.77,-12.49,-0.3));
#10356 = VECTOR('',#10357,1.);
#10357 = DIRECTION('',(1.,0.,0.));
#10358 = ORIENTED_EDGE('',*,*,#10359,.T.);
#10359 = EDGE_CURVE('',#10352,#10360,#10362,.T.);
#10360 = VERTEX_POINT('',#10361);
#10361 = CARTESIAN_POINT('',(5.479289321881,-12.79,-0.3));
#10362 = LINE('',#10363,#10364);
#10363 = CARTESIAN_POINT('',(5.479289321881,-12.84,-0.3));
#10364 = VECTOR('',#10365,1.);
#10365 = DIRECTION('',(0.,-1.,-1.355252715607E-16));
#10366 = ORIENTED_EDGE('',*,*,#10367,.T.);
#10367 = EDGE_CURVE('',#10360,#10308,#10368,.T.);
#10368 = LINE('',#10369,#10370);
#10369 = CARTESIAN_POINT('',(-0.77,-12.79,-0.3));
#10370 = VECTOR('',#10371,1.);
#10371 = DIRECTION('',(-1.,-0.,0.));
#10372 = PLANE('',#10373);
#10373 = AXIS2_PLACEMENT_3D('',#10374,#10375,#10376);
#10374 = CARTESIAN_POINT('',(-0.77,-12.44,-0.3));
#10375 = DIRECTION('',(0.,-1.355252715607E-16,1.));
#10376 = DIRECTION('',(0.,-1.,-1.355252715607E-16));
#10377 = ADVANCED_FACE('',(#10378),#10419,.T.);
#10378 = FACE_BOUND('',#10379,.T.);
#10379 = EDGE_LOOP('',(#10380,#10381,#10389,#10397,#10405,#10413));
#10380 = ORIENTED_EDGE('',*,*,#10153,.T.);
#10381 = ORIENTED_EDGE('',*,*,#10382,.T.);
#10382 = EDGE_CURVE('',#10156,#10383,#10385,.T.);
#10383 = VERTEX_POINT('',#10384);
#10384 = CARTESIAN_POINT('',(5.479289321881,-12.84,-0.25));
#10385 = LINE('',#10386,#10387);
#10386 = CARTESIAN_POINT('',(5.5,-12.84,-0.25));
#10387 = VECTOR('',#10388,1.);
#10388 = DIRECTION('',(1.,0.,0.));
#10389 = ORIENTED_EDGE('',*,*,#10390,.T.);
#10390 = EDGE_CURVE('',#10383,#10391,#10393,.T.);
#10391 = VERTEX_POINT('',#10392);
#10392 = CARTESIAN_POINT('',(5.65,-12.84,-7.928932188134E-02));
#10393 = LINE('',#10394,#10395);
#10394 = CARTESIAN_POINT('',(2.629644660941,-12.84,-3.099644660941));
#10395 = VECTOR('',#10396,1.);
#10396 = DIRECTION('',(0.707106781187,0.,0.707106781187));
#10397 = ORIENTED_EDGE('',*,*,#10398,.T.);
#10398 = EDGE_CURVE('',#10391,#10399,#10401,.T.);
#10399 = VERTEX_POINT('',#10400);
#10400 = CARTESIAN_POINT('',(5.65,-12.84,7.928932188135E-02));
#10401 = LINE('',#10402,#10403);
#10402 = CARTESIAN_POINT('',(5.65,-12.84,0.3));
#10403 = VECTOR('',#10404,1.);
#10404 = DIRECTION('',(-0.,-0.,1.));
#10405 = ORIENTED_EDGE('',*,*,#10406,.T.);
#10406 = EDGE_CURVE('',#10399,#10407,#10409,.T.);
#10407 = VERTEX_POINT('',#10408);
#10408 = CARTESIAN_POINT('',(5.479289321881,-12.84,0.25));
#10409 = LINE('',#10410,#10411);
#10410 = CARTESIAN_POINT('',(2.329644660941,-12.84,3.399644660941));
#10411 = VECTOR('',#10412,1.);
#10412 = DIRECTION('',(-0.707106781187,-0.,0.707106781187));
#10413 = ORIENTED_EDGE('',*,*,#10414,.T.);
#10414 = EDGE_CURVE('',#10407,#10154,#10415,.T.);
#10415 = LINE('',#10416,#10417);
#10416 = CARTESIAN_POINT('',(-0.77,-12.84,0.25));
#10417 = VECTOR('',#10418,1.);
#10418 = DIRECTION('',(-1.,-0.,-0.));
#10419 = PLANE('',#10420);
#10420 = AXIS2_PLACEMENT_3D('',#10421,#10422,#10423);
#10421 = CARTESIAN_POINT('',(-0.77,-12.84,0.3));
#10422 = DIRECTION('',(0.,-1.,-0.));
#10423 = DIRECTION('',(0.,0.,-1.));
#10424 = ADVANCED_FACE('',(#10425),#10459,.F.);
#10425 = FACE_BOUND('',#10426,.T.);
#10426 = EDGE_LOOP('',(#10427,#10428,#10435,#10436,#10443,#10444,#10451,
    #10452));
#10427 = ORIENTED_EDGE('',*,*,#10098,.F.);
#10428 = ORIENTED_EDGE('',*,*,#10429,.T.);
#10429 = EDGE_CURVE('',#10091,#10189,#10430,.T.);
#10430 = CIRCLE('',#10431,5.E-02);
#10431 = AXIS2_PLACEMENT_3D('',#10432,#10433,#10434);
#10432 = CARTESIAN_POINT('',(-1.42,-8.1,0.25));
#10433 = DIRECTION('',(1.392757777032E-14,1.,0.));
#10434 = DIRECTION('',(1.,-1.392757777032E-14,0.));
#10435 = ORIENTED_EDGE('',*,*,#10186,.F.);
#10436 = ORIENTED_EDGE('',*,*,#10437,.T.);
#10437 = EDGE_CURVE('',#10187,#10059,#10438,.T.);
#10438 = CIRCLE('',#10439,5.E-02);
#10439 = AXIS2_PLACEMENT_3D('',#10440,#10441,#10442);
#10440 = CARTESIAN_POINT('',(-1.12,-8.1,0.25));
#10441 = DIRECTION('',(1.392757777032E-14,1.,0.));
#10442 = DIRECTION('',(1.,-1.392757777032E-14,0.));
#10443 = ORIENTED_EDGE('',*,*,#10058,.T.);
#10444 = ORIENTED_EDGE('',*,*,#10445,.T.);
#10445 = EDGE_CURVE('',#10051,#10327,#10446,.T.);
#10446 = CIRCLE('',#10447,5.E-02);
#10447 = AXIS2_PLACEMENT_3D('',#10448,#10449,#10450);
#10448 = CARTESIAN_POINT('',(-1.12,-8.1,-0.25));
#10449 = DIRECTION('',(1.392757777032E-14,1.,0.));
#10450 = DIRECTION('',(1.,-1.392757777032E-14,0.));
#10451 = ORIENTED_EDGE('',*,*,#10326,.T.);
#10452 = ORIENTED_EDGE('',*,*,#10453,.T.);
#10453 = EDGE_CURVE('',#10319,#10099,#10454,.T.);
#10454 = CIRCLE('',#10455,5.E-02);
#10455 = AXIS2_PLACEMENT_3D('',#10456,#10457,#10458);
#10456 = CARTESIAN_POINT('',(-1.42,-8.1,-0.25));
#10457 = DIRECTION('',(1.392757777032E-14,1.,0.));
#10458 = DIRECTION('',(1.,-1.392757777032E-14,0.));
#10459 = PLANE('',#10460);
#10460 = AXIS2_PLACEMENT_3D('',#10461,#10462,#10463);
#10461 = CARTESIAN_POINT('',(11.37,-8.1,0.));
#10462 = DIRECTION('',(-1.392757777032E-14,-1.,0.));
#10463 = DIRECTION('',(0.,-0.,-1.));
#10464 = ADVANCED_FACE('',(#10465),#10499,.T.);
#10465 = FACE_BOUND('',#10466,.T.);
#10466 = EDGE_LOOP('',(#10467,#10477,#10485,#10493));
#10467 = ORIENTED_EDGE('',*,*,#10468,.T.);
#10468 = EDGE_CURVE('',#10469,#10471,#10473,.T.);
#10469 = VERTEX_POINT('',#10470);
#10470 = CARTESIAN_POINT('',(5.7,-12.49,-7.928932188134E-02));
#10471 = VERTEX_POINT('',#10472);
#10472 = CARTESIAN_POINT('',(5.7,-12.49,7.928932188134E-02));
#10473 = LINE('',#10474,#10475);
#10474 = CARTESIAN_POINT('',(5.7,-12.49,1.E-01));
#10475 = VECTOR('',#10476,1.);
#10476 = DIRECTION('',(-0.,-0.,1.));
#10477 = ORIENTED_EDGE('',*,*,#10478,.T.);
#10478 = EDGE_CURVE('',#10471,#10479,#10481,.T.);
#10479 = VERTEX_POINT('',#10480);
#10480 = CARTESIAN_POINT('',(5.7,-12.79,7.928932188134E-02));
#10481 = LINE('',#10482,#10483);
#10482 = CARTESIAN_POINT('',(5.7,-1.074570687983E-17,7.928932188135E-02)
  );
#10483 = VECTOR('',#10484,1.);
#10484 = DIRECTION('',(0.,-1.,-1.355252715607E-16));
#10485 = ORIENTED_EDGE('',*,*,#10486,.T.);
#10486 = EDGE_CURVE('',#10479,#10487,#10489,.T.);
#10487 = VERTEX_POINT('',#10488);
#10488 = CARTESIAN_POINT('',(5.7,-12.79,-7.928932188134E-02));
#10489 = LINE('',#10490,#10491);
#10490 = CARTESIAN_POINT('',(5.7,-12.79,0.));
#10491 = VECTOR('',#10492,1.);
#10492 = DIRECTION('',(0.,0.,-1.));
#10493 = ORIENTED_EDGE('',*,*,#10494,.T.);
#10494 = EDGE_CURVE('',#10487,#10469,#10495,.T.);
#10495 = LINE('',#10496,#10497);
#10496 = CARTESIAN_POINT('',(5.7,1.074570687983E-17,-7.928932188134E-02)
  );
#10497 = VECTOR('',#10498,1.);
#10498 = DIRECTION('',(-0.,1.,1.355252715607E-16));
#10499 = PLANE('',#10500);
#10500 = AXIS2_PLACEMENT_3D('',#10501,#10502,#10503);
#10501 = CARTESIAN_POINT('',(5.7,0.,0.));
#10502 = DIRECTION('',(1.,0.,0.));
#10503 = DIRECTION('',(0.,0.,-1.));
#10504 = ADVANCED_FACE('',(#10505),#10539,.T.);
#10505 = FACE_BOUND('',#10506,.T.);
#10506 = EDGE_LOOP('',(#10507,#10517,#10525,#10533));
#10507 = ORIENTED_EDGE('',*,*,#10508,.T.);
#10508 = EDGE_CURVE('',#10509,#10511,#10513,.T.);
#10509 = VERTEX_POINT('',#10510);
#10510 = CARTESIAN_POINT('',(5.685355339059,-12.79,-0.114644660941));
#10511 = VERTEX_POINT('',#10512);
#10512 = CARTESIAN_POINT('',(5.514644660941,-12.79,-0.285355339059));
#10513 = LINE('',#10514,#10515);
#10514 = CARTESIAN_POINT('',(5.5,-12.79,-0.3));
#10515 = VECTOR('',#10516,1.);
#10516 = DIRECTION('',(-0.707106781187,-0.,-0.707106781187));
#10517 = ORIENTED_EDGE('',*,*,#10518,.T.);
#10518 = EDGE_CURVE('',#10511,#10519,#10521,.T.);
#10519 = VERTEX_POINT('',#10520);
#10520 = CARTESIAN_POINT('',(5.514644660941,-12.49,-0.285355339059));
#10521 = LINE('',#10522,#10523);
#10522 = CARTESIAN_POINT('',(5.514644660941,-12.44,-0.285355339059));
#10523 = VECTOR('',#10524,1.);
#10524 = DIRECTION('',(3.610187651973E-33,1.,1.355252715607E-16));
#10525 = ORIENTED_EDGE('',*,*,#10526,.T.);
#10526 = EDGE_CURVE('',#10519,#10527,#10529,.T.);
#10527 = VERTEX_POINT('',#10528);
#10528 = CARTESIAN_POINT('',(5.685355339059,-12.49,-0.114644660941));
#10529 = LINE('',#10530,#10531);
#10530 = CARTESIAN_POINT('',(5.7,-12.49,-1.E-01));
#10531 = VECTOR('',#10532,1.);
#10532 = DIRECTION('',(0.707106781187,-0.,0.707106781187));
#10533 = ORIENTED_EDGE('',*,*,#10534,.T.);
#10534 = EDGE_CURVE('',#10527,#10509,#10535,.T.);
#10535 = LINE('',#10536,#10537);
#10536 = CARTESIAN_POINT('',(5.685355339059,-12.44,-0.114644660941));
#10537 = VECTOR('',#10538,1.);
#10538 = DIRECTION('',(-1.232595164408E-32,-1.,-1.355252715607E-16));
#10539 = PLANE('',#10540);
#10540 = AXIS2_PLACEMENT_3D('',#10541,#10542,#10543);
#10541 = CARTESIAN_POINT('',(5.5,-12.44,-0.3));
#10542 = DIRECTION('',(0.707106781187,9.583083854271E-17,-0.707106781187
    ));
#10543 = DIRECTION('',(1.232595164408E-32,1.,1.355252715607E-16));
#10544 = ADVANCED_FACE('',(#10545),#10579,.F.);
#10545 = FACE_BOUND('',#10546,.T.);
#10546 = EDGE_LOOP('',(#10547,#10557,#10565,#10573));
#10547 = ORIENTED_EDGE('',*,*,#10548,.T.);
#10548 = EDGE_CURVE('',#10549,#10551,#10553,.T.);
#10549 = VERTEX_POINT('',#10550);
#10550 = CARTESIAN_POINT('',(5.514644660941,-12.49,0.285355339059));
#10551 = VERTEX_POINT('',#10552);
#10552 = CARTESIAN_POINT('',(5.514644660941,-12.79,0.285355339059));
#10553 = LINE('',#10554,#10555);
#10554 = CARTESIAN_POINT('',(5.514644660941,-3.867285981731E-17,
    0.285355339059));
#10555 = VECTOR('',#10556,1.);
#10556 = DIRECTION('',(3.336766728026E-32,-1.,-1.355252715607E-16));
#10557 = ORIENTED_EDGE('',*,*,#10558,.T.);
#10558 = EDGE_CURVE('',#10551,#10559,#10561,.T.);
#10559 = VERTEX_POINT('',#10560);
#10560 = CARTESIAN_POINT('',(5.685355339059,-12.79,0.114644660941));
#10561 = LINE('',#10562,#10563);
#10562 = CARTESIAN_POINT('',(5.7,-12.79,0.1));
#10563 = VECTOR('',#10564,1.);
#10564 = DIRECTION('',(0.707106781187,-0.,-0.707106781187));
#10565 = ORIENTED_EDGE('',*,*,#10566,.T.);
#10566 = EDGE_CURVE('',#10559,#10567,#10569,.T.);
#10567 = VERTEX_POINT('',#10568);
#10568 = CARTESIAN_POINT('',(5.685355339059,-12.49,0.114644660941));
#10569 = LINE('',#10570,#10571);
#10570 = CARTESIAN_POINT('',(5.685355339059,-1.553724880697E-17,
    0.114644660941));
#10571 = VECTOR('',#10572,1.);
#10572 = DIRECTION('',(-1.368455531567E-48,1.,1.355252715607E-16));
#10573 = ORIENTED_EDGE('',*,*,#10574,.T.);
#10574 = EDGE_CURVE('',#10567,#10549,#10575,.T.);
#10575 = LINE('',#10576,#10577);
#10576 = CARTESIAN_POINT('',(5.5,-12.49,0.3));
#10577 = VECTOR('',#10578,1.);
#10578 = DIRECTION('',(-0.707106781187,-0.,0.707106781187));
#10579 = PLANE('',#10580);
#10580 = AXIS2_PLACEMENT_3D('',#10581,#10582,#10583);
#10581 = CARTESIAN_POINT('',(5.7,-1.355252715607E-17,0.1));
#10582 = DIRECTION('',(-0.707106781187,9.583083854271E-17,
    -0.707106781187));
#10583 = DIRECTION('',(0.,-1.,-1.355252715607E-16));
#10584 = ADVANCED_FACE('',(#10585),#10597,.T.);
#10585 = FACE_BOUND('',#10586,.T.);
#10586 = EDGE_LOOP('',(#10587,#10588,#10589,#10596));
#10587 = ORIENTED_EDGE('',*,*,#10437,.F.);
#10588 = ORIENTED_EDGE('',*,*,#10246,.F.);
#10589 = ORIENTED_EDGE('',*,*,#10590,.F.);
#10590 = EDGE_CURVE('',#10041,#10238,#10591,.T.);
#10591 = CIRCLE('',#10592,5.E-02);
#10592 = AXIS2_PLACEMENT_3D('',#10593,#10594,#10595);
#10593 = CARTESIAN_POINT('',(-1.12,-12.14,0.25));
#10594 = DIRECTION('',(0.,-1.,0.));
#10595 = DIRECTION('',(0.,0.,-1.));
#10596 = ORIENTED_EDGE('',*,*,#10066,.F.);
#10597 = CYLINDRICAL_SURFACE('',#10598,5.E-02);
#10598 = AXIS2_PLACEMENT_3D('',#10599,#10600,#10601);
#10599 = CARTESIAN_POINT('',(-1.12,-12.44,0.25));
#10600 = DIRECTION('',(-1.610201246266E-16,1.,1.355252715607E-16));
#10601 = DIRECTION('',(-1.,-1.610201246266E-16,-2.182229611675E-32));
#10602 = ADVANCED_FACE('',(#10603),#10615,.T.);
#10603 = FACE_BOUND('',#10604,.T.);
#10604 = EDGE_LOOP('',(#10605,#10606,#10607,#10614));
#10605 = ORIENTED_EDGE('',*,*,#10445,.F.);
#10606 = ORIENTED_EDGE('',*,*,#10050,.F.);
#10607 = ORIENTED_EDGE('',*,*,#10608,.F.);
#10608 = EDGE_CURVE('',#10335,#10043,#10609,.T.);
#10609 = CIRCLE('',#10610,5.E-02);
#10610 = AXIS2_PLACEMENT_3D('',#10611,#10612,#10613);
#10611 = CARTESIAN_POINT('',(-1.12,-12.14,-0.25));
#10612 = DIRECTION('',(0.,-1.,0.));
#10613 = DIRECTION('',(0.,0.,-1.));
#10614 = ORIENTED_EDGE('',*,*,#10334,.F.);
#10615 = CYLINDRICAL_SURFACE('',#10616,5.E-02);
#10616 = AXIS2_PLACEMENT_3D('',#10617,#10618,#10619);
#10617 = CARTESIAN_POINT('',(-1.12,-12.14,-0.25));
#10618 = DIRECTION('',(1.610201246266E-16,-1.,-1.355252715607E-16));
#10619 = DIRECTION('',(1.,1.610201246266E-16,2.182229611675E-32));
#10620 = ADVANCED_FACE('',(#10621),#10633,.T.);
#10621 = FACE_BOUND('',#10622,.T.);
#10622 = EDGE_LOOP('',(#10623,#10624,#10625,#10632));
#10623 = ORIENTED_EDGE('',*,*,#10590,.T.);
#10624 = ORIENTED_EDGE('',*,*,#10237,.F.);
#10625 = ORIENTED_EDGE('',*,*,#10626,.F.);
#10626 = EDGE_CURVE('',#10121,#10230,#10627,.T.);
#10627 = CIRCLE('',#10628,5.E-02);
#10628 = AXIS2_PLACEMENT_3D('',#10629,#10630,#10631);
#10629 = CARTESIAN_POINT('',(-0.77,-12.49,0.25));
#10630 = DIRECTION('',(1.,1.084202172486E-14,-0.));
#10631 = DIRECTION('',(-1.084202172486E-14,1.,0.));
#10632 = ORIENTED_EDGE('',*,*,#10120,.F.);
#10633 = TOROIDAL_SURFACE('',#10634,0.35,5.E-02);
#10634 = AXIS2_PLACEMENT_3D('',#10635,#10636,#10637);
#10635 = CARTESIAN_POINT('',(-0.77,-12.14,0.25));
#10636 = DIRECTION('',(0.,-1.355252715607E-16,1.));
#10637 = DIRECTION('',(0.,-1.,-1.355252715607E-16));
#10638 = ADVANCED_FACE('',(#10639),#10651,.T.);
#10639 = FACE_BOUND('',#10640,.T.);
#10640 = EDGE_LOOP('',(#10641,#10642,#10643,#10650));
#10641 = ORIENTED_EDGE('',*,*,#10608,.T.);
#10642 = ORIENTED_EDGE('',*,*,#10130,.F.);
#10643 = ORIENTED_EDGE('',*,*,#10644,.F.);
#10644 = EDGE_CURVE('',#10343,#10131,#10645,.T.);
#10645 = CIRCLE('',#10646,5.E-02);
#10646 = AXIS2_PLACEMENT_3D('',#10647,#10648,#10649);
#10647 = CARTESIAN_POINT('',(-0.77,-12.49,-0.25));
#10648 = DIRECTION('',(1.,-0.,0.));
#10649 = DIRECTION('',(0.,0.,-1.));
#10650 = ORIENTED_EDGE('',*,*,#10342,.F.);
#10651 = TOROIDAL_SURFACE('',#10652,0.35,5.E-02);
#10652 = AXIS2_PLACEMENT_3D('',#10653,#10654,#10655);
#10653 = CARTESIAN_POINT('',(-0.77,-12.14,-0.25));
#10654 = DIRECTION('',(0.,-1.355252715607E-16,1.));
#10655 = DIRECTION('',(0.,-1.,-1.355252715607E-16));
#10656 = ADVANCED_FACE('',(#10657),#10669,.T.);
#10657 = FACE_BOUND('',#10658,.T.);
#10658 = EDGE_LOOP('',(#10659,#10660,#10661,#10668));
#10659 = ORIENTED_EDGE('',*,*,#10429,.F.);
#10660 = ORIENTED_EDGE('',*,*,#10090,.F.);
#10661 = ORIENTED_EDGE('',*,*,#10662,.F.);
#10662 = EDGE_CURVE('',#10197,#10081,#10663,.T.);
#10663 = CIRCLE('',#10664,5.E-02);
#10664 = AXIS2_PLACEMENT_3D('',#10665,#10666,#10667);
#10665 = CARTESIAN_POINT('',(-1.42,-12.14,0.25));
#10666 = DIRECTION('',(0.,-1.,0.));
#10667 = DIRECTION('',(0.,0.,-1.));
#10668 = ORIENTED_EDGE('',*,*,#10196,.F.);
#10669 = CYLINDRICAL_SURFACE('',#10670,5.E-02);
#10670 = AXIS2_PLACEMENT_3D('',#10671,#10672,#10673);
#10671 = CARTESIAN_POINT('',(-1.42,-12.14,0.25));
#10672 = DIRECTION('',(1.610201246266E-16,-1.,-1.355252715607E-16));
#10673 = DIRECTION('',(1.,1.610201246266E-16,2.182229611675E-32));
#10674 = ADVANCED_FACE('',(#10675),#10687,.T.);
#10675 = FACE_BOUND('',#10676,.T.);
#10676 = EDGE_LOOP('',(#10677,#10678,#10679,#10686));
#10677 = ORIENTED_EDGE('',*,*,#10626,.T.);
#10678 = ORIENTED_EDGE('',*,*,#10229,.F.);
#10679 = ORIENTED_EDGE('',*,*,#10680,.F.);
#10680 = EDGE_CURVE('',#10278,#10222,#10681,.T.);
#10681 = CIRCLE('',#10682,5.E-02);
#10682 = AXIS2_PLACEMENT_3D('',#10683,#10684,#10685);
#10683 = CARTESIAN_POINT('',(5.479289321881,-12.49,0.25));
#10684 = DIRECTION('',(1.,0.,0.));
#10685 = DIRECTION('',(0.,0.,-1.));
#10686 = ORIENTED_EDGE('',*,*,#10277,.F.);
#10687 = CYLINDRICAL_SURFACE('',#10688,5.E-02);
#10688 = AXIS2_PLACEMENT_3D('',#10689,#10690,#10691);
#10689 = CARTESIAN_POINT('',(-0.77,-12.49,0.25));
#10690 = DIRECTION('',(-1.,0.,0.));
#10691 = DIRECTION('',(0.,0.,1.));
#10692 = ADVANCED_FACE('',(#10693),#10705,.T.);
#10693 = FACE_BOUND('',#10694,.T.);
#10694 = EDGE_LOOP('',(#10695,#10696,#10697,#10704));
#10695 = ORIENTED_EDGE('',*,*,#10644,.T.);
#10696 = ORIENTED_EDGE('',*,*,#10270,.F.);
#10697 = ORIENTED_EDGE('',*,*,#10698,.F.);
#10698 = EDGE_CURVE('',#10352,#10263,#10699,.T.);
#10699 = CIRCLE('',#10700,5.E-02);
#10700 = AXIS2_PLACEMENT_3D('',#10701,#10702,#10703);
#10701 = CARTESIAN_POINT('',(5.479289321881,-12.49,-0.25));
#10702 = DIRECTION('',(1.,-0.,0.));
#10703 = DIRECTION('',(0.,0.,-1.));
#10704 = ORIENTED_EDGE('',*,*,#10351,.F.);
#10705 = CYLINDRICAL_SURFACE('',#10706,5.E-02);
#10706 = AXIS2_PLACEMENT_3D('',#10707,#10708,#10709);
#10707 = CARTESIAN_POINT('',(-0.77,-12.49,-0.25));
#10708 = DIRECTION('',(1.,0.,0.));
#10709 = DIRECTION('',(0.,0.,-1.));
#10710 = ADVANCED_FACE('',(#10711),#10723,.T.);
#10711 = FACE_BOUND('',#10712,.T.);
#10712 = EDGE_LOOP('',(#10713,#10714,#10715,#10722));
#10713 = ORIENTED_EDGE('',*,*,#10453,.F.);
#10714 = ORIENTED_EDGE('',*,*,#10318,.F.);
#10715 = ORIENTED_EDGE('',*,*,#10716,.F.);
#10716 = EDGE_CURVE('',#10083,#10310,#10717,.T.);
#10717 = CIRCLE('',#10718,5.E-02);
#10718 = AXIS2_PLACEMENT_3D('',#10719,#10720,#10721);
#10719 = CARTESIAN_POINT('',(-1.42,-12.14,-0.25));
#10720 = DIRECTION('',(0.,-1.,-0.));
#10721 = DIRECTION('',(0.,0.,-1.));
#10722 = ORIENTED_EDGE('',*,*,#10106,.F.);
#10723 = CYLINDRICAL_SURFACE('',#10724,5.E-02);
#10724 = AXIS2_PLACEMENT_3D('',#10725,#10726,#10727);
#10725 = CARTESIAN_POINT('',(-1.42,-12.44,-0.25));
#10726 = DIRECTION('',(-1.610201246266E-16,1.,1.355252715607E-16));
#10727 = DIRECTION('',(-1.,-1.610201246266E-16,-2.182229611675E-32));
#10728 = ADVANCED_FACE('',(#10729),#10741,.T.);
#10729 = FACE_BOUND('',#10730,.T.);
#10730 = EDGE_LOOP('',(#10731,#10732,#10733,#10740));
#10731 = ORIENTED_EDGE('',*,*,#10662,.T.);
#10732 = ORIENTED_EDGE('',*,*,#10163,.F.);
#10733 = ORIENTED_EDGE('',*,*,#10734,.F.);
#10734 = EDGE_CURVE('',#10205,#10154,#10735,.T.);
#10735 = CIRCLE('',#10736,5.E-02);
#10736 = AXIS2_PLACEMENT_3D('',#10737,#10738,#10739);
#10737 = CARTESIAN_POINT('',(-0.77,-12.79,0.25));
#10738 = DIRECTION('',(1.,4.336808689942E-15,-0.));
#10739 = DIRECTION('',(-4.336808689942E-15,1.,0.));
#10740 = ORIENTED_EDGE('',*,*,#10204,.F.);
#10741 = TOROIDAL_SURFACE('',#10742,0.65,5.E-02);
#10742 = AXIS2_PLACEMENT_3D('',#10743,#10744,#10745);
#10743 = CARTESIAN_POINT('',(-0.77,-12.14,0.25));
#10744 = DIRECTION('',(0.,-1.355252715607E-16,1.));
#10745 = DIRECTION('',(0.,-1.,-1.355252715607E-16));
#10746 = ADVANCED_FACE('',(#10747),#10764,.T.);
#10747 = FACE_BOUND('',#10748,.T.);
#10748 = EDGE_LOOP('',(#10749,#10756,#10757));
#10749 = ORIENTED_EDGE('',*,*,#10750,.F.);
#10750 = EDGE_CURVE('',#10278,#10549,#10751,.T.);
#10751 = CIRCLE('',#10752,5.E-02);
#10752 = AXIS2_PLACEMENT_3D('',#10753,#10754,#10755);
#10753 = CARTESIAN_POINT('',(5.479289321881,-12.49,0.25));
#10754 = DIRECTION('',(0.707106781187,6.899820375075E-15,-0.707106781187
    ));
#10755 = DIRECTION('',(0.707106781187,3.944304526105E-31,0.707106781187)
  );
#10756 = ORIENTED_EDGE('',*,*,#10680,.T.);
#10757 = ORIENTED_EDGE('',*,*,#10758,.F.);
#10758 = EDGE_CURVE('',#10549,#10222,#10759,.T.);
#10759 = CIRCLE('',#10760,5.E-02);
#10760 = AXIS2_PLACEMENT_3D('',#10761,#10762,#10763);
#10761 = CARTESIAN_POINT('',(5.479289321881,-12.49,0.25));
#10762 = DIRECTION('',(-0.,-1.,0.));
#10763 = DIRECTION('',(3.469446951954E-14,-0.,1.));
#10764 = SPHERICAL_SURFACE('',#10765,5.E-02);
#10765 = AXIS2_PLACEMENT_3D('',#10766,#10767,#10768);
#10766 = CARTESIAN_POINT('',(5.479289321881,-12.49,0.25));
#10767 = DIRECTION('',(0.,1.,0.));
#10768 = DIRECTION('',(1.,0.,0.));
#10769 = ADVANCED_FACE('',(#10770),#10787,.T.);
#10770 = FACE_BOUND('',#10771,.T.);
#10771 = EDGE_LOOP('',(#10772,#10779,#10780));
#10772 = ORIENTED_EDGE('',*,*,#10773,.F.);
#10773 = EDGE_CURVE('',#10352,#10519,#10774,.T.);
#10774 = CIRCLE('',#10775,5.E-02);
#10775 = AXIS2_PLACEMENT_3D('',#10776,#10777,#10778);
#10776 = CARTESIAN_POINT('',(5.479289321881,-12.49,-0.25));
#10777 = DIRECTION('',(-0.,-1.,0.));
#10778 = DIRECTION('',(1.734723475977E-14,-0.,1.));
#10779 = ORIENTED_EDGE('',*,*,#10698,.T.);
#10780 = ORIENTED_EDGE('',*,*,#10781,.F.);
#10781 = EDGE_CURVE('',#10519,#10263,#10782,.T.);
#10782 = CIRCLE('',#10783,5.E-02);
#10783 = AXIS2_PLACEMENT_3D('',#10784,#10785,#10786);
#10784 = CARTESIAN_POINT('',(5.479289321881,-12.49,-0.25));
#10785 = DIRECTION('',(0.707106781187,0.,0.707106781187));
#10786 = DIRECTION('',(-0.707106781187,0.,0.707106781187));
#10787 = SPHERICAL_SURFACE('',#10788,5.E-02);
#10788 = AXIS2_PLACEMENT_3D('',#10789,#10790,#10791);
#10789 = CARTESIAN_POINT('',(5.479289321881,-12.49,-0.25));
#10790 = DIRECTION('',(0.,1.,0.));
#10791 = DIRECTION('',(1.,0.,0.));
#10792 = ADVANCED_FACE('',(#10793),#10805,.T.);
#10793 = FACE_BOUND('',#10794,.T.);
#10794 = EDGE_LOOP('',(#10795,#10796,#10797,#10804));
#10795 = ORIENTED_EDGE('',*,*,#10716,.T.);
#10796 = ORIENTED_EDGE('',*,*,#10307,.F.);
#10797 = ORIENTED_EDGE('',*,*,#10798,.F.);
#10798 = EDGE_CURVE('',#10156,#10308,#10799,.T.);
#10799 = CIRCLE('',#10800,5.E-02);
#10800 = AXIS2_PLACEMENT_3D('',#10801,#10802,#10803);
#10801 = CARTESIAN_POINT('',(-0.77,-12.79,-0.25));
#10802 = DIRECTION('',(1.,4.336808689942E-15,4.336808689942E-15));
#10803 = DIRECTION('',(-4.336808689942E-15,1.,-2.80259692865E-45));
#10804 = ORIENTED_EDGE('',*,*,#10171,.F.);
#10805 = TOROIDAL_SURFACE('',#10806,0.65,5.E-02);
#10806 = AXIS2_PLACEMENT_3D('',#10807,#10808,#10809);
#10807 = CARTESIAN_POINT('',(-0.77,-12.14,-0.25));
#10808 = DIRECTION('',(0.,-1.355252715607E-16,1.));
#10809 = DIRECTION('',(0.,-1.,-1.355252715607E-16));
#10810 = ADVANCED_FACE('',(#10811),#10823,.T.);
#10811 = FACE_BOUND('',#10812,.T.);
#10812 = EDGE_LOOP('',(#10813,#10814,#10815,#10822));
#10813 = ORIENTED_EDGE('',*,*,#10734,.T.);
#10814 = ORIENTED_EDGE('',*,*,#10414,.F.);
#10815 = ORIENTED_EDGE('',*,*,#10816,.F.);
#10816 = EDGE_CURVE('',#10214,#10407,#10817,.T.);
#10817 = CIRCLE('',#10818,5.E-02);
#10818 = AXIS2_PLACEMENT_3D('',#10819,#10820,#10821);
#10819 = CARTESIAN_POINT('',(5.479289321881,-12.79,0.25));
#10820 = DIRECTION('',(1.,1.734723475977E-14,-0.));
#10821 = DIRECTION('',(-1.734723475977E-14,1.,0.));
#10822 = ORIENTED_EDGE('',*,*,#10213,.F.);
#10823 = CYLINDRICAL_SURFACE('',#10824,5.E-02);
#10824 = AXIS2_PLACEMENT_3D('',#10825,#10826,#10827);
#10825 = CARTESIAN_POINT('',(-0.77,-12.79,0.25));
#10826 = DIRECTION('',(1.,0.,0.));
#10827 = DIRECTION('',(0.,0.,-1.));
#10828 = ADVANCED_FACE('',(#10829),#10841,.T.);
#10829 = FACE_BOUND('',#10830,.T.);
#10830 = EDGE_LOOP('',(#10831,#10832,#10833,#10840));
#10831 = ORIENTED_EDGE('',*,*,#10758,.T.);
#10832 = ORIENTED_EDGE('',*,*,#10221,.F.);
#10833 = ORIENTED_EDGE('',*,*,#10834,.F.);
#10834 = EDGE_CURVE('',#10551,#10214,#10835,.T.);
#10835 = CIRCLE('',#10836,5.E-02);
#10836 = AXIS2_PLACEMENT_3D('',#10837,#10838,#10839);
#10837 = CARTESIAN_POINT('',(5.479289321881,-12.79,0.25));
#10838 = DIRECTION('',(0.,-1.,0.));
#10839 = DIRECTION('',(0.,0.,-1.));
#10840 = ORIENTED_EDGE('',*,*,#10548,.F.);
#10841 = CYLINDRICAL_SURFACE('',#10842,5.E-02);
#10842 = AXIS2_PLACEMENT_3D('',#10843,#10844,#10845);
#10843 = CARTESIAN_POINT('',(5.479289321881,-12.44,0.25));
#10844 = DIRECTION('',(5.105576340132E-33,-1.,-1.355252715607E-16));
#10845 = DIRECTION('',(-6.919346199702E-49,1.355252715607E-16,-1.));
#10846 = ADVANCED_FACE('',(#10847),#10859,.T.);
#10847 = FACE_BOUND('',#10848,.T.);
#10848 = EDGE_LOOP('',(#10849,#10850,#10851,#10858));
#10849 = ORIENTED_EDGE('',*,*,#10750,.T.);
#10850 = ORIENTED_EDGE('',*,*,#10574,.F.);
#10851 = ORIENTED_EDGE('',*,*,#10852,.F.);
#10852 = EDGE_CURVE('',#10286,#10567,#10853,.T.);
#10853 = CIRCLE('',#10854,5.E-02);
#10854 = AXIS2_PLACEMENT_3D('',#10855,#10856,#10857);
#10855 = CARTESIAN_POINT('',(5.65,-12.49,7.928932188135E-02));
#10856 = DIRECTION('',(0.707106781187,0.,-0.707106781187));
#10857 = DIRECTION('',(-0.707106781187,0.,-0.707106781187));
#10858 = ORIENTED_EDGE('',*,*,#10285,.F.);
#10859 = CYLINDRICAL_SURFACE('',#10860,5.E-02);
#10860 = AXIS2_PLACEMENT_3D('',#10861,#10862,#10863);
#10861 = CARTESIAN_POINT('',(2.329644660941,-12.49,3.399644660941));
#10862 = DIRECTION('',(0.707106781187,0.,-0.707106781187));
#10863 = DIRECTION('',(-0.707106781187,0.,-0.707106781187));
#10864 = ADVANCED_FACE('',(#10865),#10883,.T.);
#10865 = FACE_BOUND('',#10866,.T.);
#10866 = EDGE_LOOP('',(#10867,#10874,#10875,#10882));
#10867 = ORIENTED_EDGE('',*,*,#10868,.F.);
#10868 = EDGE_CURVE('',#10261,#10469,#10869,.T.);
#10869 = CIRCLE('',#10870,5.E-02);
#10870 = AXIS2_PLACEMENT_3D('',#10871,#10872,#10873);
#10871 = CARTESIAN_POINT('',(5.65,-12.49,-7.928932188134E-02));
#10872 = DIRECTION('',(1.301042606983E-14,0.,-1.));
#10873 = DIRECTION('',(-1.,0.,-1.301042606983E-14));
#10874 = ORIENTED_EDGE('',*,*,#10293,.F.);
#10875 = ORIENTED_EDGE('',*,*,#10876,.F.);
#10876 = EDGE_CURVE('',#10471,#10286,#10877,.T.);
#10877 = CIRCLE('',#10878,5.E-02);
#10878 = AXIS2_PLACEMENT_3D('',#10879,#10880,#10881);
#10879 = CARTESIAN_POINT('',(5.65,-12.49,7.928932188134E-02));
#10880 = DIRECTION('',(0.,-1.409462824231E-14,1.));
#10881 = DIRECTION('',(0.,-1.,-1.409462824231E-14));
#10882 = ORIENTED_EDGE('',*,*,#10468,.F.);
#10883 = CYLINDRICAL_SURFACE('',#10884,5.E-02);
#10884 = AXIS2_PLACEMENT_3D('',#10885,#10886,#10887);
#10885 = CARTESIAN_POINT('',(5.65,-12.49,0.3));
#10886 = DIRECTION('',(0.,0.,1.));
#10887 = DIRECTION('',(1.,0.,-0.));
#10888 = ADVANCED_FACE('',(#10889),#10901,.T.);
#10889 = FACE_BOUND('',#10890,.T.);
#10890 = EDGE_LOOP('',(#10891,#10892,#10893,#10900));
#10891 = ORIENTED_EDGE('',*,*,#10781,.T.);
#10892 = ORIENTED_EDGE('',*,*,#10260,.F.);
#10893 = ORIENTED_EDGE('',*,*,#10894,.F.);
#10894 = EDGE_CURVE('',#10527,#10261,#10895,.T.);
#10895 = CIRCLE('',#10896,5.E-02);
#10896 = AXIS2_PLACEMENT_3D('',#10897,#10898,#10899);
#10897 = CARTESIAN_POINT('',(5.65,-12.49,-7.928932188134E-02));
#10898 = DIRECTION('',(0.707106781187,9.583083854271E-15,0.707106781187)
  );
#10899 = DIRECTION('',(0.707106781187,7.88860905221E-30,-0.707106781187)
  );
#10900 = ORIENTED_EDGE('',*,*,#10526,.F.);
#10901 = CYLINDRICAL_SURFACE('',#10902,5.E-02);
#10902 = AXIS2_PLACEMENT_3D('',#10903,#10904,#10905);
#10903 = CARTESIAN_POINT('',(2.629644660941,-12.49,-3.099644660941));
#10904 = DIRECTION('',(0.707106781187,0.,0.707106781187));
#10905 = DIRECTION('',(0.707106781187,0.,-0.707106781187));
#10906 = ADVANCED_FACE('',(#10907),#10919,.T.);
#10907 = FACE_BOUND('',#10908,.T.);
#10908 = EDGE_LOOP('',(#10909,#10910,#10911,#10918));
#10909 = ORIENTED_EDGE('',*,*,#10773,.T.);
#10910 = ORIENTED_EDGE('',*,*,#10518,.F.);
#10911 = ORIENTED_EDGE('',*,*,#10912,.F.);
#10912 = EDGE_CURVE('',#10360,#10511,#10913,.T.);
#10913 = CIRCLE('',#10914,5.E-02);
#10914 = AXIS2_PLACEMENT_3D('',#10915,#10916,#10917);
#10915 = CARTESIAN_POINT('',(5.479289321881,-12.79,-0.25));
#10916 = DIRECTION('',(0.,-1.,0.));
#10917 = DIRECTION('',(0.,0.,-1.));
#10918 = ORIENTED_EDGE('',*,*,#10359,.F.);
#10919 = CYLINDRICAL_SURFACE('',#10920,5.E-02);
#10920 = AXIS2_PLACEMENT_3D('',#10921,#10922,#10923);
#10921 = CARTESIAN_POINT('',(5.479289321881,-12.44,-0.25));
#10922 = DIRECTION('',(0.,1.,1.355252715607E-16));
#10923 = DIRECTION('',(0.,-1.355252715607E-16,1.));
#10924 = ADVANCED_FACE('',(#10925),#10937,.T.);
#10925 = FACE_BOUND('',#10926,.T.);
#10926 = EDGE_LOOP('',(#10927,#10928,#10929,#10936));
#10927 = ORIENTED_EDGE('',*,*,#10798,.T.);
#10928 = ORIENTED_EDGE('',*,*,#10367,.F.);
#10929 = ORIENTED_EDGE('',*,*,#10930,.F.);
#10930 = EDGE_CURVE('',#10383,#10360,#10931,.T.);
#10931 = CIRCLE('',#10932,5.E-02);
#10932 = AXIS2_PLACEMENT_3D('',#10933,#10934,#10935);
#10933 = CARTESIAN_POINT('',(5.479289321881,-12.79,-0.25));
#10934 = DIRECTION('',(1.,0.,0.));
#10935 = DIRECTION('',(0.,0.,-1.));
#10936 = ORIENTED_EDGE('',*,*,#10382,.F.);
#10937 = CYLINDRICAL_SURFACE('',#10938,5.E-02);
#10938 = AXIS2_PLACEMENT_3D('',#10939,#10940,#10941);
#10939 = CARTESIAN_POINT('',(-0.77,-12.79,-0.25));
#10940 = DIRECTION('',(-1.,0.,0.));
#10941 = DIRECTION('',(0.,0.,1.));
#10942 = ADVANCED_FACE('',(#10943),#10954,.T.);
#10943 = FACE_BOUND('',#10944,.T.);
#10944 = EDGE_LOOP('',(#10945,#10946,#10947));
#10945 = ORIENTED_EDGE('',*,*,#10834,.T.);
#10946 = ORIENTED_EDGE('',*,*,#10816,.T.);
#10947 = ORIENTED_EDGE('',*,*,#10948,.F.);
#10948 = EDGE_CURVE('',#10551,#10407,#10949,.T.);
#10949 = CIRCLE('',#10950,5.E-02);
#10950 = AXIS2_PLACEMENT_3D('',#10951,#10952,#10953);
#10951 = CARTESIAN_POINT('',(5.479289321881,-12.79,0.25));
#10952 = DIRECTION('',(0.707106781187,0.,-0.707106781187));
#10953 = DIRECTION('',(0.707106781187,0.,0.707106781187));
#10954 = SPHERICAL_SURFACE('',#10955,5.E-02);
#10955 = AXIS2_PLACEMENT_3D('',#10956,#10957,#10958);
#10956 = CARTESIAN_POINT('',(5.479289321881,-12.79,0.25));
#10957 = DIRECTION('',(0.,1.,0.));
#10958 = DIRECTION('',(1.,0.,0.));
#10959 = ADVANCED_FACE('',(#10960),#10971,.T.);
#10960 = FACE_BOUND('',#10961,.T.);
#10961 = EDGE_LOOP('',(#10962,#10963,#10964));
#10962 = ORIENTED_EDGE('',*,*,#10876,.T.);
#10963 = ORIENTED_EDGE('',*,*,#10852,.T.);
#10964 = ORIENTED_EDGE('',*,*,#10965,.F.);
#10965 = EDGE_CURVE('',#10471,#10567,#10966,.T.);
#10966 = CIRCLE('',#10967,5.E-02);
#10967 = AXIS2_PLACEMENT_3D('',#10968,#10969,#10970);
#10968 = CARTESIAN_POINT('',(5.65,-12.49,7.928932188134E-02));
#10969 = DIRECTION('',(0.,-1.,0.));
#10970 = DIRECTION('',(0.,0.,1.));
#10971 = SPHERICAL_SURFACE('',#10972,5.E-02);
#10972 = AXIS2_PLACEMENT_3D('',#10973,#10974,#10975);
#10973 = CARTESIAN_POINT('',(5.65,-12.49,7.928932188134E-02));
#10974 = DIRECTION('',(0.,1.,0.));
#10975 = DIRECTION('',(1.,0.,0.));
#10976 = ADVANCED_FACE('',(#10977),#10988,.T.);
#10977 = FACE_BOUND('',#10978,.T.);
#10978 = EDGE_LOOP('',(#10979,#10980,#10981));
#10979 = ORIENTED_EDGE('',*,*,#10894,.T.);
#10980 = ORIENTED_EDGE('',*,*,#10868,.T.);
#10981 = ORIENTED_EDGE('',*,*,#10982,.F.);
#10982 = EDGE_CURVE('',#10527,#10469,#10983,.T.);
#10983 = CIRCLE('',#10984,5.E-02);
#10984 = AXIS2_PLACEMENT_3D('',#10985,#10986,#10987);
#10985 = CARTESIAN_POINT('',(5.65,-12.49,-7.928932188134E-02));
#10986 = DIRECTION('',(0.,-1.,0.));
#10987 = DIRECTION('',(0.,0.,1.));
#10988 = SPHERICAL_SURFACE('',#10989,5.E-02);
#10989 = AXIS2_PLACEMENT_3D('',#10990,#10991,#10992);
#10990 = CARTESIAN_POINT('',(5.65,-12.49,-7.928932188134E-02));
#10991 = DIRECTION('',(0.,1.,0.));
#10992 = DIRECTION('',(1.,0.,0.));
#10993 = ADVANCED_FACE('',(#10994),#11005,.T.);
#10994 = FACE_BOUND('',#10995,.T.);
#10995 = EDGE_LOOP('',(#10996,#10997,#10998));
#10996 = ORIENTED_EDGE('',*,*,#10930,.T.);
#10997 = ORIENTED_EDGE('',*,*,#10912,.T.);
#10998 = ORIENTED_EDGE('',*,*,#10999,.F.);
#10999 = EDGE_CURVE('',#10383,#10511,#11000,.T.);
#11000 = CIRCLE('',#11001,5.E-02);
#11001 = AXIS2_PLACEMENT_3D('',#11002,#11003,#11004);
#11002 = CARTESIAN_POINT('',(5.479289321881,-12.79,-0.25));
#11003 = DIRECTION('',(0.707106781187,-6.899820375075E-15,0.707106781187
    ));
#11004 = DIRECTION('',(-0.707106781187,4.338734978716E-30,0.707106781187
    ));
#11005 = SPHERICAL_SURFACE('',#11006,5.E-02);
#11006 = AXIS2_PLACEMENT_3D('',#11007,#11008,#11009);
#11007 = CARTESIAN_POINT('',(5.479289321881,-12.79,-0.25));
#11008 = DIRECTION('',(0.,1.,0.));
#11009 = DIRECTION('',(1.,0.,0.));
#11010 = ADVANCED_FACE('',(#11011),#11023,.T.);
#11011 = FACE_BOUND('',#11012,.T.);
#11012 = EDGE_LOOP('',(#11013,#11014,#11015,#11022));
#11013 = ORIENTED_EDGE('',*,*,#10948,.T.);
#11014 = ORIENTED_EDGE('',*,*,#10406,.F.);
#11015 = ORIENTED_EDGE('',*,*,#11016,.F.);
#11016 = EDGE_CURVE('',#10559,#10399,#11017,.T.);
#11017 = CIRCLE('',#11018,5.E-02);
#11018 = AXIS2_PLACEMENT_3D('',#11019,#11020,#11021);
#11019 = CARTESIAN_POINT('',(5.65,-12.79,7.928932188134E-02));
#11020 = DIRECTION('',(0.707106781187,-1.686622758352E-14,
    -0.707106781187));
#11021 = DIRECTION('',(-0.707106781187,-7.88860905221E-30,
    -0.707106781187));
#11022 = ORIENTED_EDGE('',*,*,#10558,.F.);
#11023 = CYLINDRICAL_SURFACE('',#11024,5.E-02);
#11024 = AXIS2_PLACEMENT_3D('',#11025,#11026,#11027);
#11025 = CARTESIAN_POINT('',(2.329644660941,-12.79,3.399644660941));
#11026 = DIRECTION('',(0.707106781187,0.,-0.707106781187));
#11027 = DIRECTION('',(-0.707106781187,0.,-0.707106781187));
#11028 = ADVANCED_FACE('',(#11029),#11041,.T.);
#11029 = FACE_BOUND('',#11030,.T.);
#11030 = EDGE_LOOP('',(#11031,#11032,#11033,#11040));
#11031 = ORIENTED_EDGE('',*,*,#10965,.T.);
#11032 = ORIENTED_EDGE('',*,*,#10566,.F.);
#11033 = ORIENTED_EDGE('',*,*,#11034,.F.);
#11034 = EDGE_CURVE('',#10479,#10559,#11035,.T.);
#11035 = CIRCLE('',#11036,5.E-02);
#11036 = AXIS2_PLACEMENT_3D('',#11037,#11038,#11039);
#11037 = CARTESIAN_POINT('',(5.65,-12.79,7.928932188134E-02));
#11038 = DIRECTION('',(0.,-1.,0.));
#11039 = DIRECTION('',(0.,0.,-1.));
#11040 = ORIENTED_EDGE('',*,*,#10478,.F.);
#11041 = CYLINDRICAL_SURFACE('',#11042,5.E-02);
#11042 = AXIS2_PLACEMENT_3D('',#11043,#11044,#11045);
#11043 = CARTESIAN_POINT('',(5.65,-1.074570687983E-17,7.928932188135E-02
    ));
#11044 = DIRECTION('',(0.,1.,1.355252715607E-16));
#11045 = DIRECTION('',(0.,-1.355252715607E-16,1.));
#11046 = ADVANCED_FACE('',(#11047),#11059,.T.);
#11047 = FACE_BOUND('',#11048,.T.);
#11048 = EDGE_LOOP('',(#11049,#11050,#11051,#11058));
#11049 = ORIENTED_EDGE('',*,*,#10982,.T.);
#11050 = ORIENTED_EDGE('',*,*,#10494,.F.);
#11051 = ORIENTED_EDGE('',*,*,#11052,.F.);
#11052 = EDGE_CURVE('',#10509,#10487,#11053,.T.);
#11053 = CIRCLE('',#11054,5.E-02);
#11054 = AXIS2_PLACEMENT_3D('',#11055,#11056,#11057);
#11055 = CARTESIAN_POINT('',(5.65,-12.79,-7.928932188134E-02));
#11056 = DIRECTION('',(0.,-1.,0.));
#11057 = DIRECTION('',(0.,0.,-1.));
#11058 = ORIENTED_EDGE('',*,*,#10534,.F.);
#11059 = CYLINDRICAL_SURFACE('',#11060,5.E-02);
#11060 = AXIS2_PLACEMENT_3D('',#11061,#11062,#11063);
#11061 = CARTESIAN_POINT('',(5.65,1.074570687983E-17,-7.928932188134E-02
    ));
#11062 = DIRECTION('',(-0.,1.,1.355252715607E-16));
#11063 = DIRECTION('',(0.,-1.355252715607E-16,1.));
#11064 = ADVANCED_FACE('',(#11065),#11077,.T.);
#11065 = FACE_BOUND('',#11066,.T.);
#11066 = EDGE_LOOP('',(#11067,#11068,#11069,#11076));
#11067 = ORIENTED_EDGE('',*,*,#10999,.T.);
#11068 = ORIENTED_EDGE('',*,*,#10508,.F.);
#11069 = ORIENTED_EDGE('',*,*,#11070,.F.);
#11070 = EDGE_CURVE('',#10391,#10509,#11071,.T.);
#11071 = CIRCLE('',#11072,5.E-02);
#11072 = AXIS2_PLACEMENT_3D('',#11073,#11074,#11075);
#11073 = CARTESIAN_POINT('',(5.65,-12.79,-7.928932188134E-02));
#11074 = DIRECTION('',(0.707106781187,0.,0.707106781187));
#11075 = DIRECTION('',(0.707106781187,0.,-0.707106781187));
#11076 = ORIENTED_EDGE('',*,*,#10390,.F.);
#11077 = CYLINDRICAL_SURFACE('',#11078,5.E-02);
#11078 = AXIS2_PLACEMENT_3D('',#11079,#11080,#11081);
#11079 = CARTESIAN_POINT('',(2.629644660941,-12.79,-3.099644660941));
#11080 = DIRECTION('',(0.707106781187,0.,0.707106781187));
#11081 = DIRECTION('',(0.707106781187,0.,-0.707106781187));
#11082 = ADVANCED_FACE('',(#11083),#11094,.T.);
#11083 = FACE_BOUND('',#11084,.T.);
#11084 = EDGE_LOOP('',(#11085,#11086,#11087));
#11085 = ORIENTED_EDGE('',*,*,#11034,.T.);
#11086 = ORIENTED_EDGE('',*,*,#11016,.T.);
#11087 = ORIENTED_EDGE('',*,*,#11088,.F.);
#11088 = EDGE_CURVE('',#10479,#10399,#11089,.T.);
#11089 = CIRCLE('',#11090,5.E-02);
#11090 = AXIS2_PLACEMENT_3D('',#11091,#11092,#11093);
#11091 = CARTESIAN_POINT('',(5.65,-12.79,7.928932188135E-02));
#11092 = DIRECTION('',(-2.385244779468E-14,-0.,-1.));
#11093 = DIRECTION('',(1.,0.,-2.385244779468E-14));
#11094 = SPHERICAL_SURFACE('',#11095,5.E-02);
#11095 = AXIS2_PLACEMENT_3D('',#11096,#11097,#11098);
#11096 = CARTESIAN_POINT('',(5.65,-12.79,7.928932188134E-02));
#11097 = DIRECTION('',(0.,1.,0.));
#11098 = DIRECTION('',(1.,0.,0.));
#11099 = ADVANCED_FACE('',(#11100),#11111,.T.);
#11100 = FACE_BOUND('',#11101,.T.);
#11101 = EDGE_LOOP('',(#11102,#11103,#11104));
#11102 = ORIENTED_EDGE('',*,*,#11070,.T.);
#11103 = ORIENTED_EDGE('',*,*,#11052,.T.);
#11104 = ORIENTED_EDGE('',*,*,#11105,.F.);
#11105 = EDGE_CURVE('',#10391,#10487,#11106,.T.);
#11106 = CIRCLE('',#11107,5.E-02);
#11107 = AXIS2_PLACEMENT_3D('',#11108,#11109,#11110);
#11108 = CARTESIAN_POINT('',(5.65,-12.79,-7.928932188134E-02));
#11109 = DIRECTION('',(0.,-1.219727444046E-14,1.));
#11110 = DIRECTION('',(0.,1.,1.219727444046E-14));
#11111 = SPHERICAL_SURFACE('',#11112,5.E-02);
#11112 = AXIS2_PLACEMENT_3D('',#11113,#11114,#11115);
#11113 = CARTESIAN_POINT('',(5.65,-12.79,-7.928932188134E-02));
#11114 = DIRECTION('',(0.,1.,0.));
#11115 = DIRECTION('',(1.,0.,0.));
#11116 = ADVANCED_FACE('',(#11117),#11123,.T.);
#11117 = FACE_BOUND('',#11118,.T.);
#11118 = EDGE_LOOP('',(#11119,#11120,#11121,#11122));
#11119 = ORIENTED_EDGE('',*,*,#11088,.T.);
#11120 = ORIENTED_EDGE('',*,*,#10398,.F.);
#11121 = ORIENTED_EDGE('',*,*,#11105,.T.);
#11122 = ORIENTED_EDGE('',*,*,#10486,.F.);
#11123 = CYLINDRICAL_SURFACE('',#11124,5.E-02);
#11124 = AXIS2_PLACEMENT_3D('',#11125,#11126,#11127);
#11125 = CARTESIAN_POINT('',(5.65,-12.79,0.));
#11126 = DIRECTION('',(0.,0.,-1.));
#11127 = DIRECTION('',(-1.,0.,0.));
#11128 = MANIFOLD_SOLID_BREP('',#11129);
#11129 = CLOSED_SHELL('',(#11130,#11170,#11210,#11243,#11276,#11350,
    #11397,#11471,#11518,#11558,#11598,#11638,#11678,#11696,#11714,
    #11732,#11750,#11768,#11786,#11804,#11822,#11840,#11863,#11886,
    #11904,#11922,#11940,#11958,#11982,#12000,#12018,#12036,#12053,
    #12070,#12087,#12104,#12122,#12140,#12158,#12176,#12193,#12210));
#11130 = ADVANCED_FACE('',(#11131),#11165,.F.);
#11131 = FACE_BOUND('',#11132,.T.);
#11132 = EDGE_LOOP('',(#11133,#11143,#11151,#11159));
#11133 = ORIENTED_EDGE('',*,*,#11134,.F.);
#11134 = EDGE_CURVE('',#11135,#11137,#11139,.T.);
#11135 = VERTEX_POINT('',#11136);
#11136 = CARTESIAN_POINT('',(1.07,-9.6,0.25));
#11137 = VERTEX_POINT('',#11138);
#11138 = CARTESIAN_POINT('',(1.07,-9.6,-0.25));
#11139 = LINE('',#11140,#11141);
#11140 = CARTESIAN_POINT('',(1.07,-9.6,0.3));
#11141 = VECTOR('',#11142,1.);
#11142 = DIRECTION('',(0.,-0.,-1.));
#11143 = ORIENTED_EDGE('',*,*,#11144,.T.);
#11144 = EDGE_CURVE('',#11135,#11145,#11147,.T.);
#11145 = VERTEX_POINT('',#11146);
#11146 = CARTESIAN_POINT('',(1.07,-8.1,0.25));
#11147 = LINE('',#11148,#11149);
#11148 = CARTESIAN_POINT('',(1.07,-8.1,0.25));
#11149 = VECTOR('',#11150,1.);
#11150 = DIRECTION('',(-1.445602896647E-16,1.,-0.));
#11151 = ORIENTED_EDGE('',*,*,#11152,.T.);
#11152 = EDGE_CURVE('',#11145,#11153,#11155,.T.);
#11153 = VERTEX_POINT('',#11154);
#11154 = CARTESIAN_POINT('',(1.07,-8.1,-0.25));
#11155 = LINE('',#11156,#11157);
#11156 = CARTESIAN_POINT('',(1.07,-8.1,0.3));
#11157 = VECTOR('',#11158,1.);
#11158 = DIRECTION('',(0.,-0.,-1.));
#11159 = ORIENTED_EDGE('',*,*,#11160,.T.);
#11160 = EDGE_CURVE('',#11153,#11137,#11161,.T.);
#11161 = LINE('',#11162,#11163);
#11162 = CARTESIAN_POINT('',(1.07,-9.6,-0.25));
#11163 = VECTOR('',#11164,1.);
#11164 = DIRECTION('',(1.445602896647E-16,-1.,-1.355252715607E-16));
#11165 = PLANE('',#11166);
#11166 = AXIS2_PLACEMENT_3D('',#11167,#11168,#11169);
#11167 = CARTESIAN_POINT('',(1.07,-9.6,0.3));
#11168 = DIRECTION('',(1.,1.445602896647E-16,0.));
#11169 = DIRECTION('',(-1.445602896647E-16,1.,0.));
#11170 = ADVANCED_FACE('',(#11171),#11205,.F.);
#11171 = FACE_BOUND('',#11172,.T.);
#11172 = EDGE_LOOP('',(#11173,#11183,#11191,#11199));
#11173 = ORIENTED_EDGE('',*,*,#11174,.F.);
#11174 = EDGE_CURVE('',#11175,#11177,#11179,.T.);
#11175 = VERTEX_POINT('',#11176);
#11176 = CARTESIAN_POINT('',(1.47,-9.6,-0.25));
#11177 = VERTEX_POINT('',#11178);
#11178 = CARTESIAN_POINT('',(1.47,-9.6,0.25));
#11179 = LINE('',#11180,#11181);
#11180 = CARTESIAN_POINT('',(1.47,-9.6,0.3));
#11181 = VECTOR('',#11182,1.);
#11182 = DIRECTION('',(0.,0.,1.));
#11183 = ORIENTED_EDGE('',*,*,#11184,.T.);
#11184 = EDGE_CURVE('',#11175,#11185,#11187,.T.);
#11185 = VERTEX_POINT('',#11186);
#11186 = CARTESIAN_POINT('',(1.47,-8.1,-0.25));
#11187 = LINE('',#11188,#11189);
#11188 = CARTESIAN_POINT('',(1.47,-8.1,-0.25));
#11189 = VECTOR('',#11190,1.);
#11190 = DIRECTION('',(-1.445602896647E-16,1.,1.355252715607E-16));
#11191 = ORIENTED_EDGE('',*,*,#11192,.T.);
#11192 = EDGE_CURVE('',#11185,#11193,#11195,.T.);
#11193 = VERTEX_POINT('',#11194);
#11194 = CARTESIAN_POINT('',(1.47,-8.1,0.25));
#11195 = LINE('',#11196,#11197);
#11196 = CARTESIAN_POINT('',(1.47,-8.1,0.3));
#11197 = VECTOR('',#11198,1.);
#11198 = DIRECTION('',(0.,0.,1.));
#11199 = ORIENTED_EDGE('',*,*,#11200,.T.);
#11200 = EDGE_CURVE('',#11193,#11177,#11201,.T.);
#11201 = LINE('',#11202,#11203);
#11202 = CARTESIAN_POINT('',(1.47,-9.6,0.25));
#11203 = VECTOR('',#11204,1.);
#11204 = DIRECTION('',(1.445602896647E-16,-1.,-0.));
#11205 = PLANE('',#11206);
#11206 = AXIS2_PLACEMENT_3D('',#11207,#11208,#11209);
#11207 = CARTESIAN_POINT('',(1.47,-9.6,0.3));
#11208 = DIRECTION('',(-1.,-1.445602896647E-16,0.));
#11209 = DIRECTION('',(1.445602896647E-16,-1.,0.));
#11210 = ADVANCED_FACE('',(#11211),#11238,.T.);
#11211 = FACE_BOUND('',#11212,.T.);
#11212 = EDGE_LOOP('',(#11213,#11223,#11230,#11231));
#11213 = ORIENTED_EDGE('',*,*,#11214,.F.);
#11214 = EDGE_CURVE('',#11215,#11217,#11219,.T.);
#11215 = VERTEX_POINT('',#11216);
#11216 = CARTESIAN_POINT('',(1.77,-10.3,0.25));
#11217 = VERTEX_POINT('',#11218);
#11218 = CARTESIAN_POINT('',(1.77,-10.3,-0.25));
#11219 = LINE('',#11220,#11221);
#11220 = CARTESIAN_POINT('',(1.77,-10.3,0.3));
#11221 = VECTOR('',#11222,1.);
#11222 = DIRECTION('',(0.,0.,-1.));
#11223 = ORIENTED_EDGE('',*,*,#11224,.T.);
#11224 = EDGE_CURVE('',#11215,#11135,#11225,.T.);
#11225 = CIRCLE('',#11226,0.7);
#11226 = AXIS2_PLACEMENT_3D('',#11227,#11228,#11229);
#11227 = CARTESIAN_POINT('',(1.77,-9.6,0.25));
#11228 = DIRECTION('',(0.,0.,-1.));
#11229 = DIRECTION('',(1.,0.,0.));
#11230 = ORIENTED_EDGE('',*,*,#11134,.T.);
#11231 = ORIENTED_EDGE('',*,*,#11232,.T.);
#11232 = EDGE_CURVE('',#11137,#11217,#11233,.T.);
#11233 = CIRCLE('',#11234,0.7);
#11234 = AXIS2_PLACEMENT_3D('',#11235,#11236,#11237);
#11235 = CARTESIAN_POINT('',(1.77,-9.6,-0.25));
#11236 = DIRECTION('',(0.,-1.355252715607E-16,1.));
#11237 = DIRECTION('',(0.,1.,1.355252715607E-16));
#11238 = CYLINDRICAL_SURFACE('',#11239,0.7);
#11239 = AXIS2_PLACEMENT_3D('',#11240,#11241,#11242);
#11240 = CARTESIAN_POINT('',(1.77,-9.6,0.));
#11241 = DIRECTION('',(-0.,-0.,-1.));
#11242 = DIRECTION('',(-1.,0.,0.));
#11243 = ADVANCED_FACE('',(#11244),#11271,.F.);
#11244 = FACE_BOUND('',#11245,.F.);
#11245 = EDGE_LOOP('',(#11246,#11255,#11256,#11265));
#11246 = ORIENTED_EDGE('',*,*,#11247,.F.);
#11247 = EDGE_CURVE('',#11177,#11248,#11250,.T.);
#11248 = VERTEX_POINT('',#11249);
#11249 = CARTESIAN_POINT('',(1.77,-9.9,0.25));
#11250 = CIRCLE('',#11251,0.3);
#11251 = AXIS2_PLACEMENT_3D('',#11252,#11253,#11254);
#11252 = CARTESIAN_POINT('',(1.77,-9.6,0.25));
#11253 = DIRECTION('',(0.,0.,1.));
#11254 = DIRECTION('',(1.,0.,-0.));
#11255 = ORIENTED_EDGE('',*,*,#11174,.F.);
#11256 = ORIENTED_EDGE('',*,*,#11257,.F.);
#11257 = EDGE_CURVE('',#11258,#11175,#11260,.T.);
#11258 = VERTEX_POINT('',#11259);
#11259 = CARTESIAN_POINT('',(1.77,-9.9,-0.25));
#11260 = CIRCLE('',#11261,0.3);
#11261 = AXIS2_PLACEMENT_3D('',#11262,#11263,#11264);
#11262 = CARTESIAN_POINT('',(1.77,-9.6,-0.25));
#11263 = DIRECTION('',(0.,1.355252715607E-16,-1.));
#11264 = DIRECTION('',(0.,1.,1.355252715607E-16));
#11265 = ORIENTED_EDGE('',*,*,#11266,.T.);
#11266 = EDGE_CURVE('',#11258,#11248,#11267,.T.);
#11267 = LINE('',#11268,#11269);
#11268 = CARTESIAN_POINT('',(1.77,-9.9,0.3));
#11269 = VECTOR('',#11270,1.);
#11270 = DIRECTION('',(-0.,-0.,1.));
#11271 = CYLINDRICAL_SURFACE('',#11272,0.3);
#11272 = AXIS2_PLACEMENT_3D('',#11273,#11274,#11275);
#11273 = CARTESIAN_POINT('',(1.77,-9.6,0.));
#11274 = DIRECTION('',(-0.,-0.,-1.));
#11275 = DIRECTION('',(-1.,0.,0.));
#11276 = ADVANCED_FACE('',(#11277),#11345,.T.);
#11277 = FACE_BOUND('',#11278,.T.);
#11278 = EDGE_LOOP('',(#11279,#11289,#11297,#11306,#11314,#11322,#11330,
    #11339));
#11279 = ORIENTED_EDGE('',*,*,#11280,.T.);
#11280 = EDGE_CURVE('',#11281,#11283,#11285,.T.);
#11281 = VERTEX_POINT('',#11282);
#11282 = CARTESIAN_POINT('',(1.12,-8.1,-0.3));
#11283 = VERTEX_POINT('',#11284);
#11284 = CARTESIAN_POINT('',(1.42,-8.1,-0.3));
#11285 = LINE('',#11286,#11287);
#11286 = CARTESIAN_POINT('',(1.47,-8.1,-0.3));
#11287 = VECTOR('',#11288,1.);
#11288 = DIRECTION('',(1.,-1.392757777032E-14,1.355252715607E-16));
#11289 = ORIENTED_EDGE('',*,*,#11290,.T.);
#11290 = EDGE_CURVE('',#11283,#11291,#11293,.T.);
#11291 = VERTEX_POINT('',#11292);
#11292 = CARTESIAN_POINT('',(1.42,-9.6,-0.3));
#11293 = LINE('',#11294,#11295);
#11294 = CARTESIAN_POINT('',(1.42,-9.6,-0.3));
#11295 = VECTOR('',#11296,1.);
#11296 = DIRECTION('',(1.445602896647E-16,-1.,-1.355252715607E-16));
#11297 = ORIENTED_EDGE('',*,*,#11298,.T.);
#11298 = EDGE_CURVE('',#11291,#11299,#11301,.T.);
#11299 = VERTEX_POINT('',#11300);
#11300 = CARTESIAN_POINT('',(1.77,-9.95,-0.3));
#11301 = CIRCLE('',#11302,0.35);
#11302 = AXIS2_PLACEMENT_3D('',#11303,#11304,#11305);
#11303 = CARTESIAN_POINT('',(1.77,-9.6,-0.3));
#11304 = DIRECTION('',(0.,-1.355252715607E-16,1.));
#11305 = DIRECTION('',(6.195440985631E-16,1.,1.355252715607E-16));
#11306 = ORIENTED_EDGE('',*,*,#11307,.T.);
#11307 = EDGE_CURVE('',#11299,#11308,#11310,.T.);
#11308 = VERTEX_POINT('',#11309);
#11309 = CARTESIAN_POINT('',(5.479289321881,-9.95,-0.3));
#11310 = LINE('',#11311,#11312);
#11311 = CARTESIAN_POINT('',(1.77,-9.95,-0.3));
#11312 = VECTOR('',#11313,1.);
#11313 = DIRECTION('',(1.,-0.,0.));
#11314 = ORIENTED_EDGE('',*,*,#11315,.T.);
#11315 = EDGE_CURVE('',#11308,#11316,#11318,.T.);
#11316 = VERTEX_POINT('',#11317);
#11317 = CARTESIAN_POINT('',(5.479289321881,-10.25,-0.3));
#11318 = LINE('',#11319,#11320);
#11319 = CARTESIAN_POINT('',(5.479289321881,-9.9,-0.3));
#11320 = VECTOR('',#11321,1.);
#11321 = DIRECTION('',(-1.743152798421E-32,-1.,-1.355252715607E-16));
#11322 = ORIENTED_EDGE('',*,*,#11323,.T.);
#11323 = EDGE_CURVE('',#11316,#11324,#11326,.T.);
#11324 = VERTEX_POINT('',#11325);
#11325 = CARTESIAN_POINT('',(1.77,-10.25,-0.3));
#11326 = LINE('',#11327,#11328);
#11327 = CARTESIAN_POINT('',(1.77,-10.25,-0.3));
#11328 = VECTOR('',#11329,1.);
#11329 = DIRECTION('',(-1.,-0.,-0.));
#11330 = ORIENTED_EDGE('',*,*,#11331,.T.);
#11331 = EDGE_CURVE('',#11324,#11332,#11334,.T.);
#11332 = VERTEX_POINT('',#11333);
#11333 = CARTESIAN_POINT('',(1.12,-9.6,-0.3));
#11334 = CIRCLE('',#11335,0.65);
#11335 = AXIS2_PLACEMENT_3D('',#11336,#11337,#11338);
#11336 = CARTESIAN_POINT('',(1.77,-9.6,-0.3));
#11337 = DIRECTION('',(0.,1.355252715607E-16,-1.));
#11338 = DIRECTION('',(0.,1.,1.355252715607E-16));
#11339 = ORIENTED_EDGE('',*,*,#11340,.T.);
#11340 = EDGE_CURVE('',#11332,#11281,#11341,.T.);
#11341 = LINE('',#11342,#11343);
#11342 = CARTESIAN_POINT('',(1.12,-8.1,-0.3));
#11343 = VECTOR('',#11344,1.);
#11344 = DIRECTION('',(-1.445602896647E-16,1.,1.355252715607E-16));
#11345 = PLANE('',#11346);
#11346 = AXIS2_PLACEMENT_3D('',#11347,#11348,#11349);
#11347 = CARTESIAN_POINT('',(1.77,-9.9,-0.3));
#11348 = DIRECTION('',(0.,1.355252715607E-16,-1.));
#11349 = DIRECTION('',(0.,1.,1.355252715607E-16));
#11350 = ADVANCED_FACE('',(#11351),#11392,.T.);
#11351 = FACE_BOUND('',#11352,.T.);
#11352 = EDGE_LOOP('',(#11353,#11354,#11362,#11370,#11378,#11386));
#11353 = ORIENTED_EDGE('',*,*,#11214,.T.);
#11354 = ORIENTED_EDGE('',*,*,#11355,.T.);
#11355 = EDGE_CURVE('',#11217,#11356,#11358,.T.);
#11356 = VERTEX_POINT('',#11357);
#11357 = CARTESIAN_POINT('',(5.479289321881,-10.3,-0.25));
#11358 = LINE('',#11359,#11360);
#11359 = CARTESIAN_POINT('',(1.77,-10.3,-0.25));
#11360 = VECTOR('',#11361,1.);
#11361 = DIRECTION('',(1.,0.,0.));
#11362 = ORIENTED_EDGE('',*,*,#11363,.T.);
#11363 = EDGE_CURVE('',#11356,#11364,#11366,.T.);
#11364 = VERTEX_POINT('',#11365);
#11365 = CARTESIAN_POINT('',(5.65,-10.3,-7.928932188134E-02));
#11366 = LINE('',#11367,#11368);
#11367 = CARTESIAN_POINT('',(3.899644660941,-10.3,-1.829644660941));
#11368 = VECTOR('',#11369,1.);
#11369 = DIRECTION('',(0.707106781187,-0.,0.707106781187));
#11370 = ORIENTED_EDGE('',*,*,#11371,.T.);
#11371 = EDGE_CURVE('',#11364,#11372,#11374,.T.);
#11372 = VERTEX_POINT('',#11373);
#11373 = CARTESIAN_POINT('',(5.65,-10.3,7.928932188135E-02));
#11374 = LINE('',#11375,#11376);
#11375 = CARTESIAN_POINT('',(5.65,-10.3,0.3));
#11376 = VECTOR('',#11377,1.);
#11377 = DIRECTION('',(-0.,-0.,1.));
#11378 = ORIENTED_EDGE('',*,*,#11379,.T.);
#11379 = EDGE_CURVE('',#11372,#11380,#11382,.T.);
#11380 = VERTEX_POINT('',#11381);
#11381 = CARTESIAN_POINT('',(5.479289321881,-10.3,0.25));
#11382 = LINE('',#11383,#11384);
#11383 = CARTESIAN_POINT('',(3.599644660941,-10.3,2.129644660941));
#11384 = VECTOR('',#11385,1.);
#11385 = DIRECTION('',(-0.707106781187,-0.,0.707106781187));
#11386 = ORIENTED_EDGE('',*,*,#11387,.T.);
#11387 = EDGE_CURVE('',#11380,#11215,#11388,.T.);
#11388 = LINE('',#11389,#11390);
#11389 = CARTESIAN_POINT('',(1.77,-10.3,0.25));
#11390 = VECTOR('',#11391,1.);
#11391 = DIRECTION('',(-1.,-0.,-0.));
#11392 = PLANE('',#11393);
#11393 = AXIS2_PLACEMENT_3D('',#11394,#11395,#11396);
#11394 = CARTESIAN_POINT('',(1.77,-10.3,0.3));
#11395 = DIRECTION('',(0.,-1.,-0.));
#11396 = DIRECTION('',(0.,0.,-1.));
#11397 = ADVANCED_FACE('',(#11398),#11466,.T.);
#11398 = FACE_BOUND('',#11399,.T.);
#11399 = EDGE_LOOP('',(#11400,#11410,#11418,#11427,#11435,#11443,#11451,
    #11460));
#11400 = ORIENTED_EDGE('',*,*,#11401,.T.);
#11401 = EDGE_CURVE('',#11402,#11404,#11406,.T.);
#11402 = VERTEX_POINT('',#11403);
#11403 = CARTESIAN_POINT('',(1.42,-8.1,0.3));
#11404 = VERTEX_POINT('',#11405);
#11405 = CARTESIAN_POINT('',(1.12,-8.1,0.3));
#11406 = LINE('',#11407,#11408);
#11407 = CARTESIAN_POINT('',(1.47,-8.1,0.3));
#11408 = VECTOR('',#11409,1.);
#11409 = DIRECTION('',(-1.,1.392757777032E-14,0.));
#11410 = ORIENTED_EDGE('',*,*,#11411,.T.);
#11411 = EDGE_CURVE('',#11404,#11412,#11414,.T.);
#11412 = VERTEX_POINT('',#11413);
#11413 = CARTESIAN_POINT('',(1.12,-9.6,0.3));
#11414 = LINE('',#11415,#11416);
#11415 = CARTESIAN_POINT('',(1.12,-9.6,0.3));
#11416 = VECTOR('',#11417,1.);
#11417 = DIRECTION('',(1.445602896647E-16,-1.,-0.));
#11418 = ORIENTED_EDGE('',*,*,#11419,.T.);
#11419 = EDGE_CURVE('',#11412,#11420,#11422,.T.);
#11420 = VERTEX_POINT('',#11421);
#11421 = CARTESIAN_POINT('',(1.77,-10.25,0.3));
#11422 = CIRCLE('',#11423,0.65);
#11423 = AXIS2_PLACEMENT_3D('',#11424,#11425,#11426);
#11424 = CARTESIAN_POINT('',(1.77,-9.6,0.3));
#11425 = DIRECTION('',(0.,0.,1.));
#11426 = DIRECTION('',(1.,0.,-0.));
#11427 = ORIENTED_EDGE('',*,*,#11428,.T.);
#11428 = EDGE_CURVE('',#11420,#11429,#11431,.T.);
#11429 = VERTEX_POINT('',#11430);
#11430 = CARTESIAN_POINT('',(5.479289321881,-10.25,0.3));
#11431 = LINE('',#11432,#11433);
#11432 = CARTESIAN_POINT('',(1.77,-10.25,0.3));
#11433 = VECTOR('',#11434,1.);
#11434 = DIRECTION('',(1.,0.,-0.));
#11435 = ORIENTED_EDGE('',*,*,#11436,.T.);
#11436 = EDGE_CURVE('',#11429,#11437,#11439,.T.);
#11437 = VERTEX_POINT('',#11438);
#11438 = CARTESIAN_POINT('',(5.479289321881,-9.95,0.3));
#11439 = LINE('',#11440,#11441);
#11440 = CARTESIAN_POINT('',(5.479289321881,-9.9,0.3));
#11441 = VECTOR('',#11442,1.);
#11442 = DIRECTION('',(-0.,1.,-0.));
#11443 = ORIENTED_EDGE('',*,*,#11444,.T.);
#11444 = EDGE_CURVE('',#11437,#11445,#11447,.T.);
#11445 = VERTEX_POINT('',#11446);
#11446 = CARTESIAN_POINT('',(1.77,-9.95,0.3));
#11447 = LINE('',#11448,#11449);
#11448 = CARTESIAN_POINT('',(1.77,-9.95,0.3));
#11449 = VECTOR('',#11450,1.);
#11450 = DIRECTION('',(-1.,-0.,0.));
#11451 = ORIENTED_EDGE('',*,*,#11452,.T.);
#11452 = EDGE_CURVE('',#11445,#11453,#11455,.T.);
#11453 = VERTEX_POINT('',#11454);
#11454 = CARTESIAN_POINT('',(1.42,-9.6,0.3));
#11455 = CIRCLE('',#11456,0.35);
#11456 = AXIS2_PLACEMENT_3D('',#11457,#11458,#11459);
#11457 = CARTESIAN_POINT('',(1.77,-9.6,0.3));
#11458 = DIRECTION('',(0.,0.,-1.));
#11459 = DIRECTION('',(1.,0.,0.));
#11460 = ORIENTED_EDGE('',*,*,#11461,.T.);
#11461 = EDGE_CURVE('',#11453,#11402,#11462,.T.);
#11462 = LINE('',#11463,#11464);
#11463 = CARTESIAN_POINT('',(1.42,-8.1,0.3));
#11464 = VECTOR('',#11465,1.);
#11465 = DIRECTION('',(-1.445602896647E-16,1.,0.));
#11466 = PLANE('',#11467);
#11467 = AXIS2_PLACEMENT_3D('',#11468,#11469,#11470);
#11468 = CARTESIAN_POINT('',(1.77,-9.9,0.3));
#11469 = DIRECTION('',(0.,0.,1.));
#11470 = DIRECTION('',(1.,0.,-0.));
#11471 = ADVANCED_FACE('',(#11472),#11513,.T.);
#11472 = FACE_BOUND('',#11473,.T.);
#11473 = EDGE_LOOP('',(#11474,#11484,#11490,#11491,#11499,#11507));
#11474 = ORIENTED_EDGE('',*,*,#11475,.T.);
#11475 = EDGE_CURVE('',#11476,#11478,#11480,.T.);
#11476 = VERTEX_POINT('',#11477);
#11477 = CARTESIAN_POINT('',(5.65,-9.9,-7.928932188134E-02));
#11478 = VERTEX_POINT('',#11479);
#11479 = CARTESIAN_POINT('',(5.479289321881,-9.9,-0.25));
#11480 = LINE('',#11481,#11482);
#11481 = CARTESIAN_POINT('',(3.899644660941,-9.9,-1.829644660941));
#11482 = VECTOR('',#11483,1.);
#11483 = DIRECTION('',(-0.707106781187,0.,-0.707106781187));
#11484 = ORIENTED_EDGE('',*,*,#11485,.T.);
#11485 = EDGE_CURVE('',#11478,#11258,#11486,.T.);
#11486 = LINE('',#11487,#11488);
#11487 = CARTESIAN_POINT('',(1.77,-9.9,-0.25));
#11488 = VECTOR('',#11489,1.);
#11489 = DIRECTION('',(-1.,0.,-0.));
#11490 = ORIENTED_EDGE('',*,*,#11266,.T.);
#11491 = ORIENTED_EDGE('',*,*,#11492,.T.);
#11492 = EDGE_CURVE('',#11248,#11493,#11495,.T.);
#11493 = VERTEX_POINT('',#11494);
#11494 = CARTESIAN_POINT('',(5.479289321881,-9.9,0.25));
#11495 = LINE('',#11496,#11497);
#11496 = CARTESIAN_POINT('',(1.77,-9.9,0.25));
#11497 = VECTOR('',#11498,1.);
#11498 = DIRECTION('',(1.,0.,0.));
#11499 = ORIENTED_EDGE('',*,*,#11500,.T.);
#11500 = EDGE_CURVE('',#11493,#11501,#11503,.T.);
#11501 = VERTEX_POINT('',#11502);
#11502 = CARTESIAN_POINT('',(5.65,-9.9,7.928932188135E-02));
#11503 = LINE('',#11504,#11505);
#11504 = CARTESIAN_POINT('',(3.599644660941,-9.9,2.129644660941));
#11505 = VECTOR('',#11506,1.);
#11506 = DIRECTION('',(0.707106781187,-0.,-0.707106781187));
#11507 = ORIENTED_EDGE('',*,*,#11508,.T.);
#11508 = EDGE_CURVE('',#11501,#11476,#11509,.T.);
#11509 = LINE('',#11510,#11511);
#11510 = CARTESIAN_POINT('',(5.65,-9.9,0.3));
#11511 = VECTOR('',#11512,1.);
#11512 = DIRECTION('',(-0.,0.,-1.));
#11513 = PLANE('',#11514);
#11514 = AXIS2_PLACEMENT_3D('',#11515,#11516,#11517);
#11515 = CARTESIAN_POINT('',(1.77,-9.9,0.3));
#11516 = DIRECTION('',(0.,1.,0.));
#11517 = DIRECTION('',(0.,-0.,1.));
#11518 = ADVANCED_FACE('',(#11519),#11553,.F.);
#11519 = FACE_BOUND('',#11520,.T.);
#11520 = EDGE_LOOP('',(#11521,#11522,#11529,#11530,#11537,#11538,#11545,
    #11546));
#11521 = ORIENTED_EDGE('',*,*,#11192,.F.);
#11522 = ORIENTED_EDGE('',*,*,#11523,.T.);
#11523 = EDGE_CURVE('',#11185,#11283,#11524,.T.);
#11524 = CIRCLE('',#11525,5.E-02);
#11525 = AXIS2_PLACEMENT_3D('',#11526,#11527,#11528);
#11526 = CARTESIAN_POINT('',(1.42,-8.1,-0.25));
#11527 = DIRECTION('',(1.392757777032E-14,1.,0.));
#11528 = DIRECTION('',(1.,-1.392757777032E-14,0.));
#11529 = ORIENTED_EDGE('',*,*,#11280,.F.);
#11530 = ORIENTED_EDGE('',*,*,#11531,.T.);
#11531 = EDGE_CURVE('',#11281,#11153,#11532,.T.);
#11532 = CIRCLE('',#11533,5.E-02);
#11533 = AXIS2_PLACEMENT_3D('',#11534,#11535,#11536);
#11534 = CARTESIAN_POINT('',(1.12,-8.1,-0.25));
#11535 = DIRECTION('',(1.392757777032E-14,1.,0.));
#11536 = DIRECTION('',(1.,-1.392757777032E-14,0.));
#11537 = ORIENTED_EDGE('',*,*,#11152,.F.);
#11538 = ORIENTED_EDGE('',*,*,#11539,.T.);
#11539 = EDGE_CURVE('',#11145,#11404,#11540,.T.);
#11540 = CIRCLE('',#11541,5.E-02);
#11541 = AXIS2_PLACEMENT_3D('',#11542,#11543,#11544);
#11542 = CARTESIAN_POINT('',(1.12,-8.1,0.25));
#11543 = DIRECTION('',(1.392757777032E-14,1.,0.));
#11544 = DIRECTION('',(1.,-1.392757777032E-14,0.));
#11545 = ORIENTED_EDGE('',*,*,#11401,.F.);
#11546 = ORIENTED_EDGE('',*,*,#11547,.T.);
#11547 = EDGE_CURVE('',#11402,#11193,#11548,.T.);
#11548 = CIRCLE('',#11549,5.E-02);
#11549 = AXIS2_PLACEMENT_3D('',#11550,#11551,#11552);
#11550 = CARTESIAN_POINT('',(1.42,-8.1,0.25));
#11551 = DIRECTION('',(1.392757777032E-14,1.,0.));
#11552 = DIRECTION('',(1.,-1.392757777032E-14,0.));
#11553 = PLANE('',#11554);
#11554 = AXIS2_PLACEMENT_3D('',#11555,#11556,#11557);
#11555 = CARTESIAN_POINT('',(11.37,-8.1,0.));
#11556 = DIRECTION('',(-1.392757777032E-14,-1.,0.));
#11557 = DIRECTION('',(0.,-0.,-1.));
#11558 = ADVANCED_FACE('',(#11559),#11593,.T.);
#11559 = FACE_BOUND('',#11560,.T.);
#11560 = EDGE_LOOP('',(#11561,#11571,#11579,#11587));
#11561 = ORIENTED_EDGE('',*,*,#11562,.T.);
#11562 = EDGE_CURVE('',#11563,#11565,#11567,.T.);
#11563 = VERTEX_POINT('',#11564);
#11564 = CARTESIAN_POINT('',(5.7,-9.95,-7.928932188134E-02));
#11565 = VERTEX_POINT('',#11566);
#11566 = CARTESIAN_POINT('',(5.7,-9.95,7.928932188135E-02));
#11567 = LINE('',#11568,#11569);
#11568 = CARTESIAN_POINT('',(5.7,-9.95,0.));
#11569 = VECTOR('',#11570,1.);
#11570 = DIRECTION('',(0.,0.,1.));
#11571 = ORIENTED_EDGE('',*,*,#11572,.T.);
#11572 = EDGE_CURVE('',#11565,#11573,#11575,.T.);
#11573 = VERTEX_POINT('',#11574);
#11574 = CARTESIAN_POINT('',(5.7,-10.25,7.928932188135E-02));
#11575 = LINE('',#11576,#11577);
#11576 = CARTESIAN_POINT('',(5.7,0.,7.928932188135E-02));
#11577 = VECTOR('',#11578,1.);
#11578 = DIRECTION('',(0.,-1.,-0.));
#11579 = ORIENTED_EDGE('',*,*,#11580,.T.);
#11580 = EDGE_CURVE('',#11573,#11581,#11583,.T.);
#11581 = VERTEX_POINT('',#11582);
#11582 = CARTESIAN_POINT('',(5.7,-10.25,-7.928932188135E-02));
#11583 = LINE('',#11584,#11585);
#11584 = CARTESIAN_POINT('',(5.7,-10.25,0.));
#11585 = VECTOR('',#11586,1.);
#11586 = DIRECTION('',(0.,0.,-1.));
#11587 = ORIENTED_EDGE('',*,*,#11588,.T.);
#11588 = EDGE_CURVE('',#11581,#11563,#11589,.T.);
#11589 = LINE('',#11590,#11591);
#11590 = CARTESIAN_POINT('',(5.7,1.074570687983E-17,-7.928932188134E-02)
  );
#11591 = VECTOR('',#11592,1.);
#11592 = DIRECTION('',(-0.,1.,1.355252715607E-16));
#11593 = PLANE('',#11594);
#11594 = AXIS2_PLACEMENT_3D('',#11595,#11596,#11597);
#11595 = CARTESIAN_POINT('',(5.7,0.,0.));
#11596 = DIRECTION('',(1.,0.,0.));
#11597 = DIRECTION('',(0.,0.,-1.));
#11598 = ADVANCED_FACE('',(#11599),#11633,.F.);
#11599 = FACE_BOUND('',#11600,.T.);
#11600 = EDGE_LOOP('',(#11601,#11611,#11619,#11627));
#11601 = ORIENTED_EDGE('',*,*,#11602,.T.);
#11602 = EDGE_CURVE('',#11603,#11605,#11607,.T.);
#11603 = VERTEX_POINT('',#11604);
#11604 = CARTESIAN_POINT('',(5.514644660941,-9.95,-0.285355339059));
#11605 = VERTEX_POINT('',#11606);
#11606 = CARTESIAN_POINT('',(5.685355339059,-9.95,-0.114644660941));
#11607 = LINE('',#11608,#11609);
#11608 = CARTESIAN_POINT('',(5.7,-9.95,-1.E-01));
#11609 = VECTOR('',#11610,1.);
#11610 = DIRECTION('',(0.707106781187,-6.162975822039E-33,0.707106781187
    ));
#11611 = ORIENTED_EDGE('',*,*,#11612,.T.);
#11612 = EDGE_CURVE('',#11605,#11613,#11615,.T.);
#11613 = VERTEX_POINT('',#11614);
#11614 = CARTESIAN_POINT('',(5.685355339059,-10.25,-0.114644660941));
#11615 = LINE('',#11616,#11617);
#11616 = CARTESIAN_POINT('',(5.685355339059,1.553724880697E-17,
    -0.114644660941));
#11617 = VECTOR('',#11618,1.);
#11618 = DIRECTION('',(-3.694829935231E-47,-1.,-1.355252715607E-16));
#11619 = ORIENTED_EDGE('',*,*,#11620,.T.);
#11620 = EDGE_CURVE('',#11613,#11621,#11623,.T.);
#11621 = VERTEX_POINT('',#11622);
#11622 = CARTESIAN_POINT('',(5.514644660941,-10.25,-0.285355339059));
#11623 = LINE('',#11624,#11625);
#11624 = CARTESIAN_POINT('',(5.7,-10.25,-1.E-01));
#11625 = VECTOR('',#11626,1.);
#11626 = DIRECTION('',(-0.707106781187,6.162975822039E-33,
    -0.707106781187));
#11627 = ORIENTED_EDGE('',*,*,#11628,.T.);
#11628 = EDGE_CURVE('',#11621,#11603,#11629,.T.);
#11629 = LINE('',#11630,#11631);
#11630 = CARTESIAN_POINT('',(5.514644660941,3.867285981731E-17,
    -0.285355339059));
#11631 = VECTOR('',#11632,1.);
#11632 = DIRECTION('',(2.465190328816E-32,1.,1.355252715607E-16));
#11633 = PLANE('',#11634);
#11634 = AXIS2_PLACEMENT_3D('',#11635,#11636,#11637);
#11635 = CARTESIAN_POINT('',(5.7,1.355252715607E-17,-1.E-01));
#11636 = DIRECTION('',(-0.707106781187,-9.583083854271E-17,
    0.707106781187));
#11637 = DIRECTION('',(0.,1.,1.355252715607E-16));
#11638 = ADVANCED_FACE('',(#11639),#11673,.F.);
#11639 = FACE_BOUND('',#11640,.T.);
#11640 = EDGE_LOOP('',(#11641,#11651,#11659,#11667));
#11641 = ORIENTED_EDGE('',*,*,#11642,.T.);
#11642 = EDGE_CURVE('',#11643,#11645,#11647,.T.);
#11643 = VERTEX_POINT('',#11644);
#11644 = CARTESIAN_POINT('',(5.514644660941,-10.25,0.285355339059));
#11645 = VERTEX_POINT('',#11646);
#11646 = CARTESIAN_POINT('',(5.685355339059,-10.25,0.114644660941));
#11647 = LINE('',#11648,#11649);
#11648 = CARTESIAN_POINT('',(5.7,-10.25,0.1));
#11649 = VECTOR('',#11650,1.);
#11650 = DIRECTION('',(0.707106781187,-0.,-0.707106781187));
#11651 = ORIENTED_EDGE('',*,*,#11652,.T.);
#11652 = EDGE_CURVE('',#11645,#11653,#11655,.T.);
#11653 = VERTEX_POINT('',#11654);
#11654 = CARTESIAN_POINT('',(5.685355339059,-9.95,0.114644660941));
#11655 = LINE('',#11656,#11657);
#11656 = CARTESIAN_POINT('',(5.685355339059,0.,0.114644660941));
#11657 = VECTOR('',#11658,1.);
#11658 = DIRECTION('',(-0.,1.,-0.));
#11659 = ORIENTED_EDGE('',*,*,#11660,.T.);
#11660 = EDGE_CURVE('',#11653,#11661,#11663,.T.);
#11661 = VERTEX_POINT('',#11662);
#11662 = CARTESIAN_POINT('',(5.514644660941,-9.95,0.285355339059));
#11663 = LINE('',#11664,#11665);
#11664 = CARTESIAN_POINT('',(5.7,-9.95,0.1));
#11665 = VECTOR('',#11666,1.);
#11666 = DIRECTION('',(-0.707106781187,-0.,0.707106781187));
#11667 = ORIENTED_EDGE('',*,*,#11668,.T.);
#11668 = EDGE_CURVE('',#11661,#11643,#11669,.T.);
#11669 = LINE('',#11670,#11671);
#11670 = CARTESIAN_POINT('',(5.514644660941,0.,0.285355339059));
#11671 = VECTOR('',#11672,1.);
#11672 = DIRECTION('',(-0.,-1.,-0.));
#11673 = PLANE('',#11674);
#11674 = AXIS2_PLACEMENT_3D('',#11675,#11676,#11677);
#11675 = CARTESIAN_POINT('',(5.7,0.,0.1));
#11676 = DIRECTION('',(-0.707106781187,-0.,-0.707106781187));
#11677 = DIRECTION('',(0.,-1.,0.));
#11678 = ADVANCED_FACE('',(#11679),#11691,.T.);
#11679 = FACE_BOUND('',#11680,.T.);
#11680 = EDGE_LOOP('',(#11681,#11682,#11683,#11690));
#11681 = ORIENTED_EDGE('',*,*,#11531,.F.);
#11682 = ORIENTED_EDGE('',*,*,#11340,.F.);
#11683 = ORIENTED_EDGE('',*,*,#11684,.F.);
#11684 = EDGE_CURVE('',#11137,#11332,#11685,.T.);
#11685 = CIRCLE('',#11686,5.E-02);
#11686 = AXIS2_PLACEMENT_3D('',#11687,#11688,#11689);
#11687 = CARTESIAN_POINT('',(1.12,-9.6,-0.25));
#11688 = DIRECTION('',(0.,-1.,-0.));
#11689 = DIRECTION('',(0.,0.,-1.));
#11690 = ORIENTED_EDGE('',*,*,#11160,.F.);
#11691 = CYLINDRICAL_SURFACE('',#11692,5.E-02);
#11692 = AXIS2_PLACEMENT_3D('',#11693,#11694,#11695);
#11693 = CARTESIAN_POINT('',(1.12,-9.9,-0.25));
#11694 = DIRECTION('',(1.445602896647E-16,-1.,-1.355252715607E-16));
#11695 = DIRECTION('',(1.,1.445602896647E-16,1.95915725137E-32));
#11696 = ADVANCED_FACE('',(#11697),#11709,.T.);
#11697 = FACE_BOUND('',#11698,.T.);
#11698 = EDGE_LOOP('',(#11699,#11700,#11701,#11708));
#11699 = ORIENTED_EDGE('',*,*,#11539,.F.);
#11700 = ORIENTED_EDGE('',*,*,#11144,.F.);
#11701 = ORIENTED_EDGE('',*,*,#11702,.F.);
#11702 = EDGE_CURVE('',#11412,#11135,#11703,.T.);
#11703 = CIRCLE('',#11704,5.E-02);
#11704 = AXIS2_PLACEMENT_3D('',#11705,#11706,#11707);
#11705 = CARTESIAN_POINT('',(1.12,-9.6,0.25));
#11706 = DIRECTION('',(0.,-1.,0.));
#11707 = DIRECTION('',(0.,0.,-1.));
#11708 = ORIENTED_EDGE('',*,*,#11411,.F.);
#11709 = CYLINDRICAL_SURFACE('',#11710,5.E-02);
#11710 = AXIS2_PLACEMENT_3D('',#11711,#11712,#11713);
#11711 = CARTESIAN_POINT('',(1.12,-9.6,0.25));
#11712 = DIRECTION('',(1.445602896647E-16,-1.,0.));
#11713 = DIRECTION('',(1.,1.445602896647E-16,0.));
#11714 = ADVANCED_FACE('',(#11715),#11727,.T.);
#11715 = FACE_BOUND('',#11716,.T.);
#11716 = EDGE_LOOP('',(#11717,#11718,#11719,#11726));
#11717 = ORIENTED_EDGE('',*,*,#11684,.T.);
#11718 = ORIENTED_EDGE('',*,*,#11331,.F.);
#11719 = ORIENTED_EDGE('',*,*,#11720,.F.);
#11720 = EDGE_CURVE('',#11217,#11324,#11721,.T.);
#11721 = CIRCLE('',#11722,5.E-02);
#11722 = AXIS2_PLACEMENT_3D('',#11723,#11724,#11725);
#11723 = CARTESIAN_POINT('',(1.77,-10.25,-0.25));
#11724 = DIRECTION('',(1.,4.336808689942E-15,4.336808689942E-15));
#11725 = DIRECTION('',(-4.336808689942E-15,1.,-2.80259692865E-45));
#11726 = ORIENTED_EDGE('',*,*,#11232,.F.);
#11727 = TOROIDAL_SURFACE('',#11728,0.65,5.E-02);
#11728 = AXIS2_PLACEMENT_3D('',#11729,#11730,#11731);
#11729 = CARTESIAN_POINT('',(1.77,-9.6,-0.25));
#11730 = DIRECTION('',(0.,1.355252715607E-16,-1.));
#11731 = DIRECTION('',(0.,1.,1.355252715607E-16));
#11732 = ADVANCED_FACE('',(#11733),#11745,.T.);
#11733 = FACE_BOUND('',#11734,.T.);
#11734 = EDGE_LOOP('',(#11735,#11736,#11737,#11744));
#11735 = ORIENTED_EDGE('',*,*,#11702,.T.);
#11736 = ORIENTED_EDGE('',*,*,#11224,.F.);
#11737 = ORIENTED_EDGE('',*,*,#11738,.F.);
#11738 = EDGE_CURVE('',#11420,#11215,#11739,.T.);
#11739 = CIRCLE('',#11740,5.E-02);
#11740 = AXIS2_PLACEMENT_3D('',#11741,#11742,#11743);
#11741 = CARTESIAN_POINT('',(1.77,-10.25,0.25));
#11742 = DIRECTION('',(1.,0.,0.));
#11743 = DIRECTION('',(0.,-0.,-1.));
#11744 = ORIENTED_EDGE('',*,*,#11419,.F.);
#11745 = TOROIDAL_SURFACE('',#11746,0.65,5.E-02);
#11746 = AXIS2_PLACEMENT_3D('',#11747,#11748,#11749);
#11747 = CARTESIAN_POINT('',(1.77,-9.6,0.25));
#11748 = DIRECTION('',(0.,0.,1.));
#11749 = DIRECTION('',(1.,0.,-0.));
#11750 = ADVANCED_FACE('',(#11751),#11763,.T.);
#11751 = FACE_BOUND('',#11752,.T.);
#11752 = EDGE_LOOP('',(#11753,#11754,#11755,#11762));
#11753 = ORIENTED_EDGE('',*,*,#11523,.F.);
#11754 = ORIENTED_EDGE('',*,*,#11184,.F.);
#11755 = ORIENTED_EDGE('',*,*,#11756,.F.);
#11756 = EDGE_CURVE('',#11291,#11175,#11757,.T.);
#11757 = CIRCLE('',#11758,5.E-02);
#11758 = AXIS2_PLACEMENT_3D('',#11759,#11760,#11761);
#11759 = CARTESIAN_POINT('',(1.42,-9.6,-0.25));
#11760 = DIRECTION('',(0.,-1.,0.));
#11761 = DIRECTION('',(0.,0.,-1.));
#11762 = ORIENTED_EDGE('',*,*,#11290,.F.);
#11763 = CYLINDRICAL_SURFACE('',#11764,5.E-02);
#11764 = AXIS2_PLACEMENT_3D('',#11765,#11766,#11767);
#11765 = CARTESIAN_POINT('',(1.42,-9.6,-0.25));
#11766 = DIRECTION('',(1.445602896647E-16,-1.,-1.355252715607E-16));
#11767 = DIRECTION('',(1.,1.445602896647E-16,1.95915725137E-32));
#11768 = ADVANCED_FACE('',(#11769),#11781,.T.);
#11769 = FACE_BOUND('',#11770,.T.);
#11770 = EDGE_LOOP('',(#11771,#11772,#11773,#11780));
#11771 = ORIENTED_EDGE('',*,*,#11720,.T.);
#11772 = ORIENTED_EDGE('',*,*,#11323,.F.);
#11773 = ORIENTED_EDGE('',*,*,#11774,.F.);
#11774 = EDGE_CURVE('',#11356,#11316,#11775,.T.);
#11775 = CIRCLE('',#11776,5.E-02);
#11776 = AXIS2_PLACEMENT_3D('',#11777,#11778,#11779);
#11777 = CARTESIAN_POINT('',(5.479289321881,-10.25,-0.25));
#11778 = DIRECTION('',(1.,0.,1.734723475977E-14));
#11779 = DIRECTION('',(1.734723475977E-14,0.,-1.));
#11780 = ORIENTED_EDGE('',*,*,#11355,.F.);
#11781 = CYLINDRICAL_SURFACE('',#11782,5.E-02);
#11782 = AXIS2_PLACEMENT_3D('',#11783,#11784,#11785);
#11783 = CARTESIAN_POINT('',(1.77,-10.25,-0.25));
#11784 = DIRECTION('',(1.,0.,0.));
#11785 = DIRECTION('',(0.,0.,-1.));
#11786 = ADVANCED_FACE('',(#11787),#11799,.T.);
#11787 = FACE_BOUND('',#11788,.T.);
#11788 = EDGE_LOOP('',(#11789,#11790,#11791,#11798));
#11789 = ORIENTED_EDGE('',*,*,#11738,.T.);
#11790 = ORIENTED_EDGE('',*,*,#11387,.F.);
#11791 = ORIENTED_EDGE('',*,*,#11792,.F.);
#11792 = EDGE_CURVE('',#11429,#11380,#11793,.T.);
#11793 = CIRCLE('',#11794,5.E-02);
#11794 = AXIS2_PLACEMENT_3D('',#11795,#11796,#11797);
#11795 = CARTESIAN_POINT('',(5.479289321881,-10.25,0.25));
#11796 = DIRECTION('',(1.,0.,0.));
#11797 = DIRECTION('',(0.,-0.,-1.));
#11798 = ORIENTED_EDGE('',*,*,#11428,.F.);
#11799 = CYLINDRICAL_SURFACE('',#11800,5.E-02);
#11800 = AXIS2_PLACEMENT_3D('',#11801,#11802,#11803);
#11801 = CARTESIAN_POINT('',(1.77,-10.25,0.25));
#11802 = DIRECTION('',(1.,0.,0.));
#11803 = DIRECTION('',(0.,0.,-1.));
#11804 = ADVANCED_FACE('',(#11805),#11817,.T.);
#11805 = FACE_BOUND('',#11806,.T.);
#11806 = EDGE_LOOP('',(#11807,#11808,#11809,#11816));
#11807 = ORIENTED_EDGE('',*,*,#11547,.F.);
#11808 = ORIENTED_EDGE('',*,*,#11461,.F.);
#11809 = ORIENTED_EDGE('',*,*,#11810,.F.);
#11810 = EDGE_CURVE('',#11177,#11453,#11811,.T.);
#11811 = CIRCLE('',#11812,5.E-02);
#11812 = AXIS2_PLACEMENT_3D('',#11813,#11814,#11815);
#11813 = CARTESIAN_POINT('',(1.42,-9.6,0.25));
#11814 = DIRECTION('',(0.,-1.,0.));
#11815 = DIRECTION('',(0.,0.,-1.));
#11816 = ORIENTED_EDGE('',*,*,#11200,.F.);
#11817 = CYLINDRICAL_SURFACE('',#11818,5.E-02);
#11818 = AXIS2_PLACEMENT_3D('',#11819,#11820,#11821);
#11819 = CARTESIAN_POINT('',(1.42,-9.9,0.25));
#11820 = DIRECTION('',(1.445602896647E-16,-1.,0.));
#11821 = DIRECTION('',(1.,1.445602896647E-16,0.));
#11822 = ADVANCED_FACE('',(#11823),#11835,.T.);
#11823 = FACE_BOUND('',#11824,.T.);
#11824 = EDGE_LOOP('',(#11825,#11826,#11827,#11834));
#11825 = ORIENTED_EDGE('',*,*,#11756,.T.);
#11826 = ORIENTED_EDGE('',*,*,#11257,.F.);
#11827 = ORIENTED_EDGE('',*,*,#11828,.F.);
#11828 = EDGE_CURVE('',#11299,#11258,#11829,.T.);
#11829 = CIRCLE('',#11830,5.E-02);
#11830 = AXIS2_PLACEMENT_3D('',#11831,#11832,#11833);
#11831 = CARTESIAN_POINT('',(1.77,-9.95,-0.25));
#11832 = DIRECTION('',(1.,-0.,0.));
#11833 = DIRECTION('',(0.,0.,-1.));
#11834 = ORIENTED_EDGE('',*,*,#11298,.F.);
#11835 = TOROIDAL_SURFACE('',#11836,0.35,5.E-02);
#11836 = AXIS2_PLACEMENT_3D('',#11837,#11838,#11839);
#11837 = CARTESIAN_POINT('',(1.77,-9.6,-0.25));
#11838 = DIRECTION('',(0.,1.355252715607E-16,-1.));
#11839 = DIRECTION('',(0.,1.,1.355252715607E-16));
#11840 = ADVANCED_FACE('',(#11841),#11858,.T.);
#11841 = FACE_BOUND('',#11842,.T.);
#11842 = EDGE_LOOP('',(#11843,#11850,#11851));
#11843 = ORIENTED_EDGE('',*,*,#11844,.F.);
#11844 = EDGE_CURVE('',#11356,#11621,#11845,.T.);
#11845 = CIRCLE('',#11846,5.E-02);
#11846 = AXIS2_PLACEMENT_3D('',#11847,#11848,#11849);
#11847 = CARTESIAN_POINT('',(5.479289321881,-10.25,-0.25));
#11848 = DIRECTION('',(0.707106781187,-1.916616770854E-14,0.707106781187
    ));
#11849 = DIRECTION('',(-0.707106781187,-1.262177448354E-29,
    0.707106781187));
#11850 = ORIENTED_EDGE('',*,*,#11774,.T.);
#11851 = ORIENTED_EDGE('',*,*,#11852,.F.);
#11852 = EDGE_CURVE('',#11621,#11316,#11853,.T.);
#11853 = CIRCLE('',#11854,5.E-02);
#11854 = AXIS2_PLACEMENT_3D('',#11855,#11856,#11857);
#11855 = CARTESIAN_POINT('',(5.479289321881,-10.25,-0.25));
#11856 = DIRECTION('',(-0.,1.,0.));
#11857 = DIRECTION('',(1.734723475977E-14,0.,-1.));
#11858 = SPHERICAL_SURFACE('',#11859,5.E-02);
#11859 = AXIS2_PLACEMENT_3D('',#11860,#11861,#11862);
#11860 = CARTESIAN_POINT('',(5.479289321881,-10.25,-0.25));
#11861 = DIRECTION('',(0.,1.,0.));
#11862 = DIRECTION('',(1.,0.,0.));
#11863 = ADVANCED_FACE('',(#11864),#11881,.T.);
#11864 = FACE_BOUND('',#11865,.T.);
#11865 = EDGE_LOOP('',(#11866,#11873,#11874));
#11866 = ORIENTED_EDGE('',*,*,#11867,.F.);
#11867 = EDGE_CURVE('',#11429,#11643,#11868,.T.);
#11868 = CIRCLE('',#11869,5.E-02);
#11869 = AXIS2_PLACEMENT_3D('',#11870,#11871,#11872);
#11870 = CARTESIAN_POINT('',(5.479289321881,-10.25,0.25));
#11871 = DIRECTION('',(-0.,1.,0.));
#11872 = DIRECTION('',(0.,0.,-1.));
#11873 = ORIENTED_EDGE('',*,*,#11792,.T.);
#11874 = ORIENTED_EDGE('',*,*,#11875,.F.);
#11875 = EDGE_CURVE('',#11643,#11380,#11876,.T.);
#11876 = CIRCLE('',#11877,5.E-02);
#11877 = AXIS2_PLACEMENT_3D('',#11878,#11879,#11880);
#11878 = CARTESIAN_POINT('',(5.479289321881,-10.25,0.25));
#11879 = DIRECTION('',(0.707106781187,0.,-0.707106781187));
#11880 = DIRECTION('',(0.707106781187,0.,0.707106781187));
#11881 = SPHERICAL_SURFACE('',#11882,5.E-02);
#11882 = AXIS2_PLACEMENT_3D('',#11883,#11884,#11885);
#11883 = CARTESIAN_POINT('',(5.479289321881,-10.25,0.25));
#11884 = DIRECTION('',(0.,1.,0.));
#11885 = DIRECTION('',(1.,0.,0.));
#11886 = ADVANCED_FACE('',(#11887),#11899,.T.);
#11887 = FACE_BOUND('',#11888,.T.);
#11888 = EDGE_LOOP('',(#11889,#11890,#11891,#11898));
#11889 = ORIENTED_EDGE('',*,*,#11810,.T.);
#11890 = ORIENTED_EDGE('',*,*,#11452,.F.);
#11891 = ORIENTED_EDGE('',*,*,#11892,.F.);
#11892 = EDGE_CURVE('',#11248,#11445,#11893,.T.);
#11893 = CIRCLE('',#11894,5.E-02);
#11894 = AXIS2_PLACEMENT_3D('',#11895,#11896,#11897);
#11895 = CARTESIAN_POINT('',(1.77,-9.95,0.25));
#11896 = DIRECTION('',(1.,1.301042606983E-14,-0.));
#11897 = DIRECTION('',(-1.301042606983E-14,1.,0.));
#11898 = ORIENTED_EDGE('',*,*,#11247,.F.);
#11899 = TOROIDAL_SURFACE('',#11900,0.35,5.E-02);
#11900 = AXIS2_PLACEMENT_3D('',#11901,#11902,#11903);
#11901 = CARTESIAN_POINT('',(1.77,-9.6,0.25));
#11902 = DIRECTION('',(0.,0.,1.));
#11903 = DIRECTION('',(1.,0.,-0.));
#11904 = ADVANCED_FACE('',(#11905),#11917,.T.);
#11905 = FACE_BOUND('',#11906,.T.);
#11906 = EDGE_LOOP('',(#11907,#11908,#11909,#11916));
#11907 = ORIENTED_EDGE('',*,*,#11828,.T.);
#11908 = ORIENTED_EDGE('',*,*,#11485,.F.);
#11909 = ORIENTED_EDGE('',*,*,#11910,.F.);
#11910 = EDGE_CURVE('',#11308,#11478,#11911,.T.);
#11911 = CIRCLE('',#11912,5.E-02);
#11912 = AXIS2_PLACEMENT_3D('',#11913,#11914,#11915);
#11913 = CARTESIAN_POINT('',(5.479289321881,-9.95,-0.25));
#11914 = DIRECTION('',(1.,1.734723475977E-14,0.));
#11915 = DIRECTION('',(-1.734723475977E-14,1.,0.));
#11916 = ORIENTED_EDGE('',*,*,#11307,.F.);
#11917 = CYLINDRICAL_SURFACE('',#11918,5.E-02);
#11918 = AXIS2_PLACEMENT_3D('',#11919,#11920,#11921);
#11919 = CARTESIAN_POINT('',(1.77,-9.95,-0.25));
#11920 = DIRECTION('',(1.,-0.,0.));
#11921 = DIRECTION('',(0.,0.,-1.));
#11922 = ADVANCED_FACE('',(#11923),#11935,.T.);
#11923 = FACE_BOUND('',#11924,.T.);
#11924 = EDGE_LOOP('',(#11925,#11926,#11927,#11934));
#11925 = ORIENTED_EDGE('',*,*,#11852,.T.);
#11926 = ORIENTED_EDGE('',*,*,#11315,.F.);
#11927 = ORIENTED_EDGE('',*,*,#11928,.F.);
#11928 = EDGE_CURVE('',#11603,#11308,#11929,.T.);
#11929 = CIRCLE('',#11930,5.E-02);
#11930 = AXIS2_PLACEMENT_3D('',#11931,#11932,#11933);
#11931 = CARTESIAN_POINT('',(5.479289321881,-9.95,-0.25));
#11932 = DIRECTION('',(0.,1.,0.));
#11933 = DIRECTION('',(0.,-0.,1.));
#11934 = ORIENTED_EDGE('',*,*,#11628,.F.);
#11935 = CYLINDRICAL_SURFACE('',#11936,5.E-02);
#11936 = AXIS2_PLACEMENT_3D('',#11937,#11938,#11939);
#11937 = CARTESIAN_POINT('',(5.479289321881,-9.9,-0.25));
#11938 = DIRECTION('',(1.743152798421E-32,1.,1.355252715607E-16));
#11939 = DIRECTION('',(-2.362412563778E-48,-1.355252715607E-16,1.));
#11940 = ADVANCED_FACE('',(#11941),#11953,.T.);
#11941 = FACE_BOUND('',#11942,.T.);
#11942 = EDGE_LOOP('',(#11943,#11944,#11945,#11952));
#11943 = ORIENTED_EDGE('',*,*,#11844,.T.);
#11944 = ORIENTED_EDGE('',*,*,#11620,.F.);
#11945 = ORIENTED_EDGE('',*,*,#11946,.F.);
#11946 = EDGE_CURVE('',#11364,#11613,#11947,.T.);
#11947 = CIRCLE('',#11948,5.E-02);
#11948 = AXIS2_PLACEMENT_3D('',#11949,#11950,#11951);
#11949 = CARTESIAN_POINT('',(5.65,-10.25,-7.928932188134E-02));
#11950 = DIRECTION('',(0.707106781187,0.,0.707106781187));
#11951 = DIRECTION('',(0.707106781187,0.,-0.707106781187));
#11952 = ORIENTED_EDGE('',*,*,#11363,.F.);
#11953 = CYLINDRICAL_SURFACE('',#11954,5.E-02);
#11954 = AXIS2_PLACEMENT_3D('',#11955,#11956,#11957);
#11955 = CARTESIAN_POINT('',(3.899644660941,-10.25,-1.829644660941));
#11956 = DIRECTION('',(-0.707106781187,0.,-0.707106781187));
#11957 = DIRECTION('',(-0.707106781187,0.,0.707106781187));
#11958 = ADVANCED_FACE('',(#11959),#11977,.T.);
#11959 = FACE_BOUND('',#11960,.T.);
#11960 = EDGE_LOOP('',(#11961,#11968,#11969,#11976));
#11961 = ORIENTED_EDGE('',*,*,#11962,.F.);
#11962 = EDGE_CURVE('',#11372,#11573,#11963,.T.);
#11963 = CIRCLE('',#11964,5.E-02);
#11964 = AXIS2_PLACEMENT_3D('',#11965,#11966,#11967);
#11965 = CARTESIAN_POINT('',(5.65,-10.25,7.928932188135E-02));
#11966 = DIRECTION('',(1.463672932855E-14,0.,1.));
#11967 = DIRECTION('',(1.,0.,-1.463672932855E-14));
#11968 = ORIENTED_EDGE('',*,*,#11371,.F.);
#11969 = ORIENTED_EDGE('',*,*,#11970,.F.);
#11970 = EDGE_CURVE('',#11581,#11364,#11971,.T.);
#11971 = CIRCLE('',#11972,5.E-02);
#11972 = AXIS2_PLACEMENT_3D('',#11973,#11974,#11975);
#11973 = CARTESIAN_POINT('',(5.65,-10.25,-7.928932188135E-02));
#11974 = DIRECTION('',(0.,-4.065758146821E-15,-1.));
#11975 = DIRECTION('',(0.,1.,-4.065758146821E-15));
#11976 = ORIENTED_EDGE('',*,*,#11580,.F.);
#11977 = CYLINDRICAL_SURFACE('',#11978,5.E-02);
#11978 = AXIS2_PLACEMENT_3D('',#11979,#11980,#11981);
#11979 = CARTESIAN_POINT('',(5.65,-10.25,0.));
#11980 = DIRECTION('',(0.,0.,-1.));
#11981 = DIRECTION('',(-1.,0.,0.));
#11982 = ADVANCED_FACE('',(#11983),#11995,.T.);
#11983 = FACE_BOUND('',#11984,.T.);
#11984 = EDGE_LOOP('',(#11985,#11986,#11987,#11994));
#11985 = ORIENTED_EDGE('',*,*,#11875,.T.);
#11986 = ORIENTED_EDGE('',*,*,#11379,.F.);
#11987 = ORIENTED_EDGE('',*,*,#11988,.F.);
#11988 = EDGE_CURVE('',#11645,#11372,#11989,.T.);
#11989 = CIRCLE('',#11990,5.E-02);
#11990 = AXIS2_PLACEMENT_3D('',#11991,#11992,#11993);
#11991 = CARTESIAN_POINT('',(5.65,-10.25,7.928932188135E-02));
#11992 = DIRECTION('',(0.707106781187,-1.015806888553E-14,
    -0.707106781187));
#11993 = DIRECTION('',(-0.707106781187,-9.466330862652E-30,
    -0.707106781187));
#11994 = ORIENTED_EDGE('',*,*,#11642,.F.);
#11995 = CYLINDRICAL_SURFACE('',#11996,5.E-02);
#11996 = AXIS2_PLACEMENT_3D('',#11997,#11998,#11999);
#11997 = CARTESIAN_POINT('',(3.599644660941,-10.25,2.129644660941));
#11998 = DIRECTION('',(0.707106781187,0.,-0.707106781187));
#11999 = DIRECTION('',(-0.707106781187,0.,-0.707106781187));
#12000 = ADVANCED_FACE('',(#12001),#12013,.T.);
#12001 = FACE_BOUND('',#12002,.T.);
#12002 = EDGE_LOOP('',(#12003,#12004,#12005,#12012));
#12003 = ORIENTED_EDGE('',*,*,#11867,.T.);
#12004 = ORIENTED_EDGE('',*,*,#11668,.F.);
#12005 = ORIENTED_EDGE('',*,*,#12006,.F.);
#12006 = EDGE_CURVE('',#11437,#11661,#12007,.T.);
#12007 = CIRCLE('',#12008,5.E-02);
#12008 = AXIS2_PLACEMENT_3D('',#12009,#12010,#12011);
#12009 = CARTESIAN_POINT('',(5.479289321881,-9.95,0.25));
#12010 = DIRECTION('',(0.,1.,0.));
#12011 = DIRECTION('',(0.,-0.,1.));
#12012 = ORIENTED_EDGE('',*,*,#11436,.F.);
#12013 = CYLINDRICAL_SURFACE('',#12014,5.E-02);
#12014 = AXIS2_PLACEMENT_3D('',#12015,#12016,#12017);
#12015 = CARTESIAN_POINT('',(5.479289321881,-9.9,0.25));
#12016 = DIRECTION('',(0.,-1.,0.));
#12017 = DIRECTION('',(0.,0.,-1.));
#12018 = ADVANCED_FACE('',(#12019),#12031,.T.);
#12019 = FACE_BOUND('',#12020,.T.);
#12020 = EDGE_LOOP('',(#12021,#12022,#12023,#12030));
#12021 = ORIENTED_EDGE('',*,*,#11892,.T.);
#12022 = ORIENTED_EDGE('',*,*,#11444,.F.);
#12023 = ORIENTED_EDGE('',*,*,#12024,.F.);
#12024 = EDGE_CURVE('',#11493,#11437,#12025,.T.);
#12025 = CIRCLE('',#12026,5.E-02);
#12026 = AXIS2_PLACEMENT_3D('',#12027,#12028,#12029);
#12027 = CARTESIAN_POINT('',(5.479289321881,-9.95,0.25));
#12028 = DIRECTION('',(1.,0.,-1.734723475977E-14));
#12029 = DIRECTION('',(-1.734723475977E-14,0.,-1.));
#12030 = ORIENTED_EDGE('',*,*,#11492,.F.);
#12031 = CYLINDRICAL_SURFACE('',#12032,5.E-02);
#12032 = AXIS2_PLACEMENT_3D('',#12033,#12034,#12035);
#12033 = CARTESIAN_POINT('',(1.77,-9.95,0.25));
#12034 = DIRECTION('',(1.,0.,0.));
#12035 = DIRECTION('',(0.,0.,-1.));
#12036 = ADVANCED_FACE('',(#12037),#12048,.T.);
#12037 = FACE_BOUND('',#12038,.T.);
#12038 = EDGE_LOOP('',(#12039,#12040,#12041));
#12039 = ORIENTED_EDGE('',*,*,#11928,.T.);
#12040 = ORIENTED_EDGE('',*,*,#11910,.T.);
#12041 = ORIENTED_EDGE('',*,*,#12042,.F.);
#12042 = EDGE_CURVE('',#11603,#11478,#12043,.T.);
#12043 = CIRCLE('',#12044,5.E-02);
#12044 = AXIS2_PLACEMENT_3D('',#12045,#12046,#12047);
#12045 = CARTESIAN_POINT('',(5.479289321881,-9.95,-0.25));
#12046 = DIRECTION('',(0.707106781187,0.,0.707106781187));
#12047 = DIRECTION('',(-0.707106781187,0.,0.707106781187));
#12048 = SPHERICAL_SURFACE('',#12049,5.E-02);
#12049 = AXIS2_PLACEMENT_3D('',#12050,#12051,#12052);
#12050 = CARTESIAN_POINT('',(5.479289321881,-9.95,-0.25));
#12051 = DIRECTION('',(0.,1.,0.));
#12052 = DIRECTION('',(1.,0.,0.));
#12053 = ADVANCED_FACE('',(#12054),#12065,.T.);
#12054 = FACE_BOUND('',#12055,.T.);
#12055 = EDGE_LOOP('',(#12056,#12057,#12058));
#12056 = ORIENTED_EDGE('',*,*,#11970,.T.);
#12057 = ORIENTED_EDGE('',*,*,#11946,.T.);
#12058 = ORIENTED_EDGE('',*,*,#12059,.F.);
#12059 = EDGE_CURVE('',#11581,#11613,#12060,.T.);
#12060 = CIRCLE('',#12061,5.E-02);
#12061 = AXIS2_PLACEMENT_3D('',#12062,#12063,#12064);
#12062 = CARTESIAN_POINT('',(5.65,-10.25,-7.928932188135E-02));
#12063 = DIRECTION('',(-0.,1.,0.));
#12064 = DIRECTION('',(0.,0.,-1.));
#12065 = SPHERICAL_SURFACE('',#12066,5.E-02);
#12066 = AXIS2_PLACEMENT_3D('',#12067,#12068,#12069);
#12067 = CARTESIAN_POINT('',(5.65,-10.25,-7.928932188135E-02));
#12068 = DIRECTION('',(0.,1.,0.));
#12069 = DIRECTION('',(1.,0.,0.));
#12070 = ADVANCED_FACE('',(#12071),#12082,.T.);
#12071 = FACE_BOUND('',#12072,.T.);
#12072 = EDGE_LOOP('',(#12073,#12074,#12075));
#12073 = ORIENTED_EDGE('',*,*,#11988,.T.);
#12074 = ORIENTED_EDGE('',*,*,#11962,.T.);
#12075 = ORIENTED_EDGE('',*,*,#12076,.F.);
#12076 = EDGE_CURVE('',#11645,#11573,#12077,.T.);
#12077 = CIRCLE('',#12078,5.E-02);
#12078 = AXIS2_PLACEMENT_3D('',#12079,#12080,#12081);
#12079 = CARTESIAN_POINT('',(5.65,-10.25,7.928932188135E-02));
#12080 = DIRECTION('',(-0.,1.,0.));
#12081 = DIRECTION('',(1.734723475977E-14,0.,-1.));
#12082 = SPHERICAL_SURFACE('',#12083,5.E-02);
#12083 = AXIS2_PLACEMENT_3D('',#12084,#12085,#12086);
#12084 = CARTESIAN_POINT('',(5.65,-10.25,7.928932188135E-02));
#12085 = DIRECTION('',(0.,1.,0.));
#12086 = DIRECTION('',(1.,0.,0.));
#12087 = ADVANCED_FACE('',(#12088),#12099,.T.);
#12088 = FACE_BOUND('',#12089,.T.);
#12089 = EDGE_LOOP('',(#12090,#12091,#12092));
#12090 = ORIENTED_EDGE('',*,*,#12024,.T.);
#12091 = ORIENTED_EDGE('',*,*,#12006,.T.);
#12092 = ORIENTED_EDGE('',*,*,#12093,.F.);
#12093 = EDGE_CURVE('',#11493,#11661,#12094,.T.);
#12094 = CIRCLE('',#12095,5.E-02);
#12095 = AXIS2_PLACEMENT_3D('',#12096,#12097,#12098);
#12096 = CARTESIAN_POINT('',(5.479289321881,-9.95,0.25));
#12097 = DIRECTION('',(0.707106781187,2.069946112523E-14,-0.707106781187
    ));
#12098 = DIRECTION('',(0.707106781187,-1.735493991486E-29,0.707106781187
    ));
#12099 = SPHERICAL_SURFACE('',#12100,5.E-02);
#12100 = AXIS2_PLACEMENT_3D('',#12101,#12102,#12103);
#12101 = CARTESIAN_POINT('',(5.479289321881,-9.95,0.25));
#12102 = DIRECTION('',(0.,1.,0.));
#12103 = DIRECTION('',(1.,0.,0.));
#12104 = ADVANCED_FACE('',(#12105),#12117,.T.);
#12105 = FACE_BOUND('',#12106,.T.);
#12106 = EDGE_LOOP('',(#12107,#12108,#12109,#12116));
#12107 = ORIENTED_EDGE('',*,*,#12042,.T.);
#12108 = ORIENTED_EDGE('',*,*,#11475,.F.);
#12109 = ORIENTED_EDGE('',*,*,#12110,.F.);
#12110 = EDGE_CURVE('',#11605,#11476,#12111,.T.);
#12111 = CIRCLE('',#12112,5.E-02);
#12112 = AXIS2_PLACEMENT_3D('',#12113,#12114,#12115);
#12113 = CARTESIAN_POINT('',(5.65,-9.95,-7.928932188134E-02));
#12114 = DIRECTION('',(0.707106781187,-2.49160180211E-15,0.707106781187)
  );
#12115 = DIRECTION('',(0.707106781187,2.366582715663E-30,-0.707106781187
    ));
#12116 = ORIENTED_EDGE('',*,*,#11602,.F.);
#12117 = CYLINDRICAL_SURFACE('',#12118,5.E-02);
#12118 = AXIS2_PLACEMENT_3D('',#12119,#12120,#12121);
#12119 = CARTESIAN_POINT('',(3.899644660941,-9.95,-1.829644660941));
#12120 = DIRECTION('',(0.707106781187,0.,0.707106781187));
#12121 = DIRECTION('',(0.707106781187,0.,-0.707106781187));
#12122 = ADVANCED_FACE('',(#12123),#12135,.T.);
#12123 = FACE_BOUND('',#12124,.T.);
#12124 = EDGE_LOOP('',(#12125,#12126,#12127,#12134));
#12125 = ORIENTED_EDGE('',*,*,#12059,.T.);
#12126 = ORIENTED_EDGE('',*,*,#11612,.F.);
#12127 = ORIENTED_EDGE('',*,*,#12128,.F.);
#12128 = EDGE_CURVE('',#11563,#11605,#12129,.T.);
#12129 = CIRCLE('',#12130,5.E-02);
#12130 = AXIS2_PLACEMENT_3D('',#12131,#12132,#12133);
#12131 = CARTESIAN_POINT('',(5.65,-9.95,-7.928932188134E-02));
#12132 = DIRECTION('',(-0.,1.,0.));
#12133 = DIRECTION('',(0.,0.,1.));
#12134 = ORIENTED_EDGE('',*,*,#11588,.F.);
#12135 = CYLINDRICAL_SURFACE('',#12136,5.E-02);
#12136 = AXIS2_PLACEMENT_3D('',#12137,#12138,#12139);
#12137 = CARTESIAN_POINT('',(5.65,1.074570687983E-17,-7.928932188134E-02
    ));
#12138 = DIRECTION('',(0.,-1.,-1.355252715607E-16));
#12139 = DIRECTION('',(0.,1.355252715607E-16,-1.));
#12140 = ADVANCED_FACE('',(#12141),#12153,.T.);
#12141 = FACE_BOUND('',#12142,.T.);
#12142 = EDGE_LOOP('',(#12143,#12144,#12145,#12152));
#12143 = ORIENTED_EDGE('',*,*,#12076,.T.);
#12144 = ORIENTED_EDGE('',*,*,#11572,.F.);
#12145 = ORIENTED_EDGE('',*,*,#12146,.F.);
#12146 = EDGE_CURVE('',#11653,#11565,#12147,.T.);
#12147 = CIRCLE('',#12148,5.E-02);
#12148 = AXIS2_PLACEMENT_3D('',#12149,#12150,#12151);
#12149 = CARTESIAN_POINT('',(5.65,-9.95,7.928932188135E-02));
#12150 = DIRECTION('',(-0.,1.,0.));
#12151 = DIRECTION('',(0.,0.,1.));
#12152 = ORIENTED_EDGE('',*,*,#11652,.F.);
#12153 = CYLINDRICAL_SURFACE('',#12154,5.E-02);
#12154 = AXIS2_PLACEMENT_3D('',#12155,#12156,#12157);
#12155 = CARTESIAN_POINT('',(5.65,0.,7.928932188135E-02));
#12156 = DIRECTION('',(0.,1.,0.));
#12157 = DIRECTION('',(0.,-0.,1.));
#12158 = ADVANCED_FACE('',(#12159),#12171,.T.);
#12159 = FACE_BOUND('',#12160,.T.);
#12160 = EDGE_LOOP('',(#12161,#12162,#12163,#12170));
#12161 = ORIENTED_EDGE('',*,*,#12093,.T.);
#12162 = ORIENTED_EDGE('',*,*,#11660,.F.);
#12163 = ORIENTED_EDGE('',*,*,#12164,.F.);
#12164 = EDGE_CURVE('',#11501,#11653,#12165,.T.);
#12165 = CIRCLE('',#12166,5.E-02);
#12166 = AXIS2_PLACEMENT_3D('',#12167,#12168,#12169);
#12167 = CARTESIAN_POINT('',(5.65,-9.95,7.928932188135E-02));
#12168 = DIRECTION('',(0.707106781187,0.,-0.707106781187));
#12169 = DIRECTION('',(-0.707106781187,0.,-0.707106781187));
#12170 = ORIENTED_EDGE('',*,*,#11500,.F.);
#12171 = CYLINDRICAL_SURFACE('',#12172,5.E-02);
#12172 = AXIS2_PLACEMENT_3D('',#12173,#12174,#12175);
#12173 = CARTESIAN_POINT('',(3.599644660941,-9.95,2.129644660941));
#12174 = DIRECTION('',(-0.707106781187,0.,0.707106781187));
#12175 = DIRECTION('',(0.707106781187,0.,0.707106781187));
#12176 = ADVANCED_FACE('',(#12177),#12188,.T.);
#12177 = FACE_BOUND('',#12178,.T.);
#12178 = EDGE_LOOP('',(#12179,#12180,#12181));
#12179 = ORIENTED_EDGE('',*,*,#12128,.T.);
#12180 = ORIENTED_EDGE('',*,*,#12110,.T.);
#12181 = ORIENTED_EDGE('',*,*,#12182,.F.);
#12182 = EDGE_CURVE('',#11563,#11476,#12183,.T.);
#12183 = CIRCLE('',#12184,5.E-02);
#12184 = AXIS2_PLACEMENT_3D('',#12185,#12186,#12187);
#12185 = CARTESIAN_POINT('',(5.65,-9.95,-7.928932188134E-02));
#12186 = DIRECTION('',(2.981555974335E-15,0.,1.));
#12187 = DIRECTION('',(-1.,0.,2.981555974335E-15));
#12188 = SPHERICAL_SURFACE('',#12189,5.E-02);
#12189 = AXIS2_PLACEMENT_3D('',#12190,#12191,#12192);
#12190 = CARTESIAN_POINT('',(5.65,-9.95,-7.928932188134E-02));
#12191 = DIRECTION('',(0.,1.,0.));
#12192 = DIRECTION('',(1.,0.,0.));
#12193 = ADVANCED_FACE('',(#12194),#12205,.T.);
#12194 = FACE_BOUND('',#12195,.T.);
#12195 = EDGE_LOOP('',(#12196,#12197,#12198));
#12196 = ORIENTED_EDGE('',*,*,#12164,.T.);
#12197 = ORIENTED_EDGE('',*,*,#12146,.T.);
#12198 = ORIENTED_EDGE('',*,*,#12199,.F.);
#12199 = EDGE_CURVE('',#11501,#11565,#12200,.T.);
#12200 = CIRCLE('',#12201,5.E-02);
#12201 = AXIS2_PLACEMENT_3D('',#12202,#12203,#12204);
#12202 = CARTESIAN_POINT('',(5.65,-9.95,7.928932188135E-02));
#12203 = DIRECTION('',(0.,-2.710505431214E-15,-1.));
#12204 = DIRECTION('',(0.,-1.,2.710505431214E-15));
#12205 = SPHERICAL_SURFACE('',#12206,5.E-02);
#12206 = AXIS2_PLACEMENT_3D('',#12207,#12208,#12209);
#12207 = CARTESIAN_POINT('',(5.65,-9.95,7.928932188135E-02));
#12208 = DIRECTION('',(0.,1.,0.));
#12209 = DIRECTION('',(1.,0.,0.));
#12210 = ADVANCED_FACE('',(#12211),#12217,.T.);
#12211 = FACE_BOUND('',#12212,.T.);
#12212 = EDGE_LOOP('',(#12213,#12214,#12215,#12216));
#12213 = ORIENTED_EDGE('',*,*,#12182,.T.);
#12214 = ORIENTED_EDGE('',*,*,#11508,.F.);
#12215 = ORIENTED_EDGE('',*,*,#12199,.T.);
#12216 = ORIENTED_EDGE('',*,*,#11562,.F.);
#12217 = CYLINDRICAL_SURFACE('',#12218,5.E-02);
#12218 = AXIS2_PLACEMENT_3D('',#12219,#12220,#12221);
#12219 = CARTESIAN_POINT('',(5.65,-9.95,0.));
#12220 = DIRECTION('',(0.,0.,1.));
#12221 = DIRECTION('',(1.,0.,-0.));
#12222 = ( GEOMETRIC_REPRESENTATION_CONTEXT(3) 
GLOBAL_UNCERTAINTY_ASSIGNED_CONTEXT((#12226)) 
GLOBAL_UNIT_ASSIGNED_CONTEXT((#12223,#12224,#12225)) 
REPRESENTATION_CONTEXT('Context #1',
  '3D Context with UNIT and UNCERTAINTY') );
#12223 = ( LENGTH_UNIT() NAMED_UNIT(*) SI_UNIT(.MILLI.,.METRE.) );
#12224 = ( NAMED_UNIT(*) PLANE_ANGLE_UNIT() SI_UNIT($,.RADIAN.) );
#12225 = ( NAMED_UNIT(*) SI_UNIT($,.STERADIAN.) SOLID_ANGLE_UNIT() );
#12226 = UNCERTAINTY_MEASURE_WITH_UNIT(LENGTH_MEASURE(2.E-05),#12223,
  'distance_accuracy_value','confusion accuracy');
#12227 = CONTEXT_DEPENDENT_SHAPE_REPRESENTATION(#12228,#12230);
#12228 = ( REPRESENTATION_RELATIONSHIP('','',#7067,#7000) 
REPRESENTATION_RELATIONSHIP_WITH_TRANSFORMATION(#12229) 
SHAPE_REPRESENTATION_RELATIONSHIP() );
#12229 = ITEM_DEFINED_TRANSFORMATION('','',#11,#7001);
#12230 = PRODUCT_DEFINITION_SHAPE('Placement','Placement of an item',
  #12231);
#12231 = NEXT_ASSEMBLY_USAGE_OCCURRENCE('16','NAUO1','',#6995,#7062,$);
#12232 = PRODUCT_RELATED_PRODUCT_CATEGORY('part',$,(#7064));
#12233 = SHAPE_DEFINITION_REPRESENTATION(#12234,#12240);
#12234 = PRODUCT_DEFINITION_SHAPE('','',#12235);
#12235 = PRODUCT_DEFINITION('design','',#12236,#12239);
#12236 = PRODUCT_DEFINITION_FORMATION('','',#12237);
#12237 = PRODUCT('end','end','',(#12238));
#12238 = PRODUCT_CONTEXT('',#2,'mechanical');
#12239 = PRODUCT_DEFINITION_CONTEXT('part definition',#2,'design');
#12240 = ADVANCED_BREP_SHAPE_REPRESENTATION('',(#11,#12241),#13151);
#12241 = MANIFOLD_SOLID_BREP('',#12242);
#12242 = CLOSED_SHELL('',(#12243,#12283,#12323,#12363,#12403,#12511,
    #12601,#12632,#12663,#12694,#12725,#12743,#12767,#12785,#12802,
    #12820,#12838,#12856,#12874,#12892,#12909,#12927,#12945,#12963,
    #12981,#12999,#13016,#13033,#13051,#13069,#13087,#13105,#13122,
    #13139));
#12243 = ADVANCED_FACE('',(#12244),#12278,.T.);
#12244 = FACE_BOUND('',#12245,.T.);
#12245 = EDGE_LOOP('',(#12246,#12256,#12264,#12272));
#12246 = ORIENTED_EDGE('',*,*,#12247,.T.);
#12247 = EDGE_CURVE('',#12248,#12250,#12252,.T.);
#12248 = VERTEX_POINT('',#12249);
#12249 = CARTESIAN_POINT('',(-0.1,-4.05,-2.3));
#12250 = VERTEX_POINT('',#12251);
#12251 = CARTESIAN_POINT('',(-0.1,-4.05,2.3));
#12252 = LINE('',#12253,#12254);
#12253 = CARTESIAN_POINT('',(-1.E-01,-4.05,3.));
#12254 = VECTOR('',#12255,1.);
#12255 = DIRECTION('',(-0.,-0.,1.));
#12256 = ORIENTED_EDGE('',*,*,#12257,.T.);
#12257 = EDGE_CURVE('',#12250,#12258,#12260,.T.);
#12258 = VERTEX_POINT('',#12259);
#12259 = CARTESIAN_POINT('',(-2.46,-4.05,2.3));
#12260 = LINE('',#12261,#12262);
#12261 = CARTESIAN_POINT('',(-2.46,-4.05,2.3));
#12262 = VECTOR('',#12263,1.);
#12263 = DIRECTION('',(-1.,-0.,-0.));
#12264 = ORIENTED_EDGE('',*,*,#12265,.T.);
#12265 = EDGE_CURVE('',#12258,#12266,#12268,.T.);
#12266 = VERTEX_POINT('',#12267);
#12267 = CARTESIAN_POINT('',(-2.46,-4.05,-2.3));
#12268 = LINE('',#12269,#12270);
#12269 = CARTESIAN_POINT('',(-2.46,-4.05,3.));
#12270 = VECTOR('',#12271,1.);
#12271 = DIRECTION('',(0.,0.,-1.));
#12272 = ORIENTED_EDGE('',*,*,#12273,.T.);
#12273 = EDGE_CURVE('',#12266,#12248,#12274,.T.);
#12274 = LINE('',#12275,#12276);
#12275 = CARTESIAN_POINT('',(-2.46,-4.05,-2.3));
#12276 = VECTOR('',#12277,1.);
#12277 = DIRECTION('',(1.,-0.,-0.));
#12278 = PLANE('',#12279);
#12279 = AXIS2_PLACEMENT_3D('',#12280,#12281,#12282);
#12280 = CARTESIAN_POINT('',(-2.46,-4.05,3.));
#12281 = DIRECTION('',(0.,-1.,0.));
#12282 = DIRECTION('',(0.,-0.,-1.));
#12283 = ADVANCED_FACE('',(#12284),#12318,.T.);
#12284 = FACE_BOUND('',#12285,.T.);
#12285 = EDGE_LOOP('',(#12286,#12296,#12304,#12312));
#12286 = ORIENTED_EDGE('',*,*,#12287,.T.);
#12287 = EDGE_CURVE('',#12288,#12290,#12292,.T.);
#12288 = VERTEX_POINT('',#12289);
#12289 = CARTESIAN_POINT('',(-0.1,3.95,-3.));
#12290 = VERTEX_POINT('',#12291);
#12291 = CARTESIAN_POINT('',(-0.1,-4.35,-3.));
#12292 = LINE('',#12293,#12294);
#12293 = CARTESIAN_POINT('',(-1.E-01,4.05,-3.));
#12294 = VECTOR('',#12295,1.);
#12295 = DIRECTION('',(-0.,-1.,-5.354084802398E-17));
#12296 = ORIENTED_EDGE('',*,*,#12297,.T.);
#12297 = EDGE_CURVE('',#12290,#12298,#12300,.T.);
#12298 = VERTEX_POINT('',#12299);
#12299 = CARTESIAN_POINT('',(-2.46,-4.35,-3.));
#12300 = LINE('',#12301,#12302);
#12301 = CARTESIAN_POINT('',(-2.46,-4.35,-3.));
#12302 = VECTOR('',#12303,1.);
#12303 = DIRECTION('',(-1.,-0.,-0.));
#12304 = ORIENTED_EDGE('',*,*,#12305,.T.);
#12305 = EDGE_CURVE('',#12298,#12306,#12308,.T.);
#12306 = VERTEX_POINT('',#12307);
#12307 = CARTESIAN_POINT('',(-2.46,3.95,-3.));
#12308 = LINE('',#12309,#12310);
#12309 = CARTESIAN_POINT('',(-2.46,4.05,-3.));
#12310 = VECTOR('',#12311,1.);
#12311 = DIRECTION('',(-0.,1.,5.354084802398E-17));
#12312 = ORIENTED_EDGE('',*,*,#12313,.T.);
#12313 = EDGE_CURVE('',#12306,#12288,#12314,.T.);
#12314 = LINE('',#12315,#12316);
#12315 = CARTESIAN_POINT('',(-2.46,3.95,-3.));
#12316 = VECTOR('',#12317,1.);
#12317 = DIRECTION('',(1.,0.,0.));
#12318 = PLANE('',#12319);
#12319 = AXIS2_PLACEMENT_3D('',#12320,#12321,#12322);
#12320 = CARTESIAN_POINT('',(-2.46,4.05,-3.));
#12321 = DIRECTION('',(0.,5.354084802398E-17,-1.));
#12322 = DIRECTION('',(0.,1.,5.354084802398E-17));
#12323 = ADVANCED_FACE('',(#12324),#12358,.T.);
#12324 = FACE_BOUND('',#12325,.T.);
#12325 = EDGE_LOOP('',(#12326,#12336,#12344,#12352));
#12326 = ORIENTED_EDGE('',*,*,#12327,.T.);
#12327 = EDGE_CURVE('',#12328,#12330,#12332,.T.);
#12328 = VERTEX_POINT('',#12329);
#12329 = CARTESIAN_POINT('',(-0.1,-4.35,3.));
#12330 = VERTEX_POINT('',#12331);
#12331 = CARTESIAN_POINT('',(-0.1,3.95,3.));
#12332 = LINE('',#12333,#12334);
#12333 = CARTESIAN_POINT('',(-1.E-01,4.05,3.));
#12334 = VECTOR('',#12335,1.);
#12335 = DIRECTION('',(-0.,1.,1.07081696048E-16));
#12336 = ORIENTED_EDGE('',*,*,#12337,.T.);
#12337 = EDGE_CURVE('',#12330,#12338,#12340,.T.);
#12338 = VERTEX_POINT('',#12339);
#12339 = CARTESIAN_POINT('',(-2.46,3.95,3.));
#12340 = LINE('',#12341,#12342);
#12341 = CARTESIAN_POINT('',(-2.46,3.95,3.));
#12342 = VECTOR('',#12343,1.);
#12343 = DIRECTION('',(-1.,-0.,-0.));
#12344 = ORIENTED_EDGE('',*,*,#12345,.T.);
#12345 = EDGE_CURVE('',#12338,#12346,#12348,.T.);
#12346 = VERTEX_POINT('',#12347);
#12347 = CARTESIAN_POINT('',(-2.46,-4.35,3.));
#12348 = LINE('',#12349,#12350);
#12349 = CARTESIAN_POINT('',(-2.46,4.05,3.));
#12350 = VECTOR('',#12351,1.);
#12351 = DIRECTION('',(0.,-1.,-1.07081696048E-16));
#12352 = ORIENTED_EDGE('',*,*,#12353,.T.);
#12353 = EDGE_CURVE('',#12346,#12328,#12354,.T.);
#12354 = LINE('',#12355,#12356);
#12355 = CARTESIAN_POINT('',(-2.46,-4.35,3.));
#12356 = VECTOR('',#12357,1.);
#12357 = DIRECTION('',(1.,-0.,-0.));
#12358 = PLANE('',#12359);
#12359 = AXIS2_PLACEMENT_3D('',#12360,#12361,#12362);
#12360 = CARTESIAN_POINT('',(-2.46,4.05,3.));
#12361 = DIRECTION('',(0.,-1.07081696048E-16,1.));
#12362 = DIRECTION('',(0.,-1.,-1.07081696048E-16));
#12363 = ADVANCED_FACE('',(#12364),#12398,.T.);
#12364 = FACE_BOUND('',#12365,.T.);
#12365 = EDGE_LOOP('',(#12366,#12376,#12384,#12392));
#12366 = ORIENTED_EDGE('',*,*,#12367,.T.);
#12367 = EDGE_CURVE('',#12368,#12370,#12372,.T.);
#12368 = VERTEX_POINT('',#12369);
#12369 = CARTESIAN_POINT('',(-2.46,4.05,-2.9));
#12370 = VERTEX_POINT('',#12371);
#12371 = CARTESIAN_POINT('',(-2.46,4.05,2.9));
#12372 = LINE('',#12373,#12374);
#12373 = CARTESIAN_POINT('',(-2.46,4.05,3.));
#12374 = VECTOR('',#12375,1.);
#12375 = DIRECTION('',(-0.,-0.,1.));
#12376 = ORIENTED_EDGE('',*,*,#12377,.T.);
#12377 = EDGE_CURVE('',#12370,#12378,#12380,.T.);
#12378 = VERTEX_POINT('',#12379);
#12379 = CARTESIAN_POINT('',(-0.1,4.05,2.9));
#12380 = LINE('',#12381,#12382);
#12381 = CARTESIAN_POINT('',(-2.46,4.05,2.9));
#12382 = VECTOR('',#12383,1.);
#12383 = DIRECTION('',(1.,0.,0.));
#12384 = ORIENTED_EDGE('',*,*,#12385,.T.);
#12385 = EDGE_CURVE('',#12378,#12386,#12388,.T.);
#12386 = VERTEX_POINT('',#12387);
#12387 = CARTESIAN_POINT('',(-0.1,4.05,-2.9));
#12388 = LINE('',#12389,#12390);
#12389 = CARTESIAN_POINT('',(-1.E-01,4.05,3.));
#12390 = VECTOR('',#12391,1.);
#12391 = DIRECTION('',(-0.,-0.,-1.));
#12392 = ORIENTED_EDGE('',*,*,#12393,.T.);
#12393 = EDGE_CURVE('',#12386,#12368,#12394,.T.);
#12394 = LINE('',#12395,#12396);
#12395 = CARTESIAN_POINT('',(-2.46,4.05,-2.9));
#12396 = VECTOR('',#12397,1.);
#12397 = DIRECTION('',(-1.,-0.,-0.));
#12398 = PLANE('',#12399);
#12399 = AXIS2_PLACEMENT_3D('',#12400,#12401,#12402);
#12400 = CARTESIAN_POINT('',(-2.46,4.05,3.));
#12401 = DIRECTION('',(-0.,1.,0.));
#12402 = DIRECTION('',(0.,0.,1.));
#12403 = ADVANCED_FACE('',(#12404),#12506,.F.);
#12404 = FACE_BOUND('',#12405,.T.);
#12405 = EDGE_LOOP('',(#12406,#12407,#12414,#12415,#12422,#12423,#12432,
    #12440,#12449,#12457,#12464,#12465,#12474,#12482,#12491,#12499));
#12406 = ORIENTED_EDGE('',*,*,#12345,.F.);
#12407 = ORIENTED_EDGE('',*,*,#12408,.T.);
#12408 = EDGE_CURVE('',#12338,#12370,#12409,.T.);
#12409 = CIRCLE('',#12410,1.E-01);
#12410 = AXIS2_PLACEMENT_3D('',#12411,#12412,#12413);
#12411 = CARTESIAN_POINT('',(-2.46,3.95,2.9));
#12412 = DIRECTION('',(-1.,-0.,-0.));
#12413 = DIRECTION('',(0.,0.,-1.));
#12414 = ORIENTED_EDGE('',*,*,#12367,.F.);
#12415 = ORIENTED_EDGE('',*,*,#12416,.T.);
#12416 = EDGE_CURVE('',#12368,#12306,#12417,.T.);
#12417 = CIRCLE('',#12418,1.E-01);
#12418 = AXIS2_PLACEMENT_3D('',#12419,#12420,#12421);
#12419 = CARTESIAN_POINT('',(-2.46,3.95,-2.9));
#12420 = DIRECTION('',(-1.,-0.,-0.));
#12421 = DIRECTION('',(0.,0.,-1.));
#12422 = ORIENTED_EDGE('',*,*,#12305,.F.);
#12423 = ORIENTED_EDGE('',*,*,#12424,.T.);
#12424 = EDGE_CURVE('',#12298,#12425,#12427,.T.);
#12425 = VERTEX_POINT('',#12426);
#12426 = CARTESIAN_POINT('',(-2.46,-4.45,-2.9));
#12427 = CIRCLE('',#12428,1.E-01);
#12428 = AXIS2_PLACEMENT_3D('',#12429,#12430,#12431);
#12429 = CARTESIAN_POINT('',(-2.46,-4.35,-2.9));
#12430 = DIRECTION('',(-1.,-0.,-0.));
#12431 = DIRECTION('',(0.,0.,-1.));
#12432 = ORIENTED_EDGE('',*,*,#12433,.F.);
#12433 = EDGE_CURVE('',#12434,#12425,#12436,.T.);
#12434 = VERTEX_POINT('',#12435);
#12435 = CARTESIAN_POINT('',(-2.46,-4.45,-2.5));
#12436 = LINE('',#12437,#12438);
#12437 = CARTESIAN_POINT('',(-2.46,-4.45,-3.));
#12438 = VECTOR('',#12439,1.);
#12439 = DIRECTION('',(-0.,-0.,-1.));
#12440 = ORIENTED_EDGE('',*,*,#12441,.T.);
#12441 = EDGE_CURVE('',#12434,#12442,#12444,.T.);
#12442 = VERTEX_POINT('',#12443);
#12443 = CARTESIAN_POINT('',(-2.46,-4.35,-2.4));
#12444 = CIRCLE('',#12445,1.E-01);
#12445 = AXIS2_PLACEMENT_3D('',#12446,#12447,#12448);
#12446 = CARTESIAN_POINT('',(-2.46,-4.35,-2.5));
#12447 = DIRECTION('',(-1.,-0.,-0.));
#12448 = DIRECTION('',(0.,0.,-1.));
#12449 = ORIENTED_EDGE('',*,*,#12450,.T.);
#12450 = EDGE_CURVE('',#12442,#12451,#12453,.T.);
#12451 = VERTEX_POINT('',#12452);
#12452 = CARTESIAN_POINT('',(-2.46,-4.15,-2.4));
#12453 = LINE('',#12454,#12455);
#12454 = CARTESIAN_POINT('',(-2.46,-4.45,-2.4));
#12455 = VECTOR('',#12456,1.);
#12456 = DIRECTION('',(-0.,1.,-0.));
#12457 = ORIENTED_EDGE('',*,*,#12458,.T.);
#12458 = EDGE_CURVE('',#12451,#12266,#12459,.T.);
#12459 = CIRCLE('',#12460,1.E-01);
#12460 = AXIS2_PLACEMENT_3D('',#12461,#12462,#12463);
#12461 = CARTESIAN_POINT('',(-2.46,-4.15,-2.3));
#12462 = DIRECTION('',(1.,0.,0.));
#12463 = DIRECTION('',(0.,0.,-1.));
#12464 = ORIENTED_EDGE('',*,*,#12265,.F.);
#12465 = ORIENTED_EDGE('',*,*,#12466,.T.);
#12466 = EDGE_CURVE('',#12258,#12467,#12469,.T.);
#12467 = VERTEX_POINT('',#12468);
#12468 = CARTESIAN_POINT('',(-2.46,-4.15,2.4));
#12469 = CIRCLE('',#12470,1.E-01);
#12470 = AXIS2_PLACEMENT_3D('',#12471,#12472,#12473);
#12471 = CARTESIAN_POINT('',(-2.46,-4.15,2.3));
#12472 = DIRECTION('',(1.,0.,0.));
#12473 = DIRECTION('',(0.,0.,-1.));
#12474 = ORIENTED_EDGE('',*,*,#12475,.F.);
#12475 = EDGE_CURVE('',#12476,#12467,#12478,.T.);
#12476 = VERTEX_POINT('',#12477);
#12477 = CARTESIAN_POINT('',(-2.46,-4.35,2.4));
#12478 = LINE('',#12479,#12480);
#12479 = CARTESIAN_POINT('',(-2.46,-4.45,2.4));
#12480 = VECTOR('',#12481,1.);
#12481 = DIRECTION('',(-0.,1.,-0.));
#12482 = ORIENTED_EDGE('',*,*,#12483,.T.);
#12483 = EDGE_CURVE('',#12476,#12484,#12486,.T.);
#12484 = VERTEX_POINT('',#12485);
#12485 = CARTESIAN_POINT('',(-2.46,-4.45,2.5));
#12486 = CIRCLE('',#12487,1.E-01);
#12487 = AXIS2_PLACEMENT_3D('',#12488,#12489,#12490);
#12488 = CARTESIAN_POINT('',(-2.46,-4.35,2.5));
#12489 = DIRECTION('',(-1.,-0.,-0.));
#12490 = DIRECTION('',(0.,0.,-1.));
#12491 = ORIENTED_EDGE('',*,*,#12492,.F.);
#12492 = EDGE_CURVE('',#12493,#12484,#12495,.T.);
#12493 = VERTEX_POINT('',#12494);
#12494 = CARTESIAN_POINT('',(-2.46,-4.45,2.9));
#12495 = LINE('',#12496,#12497);
#12496 = CARTESIAN_POINT('',(-2.46,-4.45,3.));
#12497 = VECTOR('',#12498,1.);
#12498 = DIRECTION('',(0.,0.,-1.));
#12499 = ORIENTED_EDGE('',*,*,#12500,.T.);
#12500 = EDGE_CURVE('',#12493,#12346,#12501,.T.);
#12501 = CIRCLE('',#12502,1.E-01);
#12502 = AXIS2_PLACEMENT_3D('',#12503,#12504,#12505);
#12503 = CARTESIAN_POINT('',(-2.46,-4.35,2.9));
#12504 = DIRECTION('',(-1.,-0.,-0.));
#12505 = DIRECTION('',(0.,0.,-1.));
#12506 = PLANE('',#12507);
#12507 = AXIS2_PLACEMENT_3D('',#12508,#12509,#12510);
#12508 = CARTESIAN_POINT('',(-2.46,0.,0.));
#12509 = DIRECTION('',(1.,0.,0.));
#12510 = DIRECTION('',(0.,0.,-1.));
#12511 = ADVANCED_FACE('',(#12512),#12596,.T.);
#12512 = FACE_BOUND('',#12513,.T.);
#12513 = EDGE_LOOP('',(#12514,#12524,#12532,#12541,#12549,#12558,#12566,
    #12574,#12582,#12590));
#12514 = ORIENTED_EDGE('',*,*,#12515,.T.);
#12515 = EDGE_CURVE('',#12516,#12518,#12520,.T.);
#12516 = VERTEX_POINT('',#12517);
#12517 = CARTESIAN_POINT('',(0.,-4.35,2.9));
#12518 = VERTEX_POINT('',#12519);
#12519 = CARTESIAN_POINT('',(0.,-4.35,2.5));
#12520 = LINE('',#12521,#12522);
#12521 = CARTESIAN_POINT('',(0.,-4.35,0.));
#12522 = VECTOR('',#12523,1.);
#12523 = DIRECTION('',(0.,-0.,-1.));
#12524 = ORIENTED_EDGE('',*,*,#12525,.T.);
#12525 = EDGE_CURVE('',#12518,#12526,#12528,.T.);
#12526 = VERTEX_POINT('',#12527);
#12527 = CARTESIAN_POINT('',(0.,-4.15,2.5));
#12528 = LINE('',#12529,#12530);
#12529 = CARTESIAN_POINT('',(0.,-4.05,2.5));
#12530 = VECTOR('',#12531,1.);
#12531 = DIRECTION('',(0.,1.,-0.));
#12532 = ORIENTED_EDGE('',*,*,#12533,.F.);
#12533 = EDGE_CURVE('',#12534,#12526,#12536,.T.);
#12534 = VERTEX_POINT('',#12535);
#12535 = CARTESIAN_POINT('',(0.,-3.95,2.3));
#12536 = CIRCLE('',#12537,0.2);
#12537 = AXIS2_PLACEMENT_3D('',#12538,#12539,#12540);
#12538 = CARTESIAN_POINT('',(0.,-4.15,2.3));
#12539 = DIRECTION('',(1.,0.,0.));
#12540 = DIRECTION('',(0.,0.,-1.));
#12541 = ORIENTED_EDGE('',*,*,#12542,.T.);
#12542 = EDGE_CURVE('',#12534,#12543,#12545,.T.);
#12543 = VERTEX_POINT('',#12544);
#12544 = CARTESIAN_POINT('',(0.,-3.95,-2.3));
#12545 = LINE('',#12546,#12547);
#12546 = CARTESIAN_POINT('',(0.,-3.95,0.));
#12547 = VECTOR('',#12548,1.);
#12548 = DIRECTION('',(0.,0.,-1.));
#12549 = ORIENTED_EDGE('',*,*,#12550,.F.);
#12550 = EDGE_CURVE('',#12551,#12543,#12553,.T.);
#12551 = VERTEX_POINT('',#12552);
#12552 = CARTESIAN_POINT('',(0.,-4.15,-2.5));
#12553 = CIRCLE('',#12554,0.2);
#12554 = AXIS2_PLACEMENT_3D('',#12555,#12556,#12557);
#12555 = CARTESIAN_POINT('',(0.,-4.15,-2.3));
#12556 = DIRECTION('',(1.,0.,0.));
#12557 = DIRECTION('',(0.,0.,-1.));
#12558 = ORIENTED_EDGE('',*,*,#12559,.T.);
#12559 = EDGE_CURVE('',#12551,#12560,#12562,.T.);
#12560 = VERTEX_POINT('',#12561);
#12561 = CARTESIAN_POINT('',(0.,-4.35,-2.5));
#12562 = LINE('',#12563,#12564);
#12563 = CARTESIAN_POINT('',(0.,-4.45,-2.5));
#12564 = VECTOR('',#12565,1.);
#12565 = DIRECTION('',(-0.,-1.,0.));
#12566 = ORIENTED_EDGE('',*,*,#12567,.T.);
#12567 = EDGE_CURVE('',#12560,#12568,#12570,.T.);
#12568 = VERTEX_POINT('',#12569);
#12569 = CARTESIAN_POINT('',(0.,-4.35,-2.9));
#12570 = LINE('',#12571,#12572);
#12571 = CARTESIAN_POINT('',(0.,-4.35,-3.));
#12572 = VECTOR('',#12573,1.);
#12573 = DIRECTION('',(0.,-0.,-1.));
#12574 = ORIENTED_EDGE('',*,*,#12575,.T.);
#12575 = EDGE_CURVE('',#12568,#12576,#12578,.T.);
#12576 = VERTEX_POINT('',#12577);
#12577 = CARTESIAN_POINT('',(0.,3.95,-2.9));
#12578 = LINE('',#12579,#12580);
#12579 = CARTESIAN_POINT('',(0.,1.552684592695E-16,-2.9));
#12580 = VECTOR('',#12581,1.);
#12581 = DIRECTION('',(-0.,1.,5.354084802398E-17));
#12582 = ORIENTED_EDGE('',*,*,#12583,.T.);
#12583 = EDGE_CURVE('',#12576,#12584,#12586,.T.);
#12584 = VERTEX_POINT('',#12585);
#12585 = CARTESIAN_POINT('',(0.,3.95,2.9));
#12586 = LINE('',#12587,#12588);
#12587 = CARTESIAN_POINT('',(0.,3.95,0.));
#12588 = VECTOR('',#12589,1.);
#12589 = DIRECTION('',(0.,-0.,1.));
#12590 = ORIENTED_EDGE('',*,*,#12591,.T.);
#12591 = EDGE_CURVE('',#12584,#12516,#12592,.T.);
#12592 = LINE('',#12593,#12594);
#12593 = CARTESIAN_POINT('',(0.,-3.105369185391E-16,2.9));
#12594 = VECTOR('',#12595,1.);
#12595 = DIRECTION('',(0.,-1.,-1.07081696048E-16));
#12596 = PLANE('',#12597);
#12597 = AXIS2_PLACEMENT_3D('',#12598,#12599,#12600);
#12598 = CARTESIAN_POINT('',(0.,0.,0.));
#12599 = DIRECTION('',(1.,0.,0.));
#12600 = DIRECTION('',(0.,0.,-1.));
#12601 = ADVANCED_FACE('',(#12602),#12627,.F.);
#12602 = FACE_BOUND('',#12603,.T.);
#12603 = EDGE_LOOP('',(#12604,#12605,#12613,#12621));
#12604 = ORIENTED_EDGE('',*,*,#12475,.T.);
#12605 = ORIENTED_EDGE('',*,*,#12606,.T.);
#12606 = EDGE_CURVE('',#12467,#12607,#12609,.T.);
#12607 = VERTEX_POINT('',#12608);
#12608 = CARTESIAN_POINT('',(-0.1,-4.15,2.4));
#12609 = LINE('',#12610,#12611);
#12610 = CARTESIAN_POINT('',(-2.46,-4.15,2.4));
#12611 = VECTOR('',#12612,1.);
#12612 = DIRECTION('',(1.,0.,0.));
#12613 = ORIENTED_EDGE('',*,*,#12614,.T.);
#12614 = EDGE_CURVE('',#12607,#12615,#12617,.T.);
#12615 = VERTEX_POINT('',#12616);
#12616 = CARTESIAN_POINT('',(-0.1,-4.35,2.4));
#12617 = LINE('',#12618,#12619);
#12618 = CARTESIAN_POINT('',(-0.1,-4.45,2.4));
#12619 = VECTOR('',#12620,1.);
#12620 = DIRECTION('',(-0.,-1.,0.));
#12621 = ORIENTED_EDGE('',*,*,#12622,.T.);
#12622 = EDGE_CURVE('',#12615,#12476,#12623,.T.);
#12623 = LINE('',#12624,#12625);
#12624 = CARTESIAN_POINT('',(-2.46,-4.35,2.4));
#12625 = VECTOR('',#12626,1.);
#12626 = DIRECTION('',(-1.,0.,-0.));
#12627 = PLANE('',#12628);
#12628 = AXIS2_PLACEMENT_3D('',#12629,#12630,#12631);
#12629 = CARTESIAN_POINT('',(-2.46,-4.45,2.4));
#12630 = DIRECTION('',(-0.,0.,1.));
#12631 = DIRECTION('',(1.,0.,0.));
#12632 = ADVANCED_FACE('',(#12633),#12658,.T.);
#12633 = FACE_BOUND('',#12634,.T.);
#12634 = EDGE_LOOP('',(#12635,#12645,#12651,#12652));
#12635 = ORIENTED_EDGE('',*,*,#12636,.T.);
#12636 = EDGE_CURVE('',#12637,#12639,#12641,.T.);
#12637 = VERTEX_POINT('',#12638);
#12638 = CARTESIAN_POINT('',(-0.1,-4.45,2.5));
#12639 = VERTEX_POINT('',#12640);
#12640 = CARTESIAN_POINT('',(-0.1,-4.45,2.9));
#12641 = LINE('',#12642,#12643);
#12642 = CARTESIAN_POINT('',(-0.1,-4.45,0.));
#12643 = VECTOR('',#12644,1.);
#12644 = DIRECTION('',(-0.,0.,1.));
#12645 = ORIENTED_EDGE('',*,*,#12646,.T.);
#12646 = EDGE_CURVE('',#12639,#12493,#12647,.T.);
#12647 = LINE('',#12648,#12649);
#12648 = CARTESIAN_POINT('',(0.,-4.45,2.9));
#12649 = VECTOR('',#12650,1.);
#12650 = DIRECTION('',(-1.,0.,0.));
#12651 = ORIENTED_EDGE('',*,*,#12492,.T.);
#12652 = ORIENTED_EDGE('',*,*,#12653,.T.);
#12653 = EDGE_CURVE('',#12484,#12637,#12654,.T.);
#12654 = LINE('',#12655,#12656);
#12655 = CARTESIAN_POINT('',(0.,-4.45,2.5));
#12656 = VECTOR('',#12657,1.);
#12657 = DIRECTION('',(1.,0.,-0.));
#12658 = PLANE('',#12659);
#12659 = AXIS2_PLACEMENT_3D('',#12660,#12661,#12662);
#12660 = CARTESIAN_POINT('',(0.,-4.45,0.));
#12661 = DIRECTION('',(0.,-1.,0.));
#12662 = DIRECTION('',(0.,-0.,-1.));
#12663 = ADVANCED_FACE('',(#12664),#12689,.F.);
#12664 = FACE_BOUND('',#12665,.T.);
#12665 = EDGE_LOOP('',(#12666,#12676,#12682,#12683));
#12666 = ORIENTED_EDGE('',*,*,#12667,.T.);
#12667 = EDGE_CURVE('',#12668,#12670,#12672,.T.);
#12668 = VERTEX_POINT('',#12669);
#12669 = CARTESIAN_POINT('',(-1.E-01,-4.35,-2.4));
#12670 = VERTEX_POINT('',#12671);
#12671 = CARTESIAN_POINT('',(-1.E-01,-4.15,-2.4));
#12672 = LINE('',#12673,#12674);
#12673 = CARTESIAN_POINT('',(-1.E-01,-4.05,-2.4));
#12674 = VECTOR('',#12675,1.);
#12675 = DIRECTION('',(-0.,1.,0.));
#12676 = ORIENTED_EDGE('',*,*,#12677,.T.);
#12677 = EDGE_CURVE('',#12670,#12451,#12678,.T.);
#12678 = LINE('',#12679,#12680);
#12679 = CARTESIAN_POINT('',(-2.46,-4.15,-2.4));
#12680 = VECTOR('',#12681,1.);
#12681 = DIRECTION('',(-1.,0.,0.));
#12682 = ORIENTED_EDGE('',*,*,#12450,.F.);
#12683 = ORIENTED_EDGE('',*,*,#12684,.T.);
#12684 = EDGE_CURVE('',#12442,#12668,#12685,.T.);
#12685 = LINE('',#12686,#12687);
#12686 = CARTESIAN_POINT('',(-2.46,-4.35,-2.4));
#12687 = VECTOR('',#12688,1.);
#12688 = DIRECTION('',(1.,-0.,-0.));
#12689 = PLANE('',#12690);
#12690 = AXIS2_PLACEMENT_3D('',#12691,#12692,#12693);
#12691 = CARTESIAN_POINT('',(-2.46,-4.45,-2.4));
#12692 = DIRECTION('',(0.,0.,-1.));
#12693 = DIRECTION('',(-1.,0.,-0.));
#12694 = ADVANCED_FACE('',(#12695),#12720,.F.);
#12695 = FACE_BOUND('',#12696,.T.);
#12696 = EDGE_LOOP('',(#12697,#12707,#12713,#12714));
#12697 = ORIENTED_EDGE('',*,*,#12698,.T.);
#12698 = EDGE_CURVE('',#12699,#12701,#12703,.T.);
#12699 = VERTEX_POINT('',#12700);
#12700 = CARTESIAN_POINT('',(-0.1,-4.45,-2.9));
#12701 = VERTEX_POINT('',#12702);
#12702 = CARTESIAN_POINT('',(-0.1,-4.45,-2.5));
#12703 = LINE('',#12704,#12705);
#12704 = CARTESIAN_POINT('',(-0.1,-4.45,-2.4));
#12705 = VECTOR('',#12706,1.);
#12706 = DIRECTION('',(-0.,0.,1.));
#12707 = ORIENTED_EDGE('',*,*,#12708,.T.);
#12708 = EDGE_CURVE('',#12701,#12434,#12709,.T.);
#12709 = LINE('',#12710,#12711);
#12710 = CARTESIAN_POINT('',(0.,-4.45,-2.5));
#12711 = VECTOR('',#12712,1.);
#12712 = DIRECTION('',(-1.,0.,0.));
#12713 = ORIENTED_EDGE('',*,*,#12433,.T.);
#12714 = ORIENTED_EDGE('',*,*,#12715,.T.);
#12715 = EDGE_CURVE('',#12425,#12699,#12716,.T.);
#12716 = LINE('',#12717,#12718);
#12717 = CARTESIAN_POINT('',(0.,-4.45,-2.9));
#12718 = VECTOR('',#12719,1.);
#12719 = DIRECTION('',(1.,-0.,0.));
#12720 = PLANE('',#12721);
#12721 = AXIS2_PLACEMENT_3D('',#12722,#12723,#12724);
#12722 = CARTESIAN_POINT('',(0.,-4.45,0.));
#12723 = DIRECTION('',(0.,1.,0.));
#12724 = DIRECTION('',(0.,-0.,1.));
#12725 = ADVANCED_FACE('',(#12726),#12738,.T.);
#12726 = FACE_BOUND('',#12727,.T.);
#12727 = EDGE_LOOP('',(#12728,#12729,#12730,#12737));
#12728 = ORIENTED_EDGE('',*,*,#12441,.F.);
#12729 = ORIENTED_EDGE('',*,*,#12708,.F.);
#12730 = ORIENTED_EDGE('',*,*,#12731,.F.);
#12731 = EDGE_CURVE('',#12668,#12701,#12732,.T.);
#12732 = CIRCLE('',#12733,0.1);
#12733 = AXIS2_PLACEMENT_3D('',#12734,#12735,#12736);
#12734 = CARTESIAN_POINT('',(-1.E-01,-4.35,-2.5));
#12735 = DIRECTION('',(1.,-1.761828530289E-15,0.));
#12736 = DIRECTION('',(1.761828530289E-15,1.,0.));
#12737 = ORIENTED_EDGE('',*,*,#12684,.F.);
#12738 = CYLINDRICAL_SURFACE('',#12739,1.E-01);
#12739 = AXIS2_PLACEMENT_3D('',#12740,#12741,#12742);
#12740 = CARTESIAN_POINT('',(0.,-4.35,-2.5));
#12741 = DIRECTION('',(-1.,0.,0.));
#12742 = DIRECTION('',(0.,0.,1.));
#12743 = ADVANCED_FACE('',(#12744),#12762,.T.);
#12744 = FACE_BOUND('',#12745,.T.);
#12745 = EDGE_LOOP('',(#12746,#12753,#12754,#12761));
#12746 = ORIENTED_EDGE('',*,*,#12747,.F.);
#12747 = EDGE_CURVE('',#12670,#12551,#12748,.T.);
#12748 = CIRCLE('',#12749,1.E-01);
#12749 = AXIS2_PLACEMENT_3D('',#12750,#12751,#12752);
#12750 = CARTESIAN_POINT('',(-1.E-01,-4.15,-2.5));
#12751 = DIRECTION('',(0.,1.,0.));
#12752 = DIRECTION('',(0.,-0.,1.));
#12753 = ORIENTED_EDGE('',*,*,#12667,.F.);
#12754 = ORIENTED_EDGE('',*,*,#12755,.F.);
#12755 = EDGE_CURVE('',#12560,#12668,#12756,.T.);
#12756 = CIRCLE('',#12757,1.E-01);
#12757 = AXIS2_PLACEMENT_3D('',#12758,#12759,#12760);
#12758 = CARTESIAN_POINT('',(-0.1,-4.35,-2.5));
#12759 = DIRECTION('',(0.,-1.,0.));
#12760 = DIRECTION('',(0.,0.,-1.));
#12761 = ORIENTED_EDGE('',*,*,#12559,.F.);
#12762 = CYLINDRICAL_SURFACE('',#12763,1.E-01);
#12763 = AXIS2_PLACEMENT_3D('',#12764,#12765,#12766);
#12764 = CARTESIAN_POINT('',(-1.E-01,-4.45,-2.5));
#12765 = DIRECTION('',(0.,-1.,0.));
#12766 = DIRECTION('',(0.,0.,-1.));
#12767 = ADVANCED_FACE('',(#12768),#12780,.F.);
#12768 = FACE_BOUND('',#12769,.F.);
#12769 = EDGE_LOOP('',(#12770,#12771,#12778,#12779));
#12770 = ORIENTED_EDGE('',*,*,#12273,.T.);
#12771 = ORIENTED_EDGE('',*,*,#12772,.T.);
#12772 = EDGE_CURVE('',#12248,#12670,#12773,.T.);
#12773 = CIRCLE('',#12774,1.E-01);
#12774 = AXIS2_PLACEMENT_3D('',#12775,#12776,#12777);
#12775 = CARTESIAN_POINT('',(-1.E-01,-4.15,-2.3));
#12776 = DIRECTION('',(-1.,-0.,-0.));
#12777 = DIRECTION('',(0.,0.,-1.));
#12778 = ORIENTED_EDGE('',*,*,#12677,.T.);
#12779 = ORIENTED_EDGE('',*,*,#12458,.T.);
#12780 = CYLINDRICAL_SURFACE('',#12781,1.E-01);
#12781 = AXIS2_PLACEMENT_3D('',#12782,#12783,#12784);
#12782 = CARTESIAN_POINT('',(-2.46,-4.15,-2.3));
#12783 = DIRECTION('',(-1.,0.,0.));
#12784 = DIRECTION('',(0.,0.,1.));
#12785 = ADVANCED_FACE('',(#12786),#12797,.T.);
#12786 = FACE_BOUND('',#12787,.T.);
#12787 = EDGE_LOOP('',(#12788,#12789,#12790));
#12788 = ORIENTED_EDGE('',*,*,#12755,.T.);
#12789 = ORIENTED_EDGE('',*,*,#12731,.T.);
#12790 = ORIENTED_EDGE('',*,*,#12791,.F.);
#12791 = EDGE_CURVE('',#12560,#12701,#12792,.T.);
#12792 = CIRCLE('',#12793,0.1);
#12793 = AXIS2_PLACEMENT_3D('',#12794,#12795,#12796);
#12794 = CARTESIAN_POINT('',(-0.1,-4.35,-2.5));
#12795 = DIRECTION('',(0.,0.,-1.));
#12796 = DIRECTION('',(1.,0.,0.));
#12797 = SPHERICAL_SURFACE('',#12798,0.1);
#12798 = AXIS2_PLACEMENT_3D('',#12799,#12800,#12801);
#12799 = CARTESIAN_POINT('',(-0.1,-4.35,-2.5));
#12800 = DIRECTION('',(0.,1.,0.));
#12801 = DIRECTION('',(1.,0.,0.));
#12802 = ADVANCED_FACE('',(#12803),#12815,.T.);
#12803 = FACE_BOUND('',#12804,.T.);
#12804 = EDGE_LOOP('',(#12805,#12806,#12807,#12814));
#12805 = ORIENTED_EDGE('',*,*,#12747,.T.);
#12806 = ORIENTED_EDGE('',*,*,#12550,.T.);
#12807 = ORIENTED_EDGE('',*,*,#12808,.F.);
#12808 = EDGE_CURVE('',#12248,#12543,#12809,.T.);
#12809 = CIRCLE('',#12810,0.1);
#12810 = AXIS2_PLACEMENT_3D('',#12811,#12812,#12813);
#12811 = CARTESIAN_POINT('',(-0.1,-3.95,-2.3));
#12812 = DIRECTION('',(0.,-0.,1.));
#12813 = DIRECTION('',(-1.,0.,0.));
#12814 = ORIENTED_EDGE('',*,*,#12772,.T.);
#12815 = TOROIDAL_SURFACE('',#12816,0.2,0.1);
#12816 = AXIS2_PLACEMENT_3D('',#12817,#12818,#12819);
#12817 = CARTESIAN_POINT('',(-1.E-01,-4.15,-2.3));
#12818 = DIRECTION('',(1.,0.,0.));
#12819 = DIRECTION('',(0.,0.,-1.));
#12820 = ADVANCED_FACE('',(#12821),#12833,.T.);
#12821 = FACE_BOUND('',#12822,.T.);
#12822 = EDGE_LOOP('',(#12823,#12824,#12825,#12832));
#12823 = ORIENTED_EDGE('',*,*,#12424,.F.);
#12824 = ORIENTED_EDGE('',*,*,#12297,.F.);
#12825 = ORIENTED_EDGE('',*,*,#12826,.F.);
#12826 = EDGE_CURVE('',#12699,#12290,#12827,.T.);
#12827 = CIRCLE('',#12828,1.E-01);
#12828 = AXIS2_PLACEMENT_3D('',#12829,#12830,#12831);
#12829 = CARTESIAN_POINT('',(-0.1,-4.35,-2.9));
#12830 = DIRECTION('',(1.,0.,0.));
#12831 = DIRECTION('',(0.,0.,-1.));
#12832 = ORIENTED_EDGE('',*,*,#12715,.F.);
#12833 = CYLINDRICAL_SURFACE('',#12834,1.E-01);
#12834 = AXIS2_PLACEMENT_3D('',#12835,#12836,#12837);
#12835 = CARTESIAN_POINT('',(0.,-4.35,-2.9));
#12836 = DIRECTION('',(-1.,0.,0.));
#12837 = DIRECTION('',(0.,0.,1.));
#12838 = ADVANCED_FACE('',(#12839),#12851,.T.);
#12839 = FACE_BOUND('',#12840,.T.);
#12840 = EDGE_LOOP('',(#12841,#12842,#12843,#12850));
#12841 = ORIENTED_EDGE('',*,*,#12791,.T.);
#12842 = ORIENTED_EDGE('',*,*,#12698,.F.);
#12843 = ORIENTED_EDGE('',*,*,#12844,.F.);
#12844 = EDGE_CURVE('',#12568,#12699,#12845,.T.);
#12845 = CIRCLE('',#12846,0.1);
#12846 = AXIS2_PLACEMENT_3D('',#12847,#12848,#12849);
#12847 = CARTESIAN_POINT('',(-0.1,-4.35,-2.9));
#12848 = DIRECTION('',(0.,0.,-1.));
#12849 = DIRECTION('',(-1.,0.,0.));
#12850 = ORIENTED_EDGE('',*,*,#12567,.F.);
#12851 = CYLINDRICAL_SURFACE('',#12852,0.1);
#12852 = AXIS2_PLACEMENT_3D('',#12853,#12854,#12855);
#12853 = CARTESIAN_POINT('',(-0.1,-4.35,0.));
#12854 = DIRECTION('',(0.,0.,-1.));
#12855 = DIRECTION('',(-1.,0.,0.));
#12856 = ADVANCED_FACE('',(#12857),#12869,.T.);
#12857 = FACE_BOUND('',#12858,.T.);
#12858 = EDGE_LOOP('',(#12859,#12860,#12861,#12868));
#12859 = ORIENTED_EDGE('',*,*,#12808,.T.);
#12860 = ORIENTED_EDGE('',*,*,#12542,.F.);
#12861 = ORIENTED_EDGE('',*,*,#12862,.F.);
#12862 = EDGE_CURVE('',#12250,#12534,#12863,.T.);
#12863 = CIRCLE('',#12864,0.1);
#12864 = AXIS2_PLACEMENT_3D('',#12865,#12866,#12867);
#12865 = CARTESIAN_POINT('',(-0.1,-3.95,2.3));
#12866 = DIRECTION('',(-0.,0.,1.));
#12867 = DIRECTION('',(1.,0.,0.));
#12868 = ORIENTED_EDGE('',*,*,#12247,.F.);
#12869 = CYLINDRICAL_SURFACE('',#12870,0.1);
#12870 = AXIS2_PLACEMENT_3D('',#12871,#12872,#12873);
#12871 = CARTESIAN_POINT('',(-0.1,-3.95,0.));
#12872 = DIRECTION('',(0.,0.,-1.));
#12873 = DIRECTION('',(-1.,0.,0.));
#12874 = ADVANCED_FACE('',(#12875),#12887,.F.);
#12875 = FACE_BOUND('',#12876,.F.);
#12876 = EDGE_LOOP('',(#12877,#12878,#12885,#12886));
#12877 = ORIENTED_EDGE('',*,*,#12606,.T.);
#12878 = ORIENTED_EDGE('',*,*,#12879,.T.);
#12879 = EDGE_CURVE('',#12607,#12250,#12880,.T.);
#12880 = CIRCLE('',#12881,1.E-01);
#12881 = AXIS2_PLACEMENT_3D('',#12882,#12883,#12884);
#12882 = CARTESIAN_POINT('',(-1.E-01,-4.15,2.3));
#12883 = DIRECTION('',(-1.,-0.,-0.));
#12884 = DIRECTION('',(0.,0.,-1.));
#12885 = ORIENTED_EDGE('',*,*,#12257,.T.);
#12886 = ORIENTED_EDGE('',*,*,#12466,.T.);
#12887 = CYLINDRICAL_SURFACE('',#12888,1.E-01);
#12888 = AXIS2_PLACEMENT_3D('',#12889,#12890,#12891);
#12889 = CARTESIAN_POINT('',(-2.46,-4.15,2.3));
#12890 = DIRECTION('',(1.,0.,0.));
#12891 = DIRECTION('',(0.,0.,-1.));
#12892 = ADVANCED_FACE('',(#12893),#12904,.T.);
#12893 = FACE_BOUND('',#12894,.T.);
#12894 = EDGE_LOOP('',(#12895,#12896,#12897));
#12895 = ORIENTED_EDGE('',*,*,#12844,.T.);
#12896 = ORIENTED_EDGE('',*,*,#12826,.T.);
#12897 = ORIENTED_EDGE('',*,*,#12898,.F.);
#12898 = EDGE_CURVE('',#12568,#12290,#12899,.T.);
#12899 = CIRCLE('',#12900,1.E-01);
#12900 = AXIS2_PLACEMENT_3D('',#12901,#12902,#12903);
#12901 = CARTESIAN_POINT('',(-0.1,-4.35,-2.9));
#12902 = DIRECTION('',(-0.,1.,0.));
#12903 = DIRECTION('',(0.,0.,-1.));
#12904 = SPHERICAL_SURFACE('',#12905,0.1);
#12905 = AXIS2_PLACEMENT_3D('',#12906,#12907,#12908);
#12906 = CARTESIAN_POINT('',(-0.1,-4.35,-2.9));
#12907 = DIRECTION('',(0.,1.,0.));
#12908 = DIRECTION('',(1.,0.,0.));
#12909 = ADVANCED_FACE('',(#12910),#12922,.T.);
#12910 = FACE_BOUND('',#12911,.T.);
#12911 = EDGE_LOOP('',(#12912,#12913,#12914,#12921));
#12912 = ORIENTED_EDGE('',*,*,#12862,.T.);
#12913 = ORIENTED_EDGE('',*,*,#12533,.T.);
#12914 = ORIENTED_EDGE('',*,*,#12915,.F.);
#12915 = EDGE_CURVE('',#12607,#12526,#12916,.T.);
#12916 = CIRCLE('',#12917,1.E-01);
#12917 = AXIS2_PLACEMENT_3D('',#12918,#12919,#12920);
#12918 = CARTESIAN_POINT('',(-0.1,-4.15,2.5));
#12919 = DIRECTION('',(0.,-1.,0.));
#12920 = DIRECTION('',(0.,0.,1.));
#12921 = ORIENTED_EDGE('',*,*,#12879,.T.);
#12922 = TOROIDAL_SURFACE('',#12923,0.2,0.1);
#12923 = AXIS2_PLACEMENT_3D('',#12924,#12925,#12926);
#12924 = CARTESIAN_POINT('',(-1.E-01,-4.15,2.3));
#12925 = DIRECTION('',(1.,0.,0.));
#12926 = DIRECTION('',(0.,0.,-1.));
#12927 = ADVANCED_FACE('',(#12928),#12940,.T.);
#12928 = FACE_BOUND('',#12929,.T.);
#12929 = EDGE_LOOP('',(#12930,#12931,#12932,#12939));
#12930 = ORIENTED_EDGE('',*,*,#12416,.F.);
#12931 = ORIENTED_EDGE('',*,*,#12393,.F.);
#12932 = ORIENTED_EDGE('',*,*,#12933,.F.);
#12933 = EDGE_CURVE('',#12288,#12386,#12934,.T.);
#12934 = CIRCLE('',#12935,1.E-01);
#12935 = AXIS2_PLACEMENT_3D('',#12936,#12937,#12938);
#12936 = CARTESIAN_POINT('',(-0.1,3.95,-2.9));
#12937 = DIRECTION('',(1.,-0.,0.));
#12938 = DIRECTION('',(0.,0.,-1.));
#12939 = ORIENTED_EDGE('',*,*,#12313,.F.);
#12940 = CYLINDRICAL_SURFACE('',#12941,1.E-01);
#12941 = AXIS2_PLACEMENT_3D('',#12942,#12943,#12944);
#12942 = CARTESIAN_POINT('',(-2.46,3.95,-2.9));
#12943 = DIRECTION('',(1.,0.,0.));
#12944 = DIRECTION('',(0.,0.,-1.));
#12945 = ADVANCED_FACE('',(#12946),#12958,.T.);
#12946 = FACE_BOUND('',#12947,.T.);
#12947 = EDGE_LOOP('',(#12948,#12949,#12950,#12957));
#12948 = ORIENTED_EDGE('',*,*,#12898,.T.);
#12949 = ORIENTED_EDGE('',*,*,#12287,.F.);
#12950 = ORIENTED_EDGE('',*,*,#12951,.F.);
#12951 = EDGE_CURVE('',#12576,#12288,#12952,.T.);
#12952 = CIRCLE('',#12953,1.E-01);
#12953 = AXIS2_PLACEMENT_3D('',#12954,#12955,#12956);
#12954 = CARTESIAN_POINT('',(-0.1,3.95,-2.9));
#12955 = DIRECTION('',(-0.,1.,0.));
#12956 = DIRECTION('',(0.,0.,1.));
#12957 = ORIENTED_EDGE('',*,*,#12575,.F.);
#12958 = CYLINDRICAL_SURFACE('',#12959,1.E-01);
#12959 = AXIS2_PLACEMENT_3D('',#12960,#12961,#12962);
#12960 = CARTESIAN_POINT('',(-0.1,1.552684592695E-16,-2.9));
#12961 = DIRECTION('',(-0.,1.,5.354084802398E-17));
#12962 = DIRECTION('',(0.,-5.354084802398E-17,1.));
#12963 = ADVANCED_FACE('',(#12964),#12976,.T.);
#12964 = FACE_BOUND('',#12965,.T.);
#12965 = EDGE_LOOP('',(#12966,#12967,#12968,#12975));
#12966 = ORIENTED_EDGE('',*,*,#12915,.T.);
#12967 = ORIENTED_EDGE('',*,*,#12525,.F.);
#12968 = ORIENTED_EDGE('',*,*,#12969,.F.);
#12969 = EDGE_CURVE('',#12615,#12518,#12970,.T.);
#12970 = CIRCLE('',#12971,1.E-01);
#12971 = AXIS2_PLACEMENT_3D('',#12972,#12973,#12974);
#12972 = CARTESIAN_POINT('',(-0.1,-4.35,2.5));
#12973 = DIRECTION('',(0.,-1.,0.));
#12974 = DIRECTION('',(0.,0.,-1.));
#12975 = ORIENTED_EDGE('',*,*,#12614,.F.);
#12976 = CYLINDRICAL_SURFACE('',#12977,1.E-01);
#12977 = AXIS2_PLACEMENT_3D('',#12978,#12979,#12980);
#12978 = CARTESIAN_POINT('',(-0.1,0.,2.5));
#12979 = DIRECTION('',(0.,-1.,0.));
#12980 = DIRECTION('',(0.,0.,-1.));
#12981 = ADVANCED_FACE('',(#12982),#12994,.T.);
#12982 = FACE_BOUND('',#12983,.T.);
#12983 = EDGE_LOOP('',(#12984,#12985,#12986,#12993));
#12984 = ORIENTED_EDGE('',*,*,#12483,.F.);
#12985 = ORIENTED_EDGE('',*,*,#12622,.F.);
#12986 = ORIENTED_EDGE('',*,*,#12987,.F.);
#12987 = EDGE_CURVE('',#12637,#12615,#12988,.T.);
#12988 = CIRCLE('',#12989,1.E-01);
#12989 = AXIS2_PLACEMENT_3D('',#12990,#12991,#12992);
#12990 = CARTESIAN_POINT('',(-0.1,-4.35,2.5));
#12991 = DIRECTION('',(1.,0.,0.));
#12992 = DIRECTION('',(0.,0.,-1.));
#12993 = ORIENTED_EDGE('',*,*,#12653,.F.);
#12994 = CYLINDRICAL_SURFACE('',#12995,1.E-01);
#12995 = AXIS2_PLACEMENT_3D('',#12996,#12997,#12998);
#12996 = CARTESIAN_POINT('',(0.,-4.35,2.5));
#12997 = DIRECTION('',(-1.,0.,0.));
#12998 = DIRECTION('',(0.,0.,1.));
#12999 = ADVANCED_FACE('',(#13000),#13011,.T.);
#13000 = FACE_BOUND('',#13001,.T.);
#13001 = EDGE_LOOP('',(#13002,#13003,#13004));
#13002 = ORIENTED_EDGE('',*,*,#12951,.T.);
#13003 = ORIENTED_EDGE('',*,*,#12933,.T.);
#13004 = ORIENTED_EDGE('',*,*,#13005,.F.);
#13005 = EDGE_CURVE('',#12576,#12386,#13006,.T.);
#13006 = CIRCLE('',#13007,0.1);
#13007 = AXIS2_PLACEMENT_3D('',#13008,#13009,#13010);
#13008 = CARTESIAN_POINT('',(-0.1,3.95,-2.9));
#13009 = DIRECTION('',(0.,-0.,1.));
#13010 = DIRECTION('',(-1.,0.,0.));
#13011 = SPHERICAL_SURFACE('',#13012,0.1);
#13012 = AXIS2_PLACEMENT_3D('',#13013,#13014,#13015);
#13013 = CARTESIAN_POINT('',(-0.1,3.95,-2.9));
#13014 = DIRECTION('',(0.,1.,0.));
#13015 = DIRECTION('',(1.,0.,0.));
#13016 = ADVANCED_FACE('',(#13017),#13028,.T.);
#13017 = FACE_BOUND('',#13018,.T.);
#13018 = EDGE_LOOP('',(#13019,#13020,#13021));
#13019 = ORIENTED_EDGE('',*,*,#12987,.T.);
#13020 = ORIENTED_EDGE('',*,*,#12969,.T.);
#13021 = ORIENTED_EDGE('',*,*,#13022,.F.);
#13022 = EDGE_CURVE('',#12637,#12518,#13023,.T.);
#13023 = CIRCLE('',#13024,0.1);
#13024 = AXIS2_PLACEMENT_3D('',#13025,#13026,#13027);
#13025 = CARTESIAN_POINT('',(-0.1,-4.35,2.5));
#13026 = DIRECTION('',(0.,-0.,1.));
#13027 = DIRECTION('',(-1.,0.,0.));
#13028 = SPHERICAL_SURFACE('',#13029,0.1);
#13029 = AXIS2_PLACEMENT_3D('',#13030,#13031,#13032);
#13030 = CARTESIAN_POINT('',(-0.1,-4.35,2.5));
#13031 = DIRECTION('',(0.,1.,0.));
#13032 = DIRECTION('',(1.,0.,0.));
#13033 = ADVANCED_FACE('',(#13034),#13046,.T.);
#13034 = FACE_BOUND('',#13035,.T.);
#13035 = EDGE_LOOP('',(#13036,#13037,#13038,#13045));
#13036 = ORIENTED_EDGE('',*,*,#12408,.F.);
#13037 = ORIENTED_EDGE('',*,*,#12337,.F.);
#13038 = ORIENTED_EDGE('',*,*,#13039,.F.);
#13039 = EDGE_CURVE('',#12378,#12330,#13040,.T.);
#13040 = CIRCLE('',#13041,1.E-01);
#13041 = AXIS2_PLACEMENT_3D('',#13042,#13043,#13044);
#13042 = CARTESIAN_POINT('',(-0.1,3.95,2.9));
#13043 = DIRECTION('',(1.,0.,0.));
#13044 = DIRECTION('',(0.,0.,-1.));
#13045 = ORIENTED_EDGE('',*,*,#12377,.F.);
#13046 = CYLINDRICAL_SURFACE('',#13047,1.E-01);
#13047 = AXIS2_PLACEMENT_3D('',#13048,#13049,#13050);
#13048 = CARTESIAN_POINT('',(-2.46,3.95,2.9));
#13049 = DIRECTION('',(1.,0.,0.));
#13050 = DIRECTION('',(0.,0.,-1.));
#13051 = ADVANCED_FACE('',(#13052),#13064,.T.);
#13052 = FACE_BOUND('',#13053,.T.);
#13053 = EDGE_LOOP('',(#13054,#13055,#13056,#13063));
#13054 = ORIENTED_EDGE('',*,*,#13005,.T.);
#13055 = ORIENTED_EDGE('',*,*,#12385,.F.);
#13056 = ORIENTED_EDGE('',*,*,#13057,.F.);
#13057 = EDGE_CURVE('',#12584,#12378,#13058,.T.);
#13058 = CIRCLE('',#13059,0.1);
#13059 = AXIS2_PLACEMENT_3D('',#13060,#13061,#13062);
#13060 = CARTESIAN_POINT('',(-0.1,3.95,2.9));
#13061 = DIRECTION('',(0.,0.,1.));
#13062 = DIRECTION('',(1.,0.,-0.));
#13063 = ORIENTED_EDGE('',*,*,#12583,.F.);
#13064 = CYLINDRICAL_SURFACE('',#13065,0.1);
#13065 = AXIS2_PLACEMENT_3D('',#13066,#13067,#13068);
#13066 = CARTESIAN_POINT('',(-0.1,3.95,0.));
#13067 = DIRECTION('',(0.,-0.,1.));
#13068 = DIRECTION('',(1.,0.,0.));
#13069 = ADVANCED_FACE('',(#13070),#13082,.T.);
#13070 = FACE_BOUND('',#13071,.T.);
#13071 = EDGE_LOOP('',(#13072,#13073,#13074,#13081));
#13072 = ORIENTED_EDGE('',*,*,#13022,.T.);
#13073 = ORIENTED_EDGE('',*,*,#12515,.F.);
#13074 = ORIENTED_EDGE('',*,*,#13075,.F.);
#13075 = EDGE_CURVE('',#12639,#12516,#13076,.T.);
#13076 = CIRCLE('',#13077,0.1);
#13077 = AXIS2_PLACEMENT_3D('',#13078,#13079,#13080);
#13078 = CARTESIAN_POINT('',(-0.1,-4.35,2.9));
#13079 = DIRECTION('',(-0.,0.,1.));
#13080 = DIRECTION('',(1.,0.,0.));
#13081 = ORIENTED_EDGE('',*,*,#12636,.F.);
#13082 = CYLINDRICAL_SURFACE('',#13083,0.1);
#13083 = AXIS2_PLACEMENT_3D('',#13084,#13085,#13086);
#13084 = CARTESIAN_POINT('',(-0.1,-4.35,0.));
#13085 = DIRECTION('',(-0.,0.,1.));
#13086 = DIRECTION('',(1.,0.,0.));
#13087 = ADVANCED_FACE('',(#13088),#13100,.T.);
#13088 = FACE_BOUND('',#13089,.T.);
#13089 = EDGE_LOOP('',(#13090,#13091,#13092,#13099));
#13090 = ORIENTED_EDGE('',*,*,#12500,.F.);
#13091 = ORIENTED_EDGE('',*,*,#12646,.F.);
#13092 = ORIENTED_EDGE('',*,*,#13093,.F.);
#13093 = EDGE_CURVE('',#12328,#12639,#13094,.T.);
#13094 = CIRCLE('',#13095,1.E-01);
#13095 = AXIS2_PLACEMENT_3D('',#13096,#13097,#13098);
#13096 = CARTESIAN_POINT('',(-0.1,-4.35,2.9));
#13097 = DIRECTION('',(1.,0.,0.));
#13098 = DIRECTION('',(0.,-0.,-1.));
#13099 = ORIENTED_EDGE('',*,*,#12353,.F.);
#13100 = CYLINDRICAL_SURFACE('',#13101,1.E-01);
#13101 = AXIS2_PLACEMENT_3D('',#13102,#13103,#13104);
#13102 = CARTESIAN_POINT('',(0.,-4.35,2.9));
#13103 = DIRECTION('',(-1.,0.,0.));
#13104 = DIRECTION('',(0.,0.,1.));
#13105 = ADVANCED_FACE('',(#13106),#13117,.T.);
#13106 = FACE_BOUND('',#13107,.T.);
#13107 = EDGE_LOOP('',(#13108,#13109,#13110));
#13108 = ORIENTED_EDGE('',*,*,#13057,.T.);
#13109 = ORIENTED_EDGE('',*,*,#13039,.T.);
#13110 = ORIENTED_EDGE('',*,*,#13111,.F.);
#13111 = EDGE_CURVE('',#12584,#12330,#13112,.T.);
#13112 = CIRCLE('',#13113,1.E-01);
#13113 = AXIS2_PLACEMENT_3D('',#13114,#13115,#13116);
#13114 = CARTESIAN_POINT('',(-0.1,3.95,2.9));
#13115 = DIRECTION('',(0.,-1.,0.));
#13116 = DIRECTION('',(0.,0.,1.));
#13117 = SPHERICAL_SURFACE('',#13118,0.1);
#13118 = AXIS2_PLACEMENT_3D('',#13119,#13120,#13121);
#13119 = CARTESIAN_POINT('',(-0.1,3.95,2.9));
#13120 = DIRECTION('',(0.,1.,0.));
#13121 = DIRECTION('',(1.,0.,0.));
#13122 = ADVANCED_FACE('',(#13123),#13134,.T.);
#13123 = FACE_BOUND('',#13124,.T.);
#13124 = EDGE_LOOP('',(#13125,#13126,#13127));
#13125 = ORIENTED_EDGE('',*,*,#13093,.T.);
#13126 = ORIENTED_EDGE('',*,*,#13075,.T.);
#13127 = ORIENTED_EDGE('',*,*,#13128,.F.);
#13128 = EDGE_CURVE('',#12328,#12516,#13129,.T.);
#13129 = CIRCLE('',#13130,1.E-01);
#13130 = AXIS2_PLACEMENT_3D('',#13131,#13132,#13133);
#13131 = CARTESIAN_POINT('',(-0.1,-4.35,2.9));
#13132 = DIRECTION('',(-0.,1.,0.));
#13133 = DIRECTION('',(0.,0.,-1.));
#13134 = SPHERICAL_SURFACE('',#13135,0.1);
#13135 = AXIS2_PLACEMENT_3D('',#13136,#13137,#13138);
#13136 = CARTESIAN_POINT('',(-0.1,-4.35,2.9));
#13137 = DIRECTION('',(0.,1.,0.));
#13138 = DIRECTION('',(1.,0.,0.));
#13139 = ADVANCED_FACE('',(#13140),#13146,.T.);
#13140 = FACE_BOUND('',#13141,.T.);
#13141 = EDGE_LOOP('',(#13142,#13143,#13144,#13145));
#13142 = ORIENTED_EDGE('',*,*,#13111,.T.);
#13143 = ORIENTED_EDGE('',*,*,#12327,.F.);
#13144 = ORIENTED_EDGE('',*,*,#13128,.T.);
#13145 = ORIENTED_EDGE('',*,*,#12591,.F.);
#13146 = CYLINDRICAL_SURFACE('',#13147,1.E-01);
#13147 = AXIS2_PLACEMENT_3D('',#13148,#13149,#13150);
#13148 = CARTESIAN_POINT('',(-0.1,-3.105369185391E-16,2.9));
#13149 = DIRECTION('',(0.,-1.,-1.07081696048E-16));
#13150 = DIRECTION('',(0.,1.07081696048E-16,-1.));
#13151 = ( GEOMETRIC_REPRESENTATION_CONTEXT(3) 
GLOBAL_UNCERTAINTY_ASSIGNED_CONTEXT((#13155)) 
GLOBAL_UNIT_ASSIGNED_CONTEXT((#13152,#13153,#13154)) 
REPRESENTATION_CONTEXT('Context #1',
  '3D Context with UNIT and UNCERTAINTY') );
#13152 = ( LENGTH_UNIT() NAMED_UNIT(*) SI_UNIT(.MILLI.,.METRE.) );
#13153 = ( NAMED_UNIT(*) PLANE_ANGLE_UNIT() SI_UNIT($,.RADIAN.) );
#13154 = ( NAMED_UNIT(*) SI_UNIT($,.STERADIAN.) SOLID_ANGLE_UNIT() );
#13155 = UNCERTAINTY_MEASURE_WITH_UNIT(LENGTH_MEASURE(1.E-07),#13152,
  'distance_accuracy_value','confusion accuracy');
#13156 = CONTEXT_DEPENDENT_SHAPE_REPRESENTATION(#13157,#13159);
#13157 = ( REPRESENTATION_RELATIONSHIP('','',#12240,#7000) 
REPRESENTATION_RELATIONSHIP_WITH_TRANSFORMATION(#13158) 
SHAPE_REPRESENTATION_RELATIONSHIP() );
#13158 = ITEM_DEFINED_TRANSFORMATION('','',#11,#7005);
#13159 = PRODUCT_DEFINITION_SHAPE('Placement','Placement of an item',
  #13160);
#13160 = NEXT_ASSEMBLY_USAGE_OCCURRENCE('17','NAUO2','',#6995,#12235,$);
#13161 = PRODUCT_RELATED_PRODUCT_CATEGORY('part',$,(#12237));
#13162 = CONTEXT_DEPENDENT_SHAPE_REPRESENTATION(#13163,#13165);
#13163 = ( REPRESENTATION_RELATIONSHIP('','',#7067,#7000) 
REPRESENTATION_RELATIONSHIP_WITH_TRANSFORMATION(#13164) 
SHAPE_REPRESENTATION_RELATIONSHIP() );
#13164 = ITEM_DEFINED_TRANSFORMATION('','',#11,#7009);
#13165 = PRODUCT_DEFINITION_SHAPE('Placement','Placement of an item',
  #13166);
#13166 = NEXT_ASSEMBLY_USAGE_OCCURRENCE('18','NAUO3','',#6995,#7062,$);
#13167 = CONTEXT_DEPENDENT_SHAPE_REPRESENTATION(#13168,#13170);
#13168 = ( REPRESENTATION_RELATIONSHIP('','',#7067,#7000) 
REPRESENTATION_RELATIONSHIP_WITH_TRANSFORMATION(#13169) 
SHAPE_REPRESENTATION_RELATIONSHIP() );
#13169 = ITEM_DEFINED_TRANSFORMATION('','',#11,#7013);
#13170 = PRODUCT_DEFINITION_SHAPE('Placement','Placement of an item',
  #13171);
#13171 = NEXT_ASSEMBLY_USAGE_OCCURRENCE('19','NAUO4','',#6995,#7062,$);
#13172 = CONTEXT_DEPENDENT_SHAPE_REPRESENTATION(#13173,#13175);
#13173 = ( REPRESENTATION_RELATIONSHIP('','',#12240,#7000) 
REPRESENTATION_RELATIONSHIP_WITH_TRANSFORMATION(#13174) 
SHAPE_REPRESENTATION_RELATIONSHIP() );
#13174 = ITEM_DEFINED_TRANSFORMATION('','',#11,#7017);
#13175 = PRODUCT_DEFINITION_SHAPE('Placement','Placement of an item',
  #13176);
#13176 = NEXT_ASSEMBLY_USAGE_OCCURRENCE('20','NAUO5','',#6995,#12235,$);
#13177 = SHAPE_DEFINITION_REPRESENTATION(#13178,#13184);
#13178 = PRODUCT_DEFINITION_SHAPE('','',#13179);
#13179 = PRODUCT_DEFINITION('design','',#13180,#13183);
#13180 = PRODUCT_DEFINITION_FORMATION('','',#13181);
#13181 = PRODUCT('Polarizing Key','Polarizing Key','',(#13182));
#13182 = PRODUCT_CONTEXT('',#2,'mechanical');
#13183 = PRODUCT_DEFINITION_CONTEXT('part definition',#2,'design');
#13184 = ADVANCED_BREP_SHAPE_REPRESENTATION('',(#11,#13185),#13857);
#13185 = MANIFOLD_SOLID_BREP('',#13186);
#13186 = CLOSED_SHELL('',(#13187,#13227,#13267,#13307,#13347,#13387,
    #13427,#13483,#13539,#13557,#13581,#13599,#13616,#13633,#13651,
    #13669,#13687,#13705,#13722,#13739,#13757,#13775,#13793,#13811,
    #13828,#13845));
#13187 = ADVANCED_FACE('',(#13188),#13222,.F.);
#13188 = FACE_BOUND('',#13189,.T.);
#13189 = EDGE_LOOP('',(#13190,#13200,#13208,#13216));
#13190 = ORIENTED_EDGE('',*,*,#13191,.T.);
#13191 = EDGE_CURVE('',#13192,#13194,#13196,.T.);
#13192 = VERTEX_POINT('',#13193);
#13193 = CARTESIAN_POINT('',(-1.81977301744,5.960330917573,1.1));
#13194 = VERTEX_POINT('',#13195);
#13195 = CARTESIAN_POINT('',(-0.852419724296,6.902526118952,1.1));
#13196 = LINE('',#13197,#13198);
#13197 = CARTESIAN_POINT('',(-1.85,5.930890052356,1.1));
#13198 = VECTOR('',#13199,1.);
#13199 = DIRECTION('',(0.716360665963,0.697730174395,-0.));
#13200 = ORIENTED_EDGE('',*,*,#13201,.T.);
#13201 = EDGE_CURVE('',#13194,#13202,#13204,.T.);
#13202 = VERTEX_POINT('',#13203);
#13203 = CARTESIAN_POINT('',(-0.852419724296,6.902526118952,0.));
#13204 = LINE('',#13205,#13206);
#13205 = CARTESIAN_POINT('',(-0.852419724296,6.902526118952,1.2));
#13206 = VECTOR('',#13207,1.);
#13207 = DIRECTION('',(0.,0.,-1.));
#13208 = ORIENTED_EDGE('',*,*,#13209,.T.);
#13209 = EDGE_CURVE('',#13202,#13210,#13212,.T.);
#13210 = VERTEX_POINT('',#13211);
#13211 = CARTESIAN_POINT('',(-1.81977301744,5.960330917573,0.));
#13212 = LINE('',#13213,#13214);
#13213 = CARTESIAN_POINT('',(-1.85,5.930890052356,0.));
#13214 = VECTOR('',#13215,1.);
#13215 = DIRECTION('',(-0.716360665963,-0.697730174395,-0.));
#13216 = ORIENTED_EDGE('',*,*,#13217,.T.);
#13217 = EDGE_CURVE('',#13210,#13192,#13218,.T.);
#13218 = LINE('',#13219,#13220);
#13219 = CARTESIAN_POINT('',(-1.81977301744,5.960330917573,1.2));
#13220 = VECTOR('',#13221,1.);
#13221 = DIRECTION('',(-0.,-0.,1.));
#13222 = PLANE('',#13223);
#13223 = AXIS2_PLACEMENT_3D('',#13224,#13225,#13226);
#13224 = CARTESIAN_POINT('',(-1.85,5.930890052356,1.2));
#13225 = DIRECTION('',(0.697730174395,-0.716360665963,0.));
#13226 = DIRECTION('',(0.716360665963,0.697730174395,0.));
#13227 = ADVANCED_FACE('',(#13228),#13262,.F.);
#13228 = FACE_BOUND('',#13229,.T.);
#13229 = EDGE_LOOP('',(#13230,#13240,#13248,#13256));
#13230 = ORIENTED_EDGE('',*,*,#13231,.T.);
#13231 = EDGE_CURVE('',#13232,#13234,#13236,.T.);
#13232 = VERTEX_POINT('',#13233);
#13233 = CARTESIAN_POINT('',(-1.85,5.888694850977,0.));
#13234 = VERTEX_POINT('',#13235);
#13235 = CARTESIAN_POINT('',(-1.85,-1.469109947644,0.));
#13236 = LINE('',#13237,#13238);
#13237 = CARTESIAN_POINT('',(-1.85,-1.569109947644,0.));
#13238 = VECTOR('',#13239,1.);
#13239 = DIRECTION('',(-0.,-1.,-0.));
#13240 = ORIENTED_EDGE('',*,*,#13241,.T.);
#13241 = EDGE_CURVE('',#13234,#13242,#13244,.T.);
#13242 = VERTEX_POINT('',#13243);
#13243 = CARTESIAN_POINT('',(-1.85,-1.469109947644,1.1));
#13244 = LINE('',#13245,#13246);
#13245 = CARTESIAN_POINT('',(-1.85,-1.469109947644,1.2));
#13246 = VECTOR('',#13247,1.);
#13247 = DIRECTION('',(-0.,-0.,1.));
#13248 = ORIENTED_EDGE('',*,*,#13249,.T.);
#13249 = EDGE_CURVE('',#13242,#13250,#13252,.T.);
#13250 = VERTEX_POINT('',#13251);
#13251 = CARTESIAN_POINT('',(-1.85,5.888694850977,1.1));
#13252 = LINE('',#13253,#13254);
#13253 = CARTESIAN_POINT('',(-1.85,-1.569109947644,1.1));
#13254 = VECTOR('',#13255,1.);
#13255 = DIRECTION('',(-0.,1.,-0.));
#13256 = ORIENTED_EDGE('',*,*,#13257,.T.);
#13257 = EDGE_CURVE('',#13250,#13232,#13258,.T.);
#13258 = LINE('',#13259,#13260);
#13259 = CARTESIAN_POINT('',(-1.85,5.888694850977,1.2));
#13260 = VECTOR('',#13261,1.);
#13261 = DIRECTION('',(0.,0.,-1.));
#13262 = PLANE('',#13263);
#13263 = AXIS2_PLACEMENT_3D('',#13264,#13265,#13266);
#13264 = CARTESIAN_POINT('',(-1.85,-1.569109947644,1.2));
#13265 = DIRECTION('',(1.,0.,0.));
#13266 = DIRECTION('',(0.,0.,-1.));
#13267 = ADVANCED_FACE('',(#13268),#13302,.F.);
#13268 = FACE_BOUND('',#13269,.T.);
#13269 = EDGE_LOOP('',(#13270,#13280,#13288,#13296));
#13270 = ORIENTED_EDGE('',*,*,#13271,.T.);
#13271 = EDGE_CURVE('',#13272,#13274,#13276,.T.);
#13272 = VERTEX_POINT('',#13273);
#13273 = CARTESIAN_POINT('',(-1.75,-1.569109947644,0.));
#13274 = VERTEX_POINT('',#13275);
#13275 = CARTESIAN_POINT('',(1.75,-1.569109947644,0.));
#13276 = LINE('',#13277,#13278);
#13277 = CARTESIAN_POINT('',(1.85,-1.569109947644,0.));
#13278 = VECTOR('',#13279,1.);
#13279 = DIRECTION('',(1.,1.172110456741E-16,-0.));
#13280 = ORIENTED_EDGE('',*,*,#13281,.T.);
#13281 = EDGE_CURVE('',#13274,#13282,#13284,.T.);
#13282 = VERTEX_POINT('',#13283);
#13283 = CARTESIAN_POINT('',(1.75,-1.569109947644,1.1));
#13284 = LINE('',#13285,#13286);
#13285 = CARTESIAN_POINT('',(1.75,-1.569109947644,1.2));
#13286 = VECTOR('',#13287,1.);
#13287 = DIRECTION('',(-0.,-0.,1.));
#13288 = ORIENTED_EDGE('',*,*,#13289,.T.);
#13289 = EDGE_CURVE('',#13282,#13290,#13292,.T.);
#13290 = VERTEX_POINT('',#13291);
#13291 = CARTESIAN_POINT('',(-1.75,-1.569109947644,1.1));
#13292 = LINE('',#13293,#13294);
#13293 = CARTESIAN_POINT('',(1.85,-1.569109947644,1.1));
#13294 = VECTOR('',#13295,1.);
#13295 = DIRECTION('',(-1.,-1.172110456741E-16,-0.));
#13296 = ORIENTED_EDGE('',*,*,#13297,.T.);
#13297 = EDGE_CURVE('',#13290,#13272,#13298,.T.);
#13298 = LINE('',#13299,#13300);
#13299 = CARTESIAN_POINT('',(-1.75,-1.569109947644,1.2));
#13300 = VECTOR('',#13301,1.);
#13301 = DIRECTION('',(0.,0.,-1.));
#13302 = PLANE('',#13303);
#13303 = AXIS2_PLACEMENT_3D('',#13304,#13305,#13306);
#13304 = CARTESIAN_POINT('',(1.85,-1.569109947644,1.2));
#13305 = DIRECTION('',(-1.172110456741E-16,1.,0.));
#13306 = DIRECTION('',(-1.,-1.172110456741E-16,0.));
#13307 = ADVANCED_FACE('',(#13308),#13342,.F.);
#13308 = FACE_BOUND('',#13309,.T.);
#13309 = EDGE_LOOP('',(#13310,#13320,#13328,#13336));
#13310 = ORIENTED_EDGE('',*,*,#13311,.T.);
#13311 = EDGE_CURVE('',#13312,#13314,#13316,.T.);
#13312 = VERTEX_POINT('',#13313);
#13313 = CARTESIAN_POINT('',(1.85,-1.469109947644,0.));
#13314 = VERTEX_POINT('',#13315);
#13315 = CARTESIAN_POINT('',(1.85,5.888694850977,0.));
#13316 = LINE('',#13317,#13318);
#13317 = CARTESIAN_POINT('',(1.85,5.930890052356,0.));
#13318 = VECTOR('',#13319,1.);
#13319 = DIRECTION('',(-5.782411586589E-17,1.,-0.));
#13320 = ORIENTED_EDGE('',*,*,#13321,.T.);
#13321 = EDGE_CURVE('',#13314,#13322,#13324,.T.);
#13322 = VERTEX_POINT('',#13323);
#13323 = CARTESIAN_POINT('',(1.85,5.888694850977,1.1));
#13324 = LINE('',#13325,#13326);
#13325 = CARTESIAN_POINT('',(1.85,5.888694850977,1.2));
#13326 = VECTOR('',#13327,1.);
#13327 = DIRECTION('',(-0.,-0.,1.));
#13328 = ORIENTED_EDGE('',*,*,#13329,.T.);
#13329 = EDGE_CURVE('',#13322,#13330,#13332,.T.);
#13330 = VERTEX_POINT('',#13331);
#13331 = CARTESIAN_POINT('',(1.85,-1.469109947644,1.1));
#13332 = LINE('',#13333,#13334);
#13333 = CARTESIAN_POINT('',(1.85,5.930890052356,1.1));
#13334 = VECTOR('',#13335,1.);
#13335 = DIRECTION('',(5.782411586589E-17,-1.,-0.));
#13336 = ORIENTED_EDGE('',*,*,#13337,.T.);
#13337 = EDGE_CURVE('',#13330,#13312,#13338,.T.);
#13338 = LINE('',#13339,#13340);
#13339 = CARTESIAN_POINT('',(1.85,-1.469109947644,1.2));
#13340 = VECTOR('',#13341,1.);
#13341 = DIRECTION('',(0.,0.,-1.));
#13342 = PLANE('',#13343);
#13343 = AXIS2_PLACEMENT_3D('',#13344,#13345,#13346);
#13344 = CARTESIAN_POINT('',(1.85,5.930890052356,1.2));
#13345 = DIRECTION('',(-1.,-5.782411586589E-17,0.));
#13346 = DIRECTION('',(5.782411586589E-17,-1.,0.));
#13347 = ADVANCED_FACE('',(#13348),#13382,.F.);
#13348 = FACE_BOUND('',#13349,.T.);
#13349 = EDGE_LOOP('',(#13350,#13360,#13368,#13376));
#13350 = ORIENTED_EDGE('',*,*,#13351,.T.);
#13351 = EDGE_CURVE('',#13352,#13354,#13356,.T.);
#13352 = VERTEX_POINT('',#13353);
#13353 = CARTESIAN_POINT('',(1.81977301744,5.960330917573,0.));
#13354 = VERTEX_POINT('',#13355);
#13355 = CARTESIAN_POINT('',(0.852419724296,6.902526118952,0.));
#13356 = LINE('',#13357,#13358);
#13357 = CARTESIAN_POINT('',(0.823298429319,6.930890052356,0.));
#13358 = VECTOR('',#13359,1.);
#13359 = DIRECTION('',(-0.716360665963,0.697730174395,-0.));
#13360 = ORIENTED_EDGE('',*,*,#13361,.T.);
#13361 = EDGE_CURVE('',#13354,#13362,#13364,.T.);
#13362 = VERTEX_POINT('',#13363);
#13363 = CARTESIAN_POINT('',(0.852419724296,6.902526118952,1.1));
#13364 = LINE('',#13365,#13366);
#13365 = CARTESIAN_POINT('',(0.852419724296,6.902526118952,1.2));
#13366 = VECTOR('',#13367,1.);
#13367 = DIRECTION('',(-0.,-0.,1.));
#13368 = ORIENTED_EDGE('',*,*,#13369,.T.);
#13369 = EDGE_CURVE('',#13362,#13370,#13372,.T.);
#13370 = VERTEX_POINT('',#13371);
#13371 = CARTESIAN_POINT('',(1.81977301744,5.960330917573,1.1));
#13372 = LINE('',#13373,#13374);
#13373 = CARTESIAN_POINT('',(0.823298429319,6.930890052356,1.1));
#13374 = VECTOR('',#13375,1.);
#13375 = DIRECTION('',(0.716360665963,-0.697730174395,-0.));
#13376 = ORIENTED_EDGE('',*,*,#13377,.T.);
#13377 = EDGE_CURVE('',#13370,#13352,#13378,.T.);
#13378 = LINE('',#13379,#13380);
#13379 = CARTESIAN_POINT('',(1.81977301744,5.960330917573,1.2));
#13380 = VECTOR('',#13381,1.);
#13381 = DIRECTION('',(0.,0.,-1.));
#13382 = PLANE('',#13383);
#13383 = AXIS2_PLACEMENT_3D('',#13384,#13385,#13386);
#13384 = CARTESIAN_POINT('',(0.823298429319,6.930890052356,1.2));
#13385 = DIRECTION('',(-0.697730174395,-0.716360665963,0.));
#13386 = DIRECTION('',(0.716360665963,-0.697730174395,0.));
#13387 = ADVANCED_FACE('',(#13388),#13422,.F.);
#13388 = FACE_BOUND('',#13389,.T.);
#13389 = EDGE_LOOP('',(#13390,#13400,#13408,#13416));
#13390 = ORIENTED_EDGE('',*,*,#13391,.T.);
#13391 = EDGE_CURVE('',#13392,#13394,#13396,.T.);
#13392 = VERTEX_POINT('',#13393);
#13393 = CARTESIAN_POINT('',(0.782646706856,6.930890052356,0.));
#13394 = VERTEX_POINT('',#13395);
#13395 = CARTESIAN_POINT('',(-0.782646706856,6.930890052356,0.));
#13396 = LINE('',#13397,#13398);
#13397 = CARTESIAN_POINT('',(-0.823298429319,6.930890052356,0.));
#13398 = VECTOR('',#13399,1.);
#13399 = DIRECTION('',(-1.,-0.,-0.));
#13400 = ORIENTED_EDGE('',*,*,#13401,.T.);
#13401 = EDGE_CURVE('',#13394,#13402,#13404,.T.);
#13402 = VERTEX_POINT('',#13403);
#13403 = CARTESIAN_POINT('',(-0.782646706856,6.930890052356,1.1));
#13404 = LINE('',#13405,#13406);
#13405 = CARTESIAN_POINT('',(-0.782646706856,6.930890052356,1.2));
#13406 = VECTOR('',#13407,1.);
#13407 = DIRECTION('',(-0.,-0.,1.));
#13408 = ORIENTED_EDGE('',*,*,#13409,.T.);
#13409 = EDGE_CURVE('',#13402,#13410,#13412,.T.);
#13410 = VERTEX_POINT('',#13411);
#13411 = CARTESIAN_POINT('',(0.782646706856,6.930890052356,1.1));
#13412 = LINE('',#13413,#13414);
#13413 = CARTESIAN_POINT('',(-0.823298429319,6.930890052356,1.1));
#13414 = VECTOR('',#13415,1.);
#13415 = DIRECTION('',(1.,-0.,-0.));
#13416 = ORIENTED_EDGE('',*,*,#13417,.T.);
#13417 = EDGE_CURVE('',#13410,#13392,#13418,.T.);
#13418 = LINE('',#13419,#13420);
#13419 = CARTESIAN_POINT('',(0.782646706856,6.930890052356,1.2));
#13420 = VECTOR('',#13421,1.);
#13421 = DIRECTION('',(0.,0.,-1.));
#13422 = PLANE('',#13423);
#13423 = AXIS2_PLACEMENT_3D('',#13424,#13425,#13426);
#13424 = CARTESIAN_POINT('',(-0.823298429319,6.930890052356,1.2));
#13425 = DIRECTION('',(0.,-1.,0.));
#13426 = DIRECTION('',(0.,-0.,-1.));
#13427 = ADVANCED_FACE('',(#13428),#13478,.F.);
#13428 = FACE_BOUND('',#13429,.T.);
#13429 = EDGE_LOOP('',(#13430,#13440,#13448,#13456,#13464,#13472));
#13430 = ORIENTED_EDGE('',*,*,#13431,.T.);
#13431 = EDGE_CURVE('',#13432,#13434,#13436,.T.);
#13432 = VERTEX_POINT('',#13433);
#13433 = CARTESIAN_POINT('',(0.782646706856,6.830890052356,1.2));
#13434 = VERTEX_POINT('',#13435);
#13435 = CARTESIAN_POINT('',(-0.782646706856,6.830890052356,1.2));
#13436 = LINE('',#13437,#13438);
#13437 = CARTESIAN_POINT('',(0.,6.830890052356,1.2));
#13438 = VECTOR('',#13439,1.);
#13439 = DIRECTION('',(-1.,0.,0.));
#13440 = ORIENTED_EDGE('',*,*,#13441,.T.);
#13441 = EDGE_CURVE('',#13434,#13442,#13444,.T.);
#13442 = VERTEX_POINT('',#13443);
#13443 = CARTESIAN_POINT('',(-1.75,5.888694850977,1.2));
#13444 = LINE('',#13445,#13446);
#13445 = CARTESIAN_POINT('',(-3.79527340004,3.896613160984,1.2));
#13446 = VECTOR('',#13447,1.);
#13447 = DIRECTION('',(-0.716360665963,-0.697730174395,0.));
#13448 = ORIENTED_EDGE('',*,*,#13449,.T.);
#13449 = EDGE_CURVE('',#13442,#13450,#13452,.T.);
#13450 = VERTEX_POINT('',#13451);
#13451 = CARTESIAN_POINT('',(-1.75,-1.469109947644,1.2));
#13452 = LINE('',#13453,#13454);
#13453 = CARTESIAN_POINT('',(-1.75,0.,1.2));
#13454 = VECTOR('',#13455,1.);
#13455 = DIRECTION('',(0.,-1.,0.));
#13456 = ORIENTED_EDGE('',*,*,#13457,.T.);
#13457 = EDGE_CURVE('',#13450,#13458,#13460,.T.);
#13458 = VERTEX_POINT('',#13459);
#13459 = CARTESIAN_POINT('',(1.75,-1.469109947644,1.2));
#13460 = LINE('',#13461,#13462);
#13461 = CARTESIAN_POINT('',(1.721959131736E-16,-1.469109947644,1.2));
#13462 = VECTOR('',#13463,1.);
#13463 = DIRECTION('',(1.,1.172110456741E-16,0.));
#13464 = ORIENTED_EDGE('',*,*,#13465,.T.);
#13465 = EDGE_CURVE('',#13458,#13466,#13468,.T.);
#13466 = VERTEX_POINT('',#13467);
#13467 = CARTESIAN_POINT('',(1.75,5.888694850977,1.2));
#13468 = LINE('',#13469,#13470);
#13469 = CARTESIAN_POINT('',(1.75,1.011922027653E-16,1.2));
#13470 = VECTOR('',#13471,1.);
#13471 = DIRECTION('',(-5.782411586589E-17,1.,0.));
#13472 = ORIENTED_EDGE('',*,*,#13473,.T.);
#13473 = EDGE_CURVE('',#13466,#13432,#13474,.T.);
#13474 = LINE('',#13475,#13476);
#13475 = CARTESIAN_POINT('',(3.79527340004,3.896613160984,1.2));
#13476 = VECTOR('',#13477,1.);
#13477 = DIRECTION('',(-0.716360665963,0.697730174395,0.));
#13478 = PLANE('',#13479);
#13479 = AXIS2_PLACEMENT_3D('',#13480,#13481,#13482);
#13480 = CARTESIAN_POINT('',(0.,0.,1.2));
#13481 = DIRECTION('',(0.,0.,-1.));
#13482 = DIRECTION('',(-1.,0.,-0.));
#13483 = ADVANCED_FACE('',(#13484),#13534,.T.);
#13484 = FACE_BOUND('',#13485,.T.);
#13485 = EDGE_LOOP('',(#13486,#13487,#13494,#13495,#13502,#13503,#13510,
    #13511,#13518,#13519,#13526,#13527));
#13486 = ORIENTED_EDGE('',*,*,#13209,.F.);
#13487 = ORIENTED_EDGE('',*,*,#13488,.T.);
#13488 = EDGE_CURVE('',#13202,#13394,#13489,.T.);
#13489 = CIRCLE('',#13490,0.1);
#13490 = AXIS2_PLACEMENT_3D('',#13491,#13492,#13493);
#13491 = CARTESIAN_POINT('',(-0.782646706856,6.830890052356,0.));
#13492 = DIRECTION('',(0.,0.,-1.));
#13493 = DIRECTION('',(-1.,0.,0.));
#13494 = ORIENTED_EDGE('',*,*,#13391,.F.);
#13495 = ORIENTED_EDGE('',*,*,#13496,.T.);
#13496 = EDGE_CURVE('',#13392,#13354,#13497,.T.);
#13497 = CIRCLE('',#13498,0.1);
#13498 = AXIS2_PLACEMENT_3D('',#13499,#13500,#13501);
#13499 = CARTESIAN_POINT('',(0.782646706856,6.830890052356,0.));
#13500 = DIRECTION('',(0.,0.,-1.));
#13501 = DIRECTION('',(-1.,0.,0.));
#13502 = ORIENTED_EDGE('',*,*,#13351,.F.);
#13503 = ORIENTED_EDGE('',*,*,#13504,.T.);
#13504 = EDGE_CURVE('',#13352,#13314,#13505,.T.);
#13505 = CIRCLE('',#13506,0.1);
#13506 = AXIS2_PLACEMENT_3D('',#13507,#13508,#13509);
#13507 = CARTESIAN_POINT('',(1.75,5.888694850977,0.));
#13508 = DIRECTION('',(0.,0.,-1.));
#13509 = DIRECTION('',(-1.,0.,0.));
#13510 = ORIENTED_EDGE('',*,*,#13311,.F.);
#13511 = ORIENTED_EDGE('',*,*,#13512,.T.);
#13512 = EDGE_CURVE('',#13312,#13274,#13513,.T.);
#13513 = CIRCLE('',#13514,0.1);
#13514 = AXIS2_PLACEMENT_3D('',#13515,#13516,#13517);
#13515 = CARTESIAN_POINT('',(1.75,-1.469109947644,0.));
#13516 = DIRECTION('',(0.,0.,-1.));
#13517 = DIRECTION('',(-1.,0.,0.));
#13518 = ORIENTED_EDGE('',*,*,#13271,.F.);
#13519 = ORIENTED_EDGE('',*,*,#13520,.T.);
#13520 = EDGE_CURVE('',#13272,#13234,#13521,.T.);
#13521 = CIRCLE('',#13522,0.1);
#13522 = AXIS2_PLACEMENT_3D('',#13523,#13524,#13525);
#13523 = CARTESIAN_POINT('',(-1.75,-1.469109947644,0.));
#13524 = DIRECTION('',(0.,0.,-1.));
#13525 = DIRECTION('',(-1.,0.,0.));
#13526 = ORIENTED_EDGE('',*,*,#13231,.F.);
#13527 = ORIENTED_EDGE('',*,*,#13528,.T.);
#13528 = EDGE_CURVE('',#13232,#13210,#13529,.T.);
#13529 = CIRCLE('',#13530,0.1);
#13530 = AXIS2_PLACEMENT_3D('',#13531,#13532,#13533);
#13531 = CARTESIAN_POINT('',(-1.75,5.888694850977,0.));
#13532 = DIRECTION('',(0.,0.,-1.));
#13533 = DIRECTION('',(-1.,0.,0.));
#13534 = PLANE('',#13535);
#13535 = AXIS2_PLACEMENT_3D('',#13536,#13537,#13538);
#13536 = CARTESIAN_POINT('',(0.,0.,0.));
#13537 = DIRECTION('',(0.,0.,-1.));
#13538 = DIRECTION('',(-1.,0.,-0.));
#13539 = ADVANCED_FACE('',(#13540),#13552,.T.);
#13540 = FACE_BOUND('',#13541,.T.);
#13541 = EDGE_LOOP('',(#13542,#13543,#13544,#13551));
#13542 = ORIENTED_EDGE('',*,*,#13504,.F.);
#13543 = ORIENTED_EDGE('',*,*,#13377,.F.);
#13544 = ORIENTED_EDGE('',*,*,#13545,.F.);
#13545 = EDGE_CURVE('',#13322,#13370,#13546,.T.);
#13546 = CIRCLE('',#13547,0.1);
#13547 = AXIS2_PLACEMENT_3D('',#13548,#13549,#13550);
#13548 = CARTESIAN_POINT('',(1.75,5.888694850977,1.1));
#13549 = DIRECTION('',(0.,0.,1.));
#13550 = DIRECTION('',(1.,0.,-0.));
#13551 = ORIENTED_EDGE('',*,*,#13321,.F.);
#13552 = CYLINDRICAL_SURFACE('',#13553,0.1);
#13553 = AXIS2_PLACEMENT_3D('',#13554,#13555,#13556);
#13554 = CARTESIAN_POINT('',(1.75,5.888694850977,1.2));
#13555 = DIRECTION('',(0.,0.,-1.));
#13556 = DIRECTION('',(-1.,0.,0.));
#13557 = ADVANCED_FACE('',(#13558),#13576,.T.);
#13558 = FACE_BOUND('',#13559,.T.);
#13559 = EDGE_LOOP('',(#13560,#13567,#13568,#13575));
#13560 = ORIENTED_EDGE('',*,*,#13561,.F.);
#13561 = EDGE_CURVE('',#13330,#13458,#13562,.T.);
#13562 = CIRCLE('',#13563,0.1);
#13563 = AXIS2_PLACEMENT_3D('',#13564,#13565,#13566);
#13564 = CARTESIAN_POINT('',(1.75,-1.469109947644,1.1));
#13565 = DIRECTION('',(0.,-1.,-2.168404344971E-15));
#13566 = DIRECTION('',(0.,2.168404344971E-15,-1.));
#13567 = ORIENTED_EDGE('',*,*,#13329,.F.);
#13568 = ORIENTED_EDGE('',*,*,#13569,.F.);
#13569 = EDGE_CURVE('',#13466,#13322,#13570,.T.);
#13570 = CIRCLE('',#13571,0.1);
#13571 = AXIS2_PLACEMENT_3D('',#13572,#13573,#13574);
#13572 = CARTESIAN_POINT('',(1.75,5.888694850977,1.1));
#13573 = DIRECTION('',(0.,1.,0.));
#13574 = DIRECTION('',(0.,-0.,1.));
#13575 = ORIENTED_EDGE('',*,*,#13465,.F.);
#13576 = CYLINDRICAL_SURFACE('',#13577,0.1);
#13577 = AXIS2_PLACEMENT_3D('',#13578,#13579,#13580);
#13578 = CARTESIAN_POINT('',(1.75,1.011922027653E-16,1.1));
#13579 = DIRECTION('',(-5.782411586589E-17,1.,0.));
#13580 = DIRECTION('',(-1.,-5.782411586589E-17,0.));
#13581 = ADVANCED_FACE('',(#13582),#13594,.T.);
#13582 = FACE_BOUND('',#13583,.T.);
#13583 = EDGE_LOOP('',(#13584,#13585,#13586,#13593));
#13584 = ORIENTED_EDGE('',*,*,#13512,.F.);
#13585 = ORIENTED_EDGE('',*,*,#13337,.F.);
#13586 = ORIENTED_EDGE('',*,*,#13587,.F.);
#13587 = EDGE_CURVE('',#13282,#13330,#13588,.T.);
#13588 = CIRCLE('',#13589,0.1);
#13589 = AXIS2_PLACEMENT_3D('',#13590,#13591,#13592);
#13590 = CARTESIAN_POINT('',(1.75,-1.469109947644,1.1));
#13591 = DIRECTION('',(-0.,0.,1.));
#13592 = DIRECTION('',(1.,0.,0.));
#13593 = ORIENTED_EDGE('',*,*,#13281,.F.);
#13594 = CYLINDRICAL_SURFACE('',#13595,0.1);
#13595 = AXIS2_PLACEMENT_3D('',#13596,#13597,#13598);
#13596 = CARTESIAN_POINT('',(1.75,-1.469109947644,1.2));
#13597 = DIRECTION('',(0.,0.,-1.));
#13598 = DIRECTION('',(-1.,0.,0.));
#13599 = ADVANCED_FACE('',(#13600),#13611,.T.);
#13600 = FACE_BOUND('',#13601,.T.);
#13601 = EDGE_LOOP('',(#13602,#13603,#13604));
#13602 = ORIENTED_EDGE('',*,*,#13569,.T.);
#13603 = ORIENTED_EDGE('',*,*,#13545,.T.);
#13604 = ORIENTED_EDGE('',*,*,#13605,.F.);
#13605 = EDGE_CURVE('',#13466,#13370,#13606,.T.);
#13606 = CIRCLE('',#13607,0.1);
#13607 = AXIS2_PLACEMENT_3D('',#13608,#13609,#13610);
#13608 = CARTESIAN_POINT('',(1.75,5.888694850977,1.1));
#13609 = DIRECTION('',(-0.716360665963,0.697730174395,-1.55335958064E-15
    ));
#13610 = DIRECTION('',(0.697730174395,0.716360665963,2.26797510251E-30)
  );
#13611 = SPHERICAL_SURFACE('',#13612,0.1);
#13612 = AXIS2_PLACEMENT_3D('',#13613,#13614,#13615);
#13613 = CARTESIAN_POINT('',(1.75,5.888694850977,1.1));
#13614 = DIRECTION('',(0.,1.,0.));
#13615 = DIRECTION('',(1.,0.,0.));
#13616 = ADVANCED_FACE('',(#13617),#13628,.T.);
#13617 = FACE_BOUND('',#13618,.T.);
#13618 = EDGE_LOOP('',(#13619,#13620,#13621));
#13619 = ORIENTED_EDGE('',*,*,#13587,.T.);
#13620 = ORIENTED_EDGE('',*,*,#13561,.T.);
#13621 = ORIENTED_EDGE('',*,*,#13622,.F.);
#13622 = EDGE_CURVE('',#13282,#13458,#13623,.T.);
#13623 = CIRCLE('',#13624,0.1);
#13624 = AXIS2_PLACEMENT_3D('',#13625,#13626,#13627);
#13625 = CARTESIAN_POINT('',(1.75,-1.469109947644,1.1));
#13626 = DIRECTION('',(-1.,-0.,0.));
#13627 = DIRECTION('',(-0.,0.,-1.));
#13628 = SPHERICAL_SURFACE('',#13629,0.1);
#13629 = AXIS2_PLACEMENT_3D('',#13630,#13631,#13632);
#13630 = CARTESIAN_POINT('',(1.75,-1.469109947644,1.1));
#13631 = DIRECTION('',(0.,1.,0.));
#13632 = DIRECTION('',(1.,0.,0.));
#13633 = ADVANCED_FACE('',(#13634),#13646,.T.);
#13634 = FACE_BOUND('',#13635,.T.);
#13635 = EDGE_LOOP('',(#13636,#13637,#13638,#13645));
#13636 = ORIENTED_EDGE('',*,*,#13496,.F.);
#13637 = ORIENTED_EDGE('',*,*,#13417,.F.);
#13638 = ORIENTED_EDGE('',*,*,#13639,.F.);
#13639 = EDGE_CURVE('',#13362,#13410,#13640,.T.);
#13640 = CIRCLE('',#13641,0.1);
#13641 = AXIS2_PLACEMENT_3D('',#13642,#13643,#13644);
#13642 = CARTESIAN_POINT('',(0.782646706856,6.830890052356,1.1));
#13643 = DIRECTION('',(0.,-0.,1.));
#13644 = DIRECTION('',(1.,0.,0.));
#13645 = ORIENTED_EDGE('',*,*,#13361,.F.);
#13646 = CYLINDRICAL_SURFACE('',#13647,0.1);
#13647 = AXIS2_PLACEMENT_3D('',#13648,#13649,#13650);
#13648 = CARTESIAN_POINT('',(0.782646706856,6.830890052356,1.2));
#13649 = DIRECTION('',(0.,0.,-1.));
#13650 = DIRECTION('',(-1.,0.,0.));
#13651 = ADVANCED_FACE('',(#13652),#13664,.T.);
#13652 = FACE_BOUND('',#13653,.T.);
#13653 = EDGE_LOOP('',(#13654,#13655,#13656,#13663));
#13654 = ORIENTED_EDGE('',*,*,#13605,.T.);
#13655 = ORIENTED_EDGE('',*,*,#13369,.F.);
#13656 = ORIENTED_EDGE('',*,*,#13657,.F.);
#13657 = EDGE_CURVE('',#13432,#13362,#13658,.T.);
#13658 = CIRCLE('',#13659,0.1);
#13659 = AXIS2_PLACEMENT_3D('',#13660,#13661,#13662);
#13660 = CARTESIAN_POINT('',(0.782646706856,6.830890052356,1.1));
#13661 = DIRECTION('',(-0.716360665963,0.697730174395,0.));
#13662 = DIRECTION('',(-0.697730174395,-0.716360665963,0.));
#13663 = ORIENTED_EDGE('',*,*,#13473,.F.);
#13664 = CYLINDRICAL_SURFACE('',#13665,0.1);
#13665 = AXIS2_PLACEMENT_3D('',#13666,#13667,#13668);
#13666 = CARTESIAN_POINT('',(3.79527340004,3.896613160984,1.1));
#13667 = DIRECTION('',(-0.716360665963,0.697730174395,0.));
#13668 = DIRECTION('',(-0.697730174395,-0.716360665963,0.));
#13669 = ADVANCED_FACE('',(#13670),#13682,.T.);
#13670 = FACE_BOUND('',#13671,.T.);
#13671 = EDGE_LOOP('',(#13672,#13673,#13674,#13681));
#13672 = ORIENTED_EDGE('',*,*,#13622,.T.);
#13673 = ORIENTED_EDGE('',*,*,#13457,.F.);
#13674 = ORIENTED_EDGE('',*,*,#13675,.F.);
#13675 = EDGE_CURVE('',#13290,#13450,#13676,.T.);
#13676 = CIRCLE('',#13677,0.1);
#13677 = AXIS2_PLACEMENT_3D('',#13678,#13679,#13680);
#13678 = CARTESIAN_POINT('',(-1.75,-1.469109947644,1.1));
#13679 = DIRECTION('',(-1.,0.,-2.168404344971E-15));
#13680 = DIRECTION('',(-2.168404344971E-15,0.,1.));
#13681 = ORIENTED_EDGE('',*,*,#13289,.F.);
#13682 = CYLINDRICAL_SURFACE('',#13683,0.1);
#13683 = AXIS2_PLACEMENT_3D('',#13684,#13685,#13686);
#13684 = CARTESIAN_POINT('',(1.721959131736E-16,-1.469109947644,1.1));
#13685 = DIRECTION('',(1.,1.172110456741E-16,0.));
#13686 = DIRECTION('',(-1.172110456741E-16,1.,0.));
#13687 = ADVANCED_FACE('',(#13688),#13700,.T.);
#13688 = FACE_BOUND('',#13689,.T.);
#13689 = EDGE_LOOP('',(#13690,#13691,#13692,#13699));
#13690 = ORIENTED_EDGE('',*,*,#13520,.F.);
#13691 = ORIENTED_EDGE('',*,*,#13297,.F.);
#13692 = ORIENTED_EDGE('',*,*,#13693,.F.);
#13693 = EDGE_CURVE('',#13242,#13290,#13694,.T.);
#13694 = CIRCLE('',#13695,0.1);
#13695 = AXIS2_PLACEMENT_3D('',#13696,#13697,#13698);
#13696 = CARTESIAN_POINT('',(-1.75,-1.469109947644,1.1));
#13697 = DIRECTION('',(0.,0.,1.));
#13698 = DIRECTION('',(1.,0.,-0.));
#13699 = ORIENTED_EDGE('',*,*,#13241,.F.);
#13700 = CYLINDRICAL_SURFACE('',#13701,0.1);
#13701 = AXIS2_PLACEMENT_3D('',#13702,#13703,#13704);
#13702 = CARTESIAN_POINT('',(-1.75,-1.469109947644,1.2));
#13703 = DIRECTION('',(0.,0.,-1.));
#13704 = DIRECTION('',(-1.,0.,0.));
#13705 = ADVANCED_FACE('',(#13706),#13717,.T.);
#13706 = FACE_BOUND('',#13707,.T.);
#13707 = EDGE_LOOP('',(#13708,#13709,#13710));
#13708 = ORIENTED_EDGE('',*,*,#13657,.T.);
#13709 = ORIENTED_EDGE('',*,*,#13639,.T.);
#13710 = ORIENTED_EDGE('',*,*,#13711,.F.);
#13711 = EDGE_CURVE('',#13432,#13410,#13712,.T.);
#13712 = CIRCLE('',#13713,0.1);
#13713 = AXIS2_PLACEMENT_3D('',#13714,#13715,#13716);
#13714 = CARTESIAN_POINT('',(0.782646706856,6.830890052356,1.1));
#13715 = DIRECTION('',(-1.,-0.,2.168404344971E-15));
#13716 = DIRECTION('',(-2.168404344971E-15,0.,-1.));
#13717 = SPHERICAL_SURFACE('',#13718,0.1);
#13718 = AXIS2_PLACEMENT_3D('',#13719,#13720,#13721);
#13719 = CARTESIAN_POINT('',(0.782646706856,6.830890052356,1.1));
#13720 = DIRECTION('',(0.,1.,0.));
#13721 = DIRECTION('',(1.,0.,0.));
#13722 = ADVANCED_FACE('',(#13723),#13734,.T.);
#13723 = FACE_BOUND('',#13724,.T.);
#13724 = EDGE_LOOP('',(#13725,#13726,#13727));
#13725 = ORIENTED_EDGE('',*,*,#13693,.T.);
#13726 = ORIENTED_EDGE('',*,*,#13675,.T.);
#13727 = ORIENTED_EDGE('',*,*,#13728,.F.);
#13728 = EDGE_CURVE('',#13242,#13450,#13729,.T.);
#13729 = CIRCLE('',#13730,0.1);
#13730 = AXIS2_PLACEMENT_3D('',#13731,#13732,#13733);
#13731 = CARTESIAN_POINT('',(-1.75,-1.469109947644,1.1));
#13732 = DIRECTION('',(-0.,1.,0.));
#13733 = DIRECTION('',(0.,0.,-1.));
#13734 = SPHERICAL_SURFACE('',#13735,0.1);
#13735 = AXIS2_PLACEMENT_3D('',#13736,#13737,#13738);
#13736 = CARTESIAN_POINT('',(-1.75,-1.469109947644,1.1));
#13737 = DIRECTION('',(0.,1.,0.));
#13738 = DIRECTION('',(1.,0.,0.));
#13739 = ADVANCED_FACE('',(#13740),#13752,.T.);
#13740 = FACE_BOUND('',#13741,.T.);
#13741 = EDGE_LOOP('',(#13742,#13743,#13744,#13751));
#13742 = ORIENTED_EDGE('',*,*,#13488,.F.);
#13743 = ORIENTED_EDGE('',*,*,#13201,.F.);
#13744 = ORIENTED_EDGE('',*,*,#13745,.F.);
#13745 = EDGE_CURVE('',#13402,#13194,#13746,.T.);
#13746 = CIRCLE('',#13747,0.1);
#13747 = AXIS2_PLACEMENT_3D('',#13748,#13749,#13750);
#13748 = CARTESIAN_POINT('',(-0.782646706856,6.830890052356,1.1));
#13749 = DIRECTION('',(0.,-0.,1.));
#13750 = DIRECTION('',(1.,0.,0.));
#13751 = ORIENTED_EDGE('',*,*,#13401,.F.);
#13752 = CYLINDRICAL_SURFACE('',#13753,0.1);
#13753 = AXIS2_PLACEMENT_3D('',#13754,#13755,#13756);
#13754 = CARTESIAN_POINT('',(-0.782646706856,6.830890052356,1.2));
#13755 = DIRECTION('',(0.,0.,-1.));
#13756 = DIRECTION('',(-1.,0.,0.));
#13757 = ADVANCED_FACE('',(#13758),#13770,.T.);
#13758 = FACE_BOUND('',#13759,.T.);
#13759 = EDGE_LOOP('',(#13760,#13761,#13762,#13769));
#13760 = ORIENTED_EDGE('',*,*,#13711,.T.);
#13761 = ORIENTED_EDGE('',*,*,#13409,.F.);
#13762 = ORIENTED_EDGE('',*,*,#13763,.F.);
#13763 = EDGE_CURVE('',#13434,#13402,#13764,.T.);
#13764 = CIRCLE('',#13765,0.1);
#13765 = AXIS2_PLACEMENT_3D('',#13766,#13767,#13768);
#13766 = CARTESIAN_POINT('',(-0.782646706856,6.830890052356,1.1));
#13767 = DIRECTION('',(-1.,-1.084202172486E-14,0.));
#13768 = DIRECTION('',(1.084202172486E-14,-1.,0.));
#13769 = ORIENTED_EDGE('',*,*,#13431,.F.);
#13770 = CYLINDRICAL_SURFACE('',#13771,0.1);
#13771 = AXIS2_PLACEMENT_3D('',#13772,#13773,#13774);
#13772 = CARTESIAN_POINT('',(0.,6.830890052356,1.1));
#13773 = DIRECTION('',(-1.,0.,0.));
#13774 = DIRECTION('',(0.,0.,1.));
#13775 = ADVANCED_FACE('',(#13776),#13788,.T.);
#13776 = FACE_BOUND('',#13777,.T.);
#13777 = EDGE_LOOP('',(#13778,#13779,#13780,#13787));
#13778 = ORIENTED_EDGE('',*,*,#13728,.T.);
#13779 = ORIENTED_EDGE('',*,*,#13449,.F.);
#13780 = ORIENTED_EDGE('',*,*,#13781,.F.);
#13781 = EDGE_CURVE('',#13250,#13442,#13782,.T.);
#13782 = CIRCLE('',#13783,0.1);
#13783 = AXIS2_PLACEMENT_3D('',#13784,#13785,#13786);
#13784 = CARTESIAN_POINT('',(-1.75,5.888694850977,1.1));
#13785 = DIRECTION('',(0.,1.,1.734723475977E-14));
#13786 = DIRECTION('',(0.,-1.734723475977E-14,1.));
#13787 = ORIENTED_EDGE('',*,*,#13249,.F.);
#13788 = CYLINDRICAL_SURFACE('',#13789,0.1);
#13789 = AXIS2_PLACEMENT_3D('',#13790,#13791,#13792);
#13790 = CARTESIAN_POINT('',(-1.75,0.,1.1));
#13791 = DIRECTION('',(0.,-1.,0.));
#13792 = DIRECTION('',(0.,0.,-1.));
#13793 = ADVANCED_FACE('',(#13794),#13806,.T.);
#13794 = FACE_BOUND('',#13795,.T.);
#13795 = EDGE_LOOP('',(#13796,#13797,#13798,#13805));
#13796 = ORIENTED_EDGE('',*,*,#13528,.F.);
#13797 = ORIENTED_EDGE('',*,*,#13257,.F.);
#13798 = ORIENTED_EDGE('',*,*,#13799,.F.);
#13799 = EDGE_CURVE('',#13192,#13250,#13800,.T.);
#13800 = CIRCLE('',#13801,0.1);
#13801 = AXIS2_PLACEMENT_3D('',#13802,#13803,#13804);
#13802 = CARTESIAN_POINT('',(-1.75,5.888694850977,1.1));
#13803 = DIRECTION('',(0.,0.,1.));
#13804 = DIRECTION('',(1.,0.,-0.));
#13805 = ORIENTED_EDGE('',*,*,#13217,.F.);
#13806 = CYLINDRICAL_SURFACE('',#13807,0.1);
#13807 = AXIS2_PLACEMENT_3D('',#13808,#13809,#13810);
#13808 = CARTESIAN_POINT('',(-1.75,5.888694850977,1.2));
#13809 = DIRECTION('',(0.,0.,-1.));
#13810 = DIRECTION('',(-1.,0.,0.));
#13811 = ADVANCED_FACE('',(#13812),#13823,.T.);
#13812 = FACE_BOUND('',#13813,.T.);
#13813 = EDGE_LOOP('',(#13814,#13815,#13816));
#13814 = ORIENTED_EDGE('',*,*,#13763,.T.);
#13815 = ORIENTED_EDGE('',*,*,#13745,.T.);
#13816 = ORIENTED_EDGE('',*,*,#13817,.F.);
#13817 = EDGE_CURVE('',#13434,#13194,#13818,.T.);
#13818 = CIRCLE('',#13819,0.1);
#13819 = AXIS2_PLACEMENT_3D('',#13820,#13821,#13822);
#13820 = CARTESIAN_POINT('',(-0.782646706856,6.830890052356,1.1));
#13821 = DIRECTION('',(-0.716360665963,-0.697730174395,6.99011811288E-15
    ));
#13822 = DIRECTION('',(-0.697730174395,0.716360665963,9.860761315263E-30
    ));
#13823 = SPHERICAL_SURFACE('',#13824,0.1);
#13824 = AXIS2_PLACEMENT_3D('',#13825,#13826,#13827);
#13825 = CARTESIAN_POINT('',(-0.782646706856,6.830890052356,1.1));
#13826 = DIRECTION('',(0.,1.,0.));
#13827 = DIRECTION('',(1.,0.,0.));
#13828 = ADVANCED_FACE('',(#13829),#13840,.T.);
#13829 = FACE_BOUND('',#13830,.T.);
#13830 = EDGE_LOOP('',(#13831,#13832,#13833));
#13831 = ORIENTED_EDGE('',*,*,#13799,.T.);
#13832 = ORIENTED_EDGE('',*,*,#13781,.T.);
#13833 = ORIENTED_EDGE('',*,*,#13834,.F.);
#13834 = EDGE_CURVE('',#13192,#13442,#13835,.T.);
#13835 = CIRCLE('',#13836,1.E-01);
#13836 = AXIS2_PLACEMENT_3D('',#13837,#13838,#13839);
#13837 = CARTESIAN_POINT('',(-1.75,5.888694850977,1.1));
#13838 = DIRECTION('',(0.716360665963,0.697730174395,0.));
#13839 = DIRECTION('',(0.697730174395,-0.716360665963,0.));
#13840 = SPHERICAL_SURFACE('',#13841,0.1);
#13841 = AXIS2_PLACEMENT_3D('',#13842,#13843,#13844);
#13842 = CARTESIAN_POINT('',(-1.75,5.888694850977,1.1));
#13843 = DIRECTION('',(0.,1.,0.));
#13844 = DIRECTION('',(1.,0.,0.));
#13845 = ADVANCED_FACE('',(#13846),#13852,.T.);
#13846 = FACE_BOUND('',#13847,.T.);
#13847 = EDGE_LOOP('',(#13848,#13849,#13850,#13851));
#13848 = ORIENTED_EDGE('',*,*,#13817,.T.);
#13849 = ORIENTED_EDGE('',*,*,#13191,.F.);
#13850 = ORIENTED_EDGE('',*,*,#13834,.T.);
#13851 = ORIENTED_EDGE('',*,*,#13441,.F.);
#13852 = CYLINDRICAL_SURFACE('',#13853,0.1);
#13853 = AXIS2_PLACEMENT_3D('',#13854,#13855,#13856);
#13854 = CARTESIAN_POINT('',(-3.79527340004,3.896613160984,1.1));
#13855 = DIRECTION('',(-0.716360665963,-0.697730174395,0.));
#13856 = DIRECTION('',(0.697730174395,-0.716360665963,0.));
#13857 = ( GEOMETRIC_REPRESENTATION_CONTEXT(3) 
GLOBAL_UNCERTAINTY_ASSIGNED_CONTEXT((#13861)) 
GLOBAL_UNIT_ASSIGNED_CONTEXT((#13858,#13859,#13860)) 
REPRESENTATION_CONTEXT('Context #1',
  '3D Context with UNIT and UNCERTAINTY') );
#13858 = ( LENGTH_UNIT() NAMED_UNIT(*) SI_UNIT(.MILLI.,.METRE.) );
#13859 = ( NAMED_UNIT(*) PLANE_ANGLE_UNIT() SI_UNIT($,.RADIAN.) );
#13860 = ( NAMED_UNIT(*) SI_UNIT($,.STERADIAN.) SOLID_ANGLE_UNIT() );
#13861 = UNCERTAINTY_MEASURE_WITH_UNIT(LENGTH_MEASURE(1.E-07),#13858,
  'distance_accuracy_value','confusion accuracy');
#13862 = CONTEXT_DEPENDENT_SHAPE_REPRESENTATION(#13863,#13865);
#13863 = ( REPRESENTATION_RELATIONSHIP('','',#13184,#7000) 
REPRESENTATION_RELATIONSHIP_WITH_TRANSFORMATION(#13864) 
SHAPE_REPRESENTATION_RELATIONSHIP() );
#13864 = ITEM_DEFINED_TRANSFORMATION('','',#11,#7021);
#13865 = PRODUCT_DEFINITION_SHAPE('Placement','Placement of an item',
  #13866);
#13866 = NEXT_ASSEMBLY_USAGE_OCCURRENCE('21','NAUO6','',#6995,#13179,$);
#13867 = PRODUCT_RELATED_PRODUCT_CATEGORY('part',$,(#13181));
#13868 = CONTEXT_DEPENDENT_SHAPE_REPRESENTATION(#13869,#13871);
#13869 = ( REPRESENTATION_RELATIONSHIP('','',#7067,#7000) 
REPRESENTATION_RELATIONSHIP_WITH_TRANSFORMATION(#13870) 
SHAPE_REPRESENTATION_RELATIONSHIP() );
#13870 = ITEM_DEFINED_TRANSFORMATION('','',#11,#7025);
#13871 = PRODUCT_DEFINITION_SHAPE('Placement','Placement of an item',
  #13872);
#13872 = NEXT_ASSEMBLY_USAGE_OCCURRENCE('22','NAUO7','',#6995,#7062,$);
#13873 = CONTEXT_DEPENDENT_SHAPE_REPRESENTATION(#13874,#13876);
#13874 = ( REPRESENTATION_RELATIONSHIP('','',#7067,#7000) 
REPRESENTATION_RELATIONSHIP_WITH_TRANSFORMATION(#13875) 
SHAPE_REPRESENTATION_RELATIONSHIP() );
#13875 = ITEM_DEFINED_TRANSFORMATION('','',#11,#7029);
#13876 = PRODUCT_DEFINITION_SHAPE('Placement','Placement of an item',
  #13877);
#13877 = NEXT_ASSEMBLY_USAGE_OCCURRENCE('23','NAUO8','',#6995,#7062,$);
#13878 = CONTEXT_DEPENDENT_SHAPE_REPRESENTATION(#13879,#13881);
#13879 = ( REPRESENTATION_RELATIONSHIP('','',#7067,#7000) 
REPRESENTATION_RELATIONSHIP_WITH_TRANSFORMATION(#13880) 
SHAPE_REPRESENTATION_RELATIONSHIP() );
#13880 = ITEM_DEFINED_TRANSFORMATION('','',#11,#7033);
#13881 = PRODUCT_DEFINITION_SHAPE('Placement','Placement of an item',
  #13882);
#13882 = NEXT_ASSEMBLY_USAGE_OCCURRENCE('24','NAUO9','',#6995,#7062,$);
#13883 = CONTEXT_DEPENDENT_SHAPE_REPRESENTATION(#13884,#13886);
#13884 = ( REPRESENTATION_RELATIONSHIP('','',#7067,#7000) 
REPRESENTATION_RELATIONSHIP_WITH_TRANSFORMATION(#13885) 
SHAPE_REPRESENTATION_RELATIONSHIP() );
#13885 = ITEM_DEFINED_TRANSFORMATION('','',#11,#7037);
#13886 = PRODUCT_DEFINITION_SHAPE('Placement','Placement of an item',
  #13887);
#13887 = NEXT_ASSEMBLY_USAGE_OCCURRENCE('25','NAUO10','',#6995,#7062,$);
#13888 = CONTEXT_DEPENDENT_SHAPE_REPRESENTATION(#13889,#13891);
#13889 = ( REPRESENTATION_RELATIONSHIP('','',#7067,#7000) 
REPRESENTATION_RELATIONSHIP_WITH_TRANSFORMATION(#13890) 
SHAPE_REPRESENTATION_RELATIONSHIP() );
#13890 = ITEM_DEFINED_TRANSFORMATION('','',#11,#7041);
#13891 = PRODUCT_DEFINITION_SHAPE('Placement','Placement of an item',
  #13892);
#13892 = NEXT_ASSEMBLY_USAGE_OCCURRENCE('26','NAUO11','',#6995,#7062,$);
#13893 = CONTEXT_DEPENDENT_SHAPE_REPRESENTATION(#13894,#13896);
#13894 = ( REPRESENTATION_RELATIONSHIP('','',#7067,#7000) 
REPRESENTATION_RELATIONSHIP_WITH_TRANSFORMATION(#13895) 
SHAPE_REPRESENTATION_RELATIONSHIP() );
#13895 = ITEM_DEFINED_TRANSFORMATION('','',#11,#7045);
#13896 = PRODUCT_DEFINITION_SHAPE('Placement','Placement of an item',
  #13897);
#13897 = NEXT_ASSEMBLY_USAGE_OCCURRENCE('27','NAUO12','',#6995,#7062,$);
#13898 = SHAPE_DEFINITION_REPRESENTATION(#13899,#13905);
#13899 = PRODUCT_DEFINITION_SHAPE('','',#13900);
#13900 = PRODUCT_DEFINITION('design','',#13901,#13904);
#13901 = PRODUCT_DEFINITION_FORMATION('','',#13902);
#13902 = PRODUCT('ORCATemplate_PCB','ORCATemplate_PCB','',(#13903));
#13903 = PRODUCT_CONTEXT('',#2,'mechanical');
#13904 = PRODUCT_DEFINITION_CONTEXT('part definition',#2,'design');
#13905 = ADVANCED_BREP_SHAPE_REPRESENTATION('',(#11,#13906),#15397);
#13906 = MANIFOLD_SOLID_BREP('',#13907);
#13907 = CLOSED_SHELL('',(#13908,#13948,#13979,#14010,#14400,#14790,
    #14807,#14824,#14841,#14858,#14870,#14887,#14904,#14921,#14938,
    #14955,#14972,#14989,#15006,#15023,#15040,#15057,#15074,#15091,
    #15108,#15125,#15142,#15159,#15176,#15193,#15210,#15227,#15244,
    #15261,#15278,#15295,#15312,#15329,#15346,#15363,#15380));
#13908 = ADVANCED_FACE('',(#13909),#13943,.T.);
#13909 = FACE_BOUND('',#13910,.T.);
#13910 = EDGE_LOOP('',(#13911,#13921,#13929,#13937));
#13911 = ORIENTED_EDGE('',*,*,#13912,.T.);
#13912 = EDGE_CURVE('',#13913,#13915,#13917,.T.);
#13913 = VERTEX_POINT('',#13914);
#13914 = CARTESIAN_POINT('',(168.,-72.,0.));
#13915 = VERTEX_POINT('',#13916);
#13916 = CARTESIAN_POINT('',(168.,-72.,1.51));
#13917 = LINE('',#13918,#13919);
#13918 = CARTESIAN_POINT('',(168.,-72.,0.));
#13919 = VECTOR('',#13920,1.);
#13920 = DIRECTION('',(0.,0.,1.));
#13921 = ORIENTED_EDGE('',*,*,#13922,.T.);
#13922 = EDGE_CURVE('',#13915,#13923,#13925,.T.);
#13923 = VERTEX_POINT('',#13924);
#13924 = CARTESIAN_POINT('',(168.,-143.,1.51));
#13925 = LINE('',#13926,#13927);
#13926 = CARTESIAN_POINT('',(168.,-72.,1.51));
#13927 = VECTOR('',#13928,1.);
#13928 = DIRECTION('',(0.,-1.,0.));
#13929 = ORIENTED_EDGE('',*,*,#13930,.F.);
#13930 = EDGE_CURVE('',#13931,#13923,#13933,.T.);
#13931 = VERTEX_POINT('',#13932);
#13932 = CARTESIAN_POINT('',(168.,-143.,0.));
#13933 = LINE('',#13934,#13935);
#13934 = CARTESIAN_POINT('',(168.,-143.,0.));
#13935 = VECTOR('',#13936,1.);
#13936 = DIRECTION('',(0.,0.,1.));
#13937 = ORIENTED_EDGE('',*,*,#13938,.F.);
#13938 = EDGE_CURVE('',#13913,#13931,#13939,.T.);
#13939 = LINE('',#13940,#13941);
#13940 = CARTESIAN_POINT('',(168.,-72.,0.));
#13941 = VECTOR('',#13942,1.);
#13942 = DIRECTION('',(0.,-1.,0.));
#13943 = PLANE('',#13944);
#13944 = AXIS2_PLACEMENT_3D('',#13945,#13946,#13947);
#13945 = CARTESIAN_POINT('',(168.,-72.,0.));
#13946 = DIRECTION('',(1.,0.,-0.));
#13947 = DIRECTION('',(0.,-1.,0.));
#13948 = ADVANCED_FACE('',(#13949),#13974,.T.);
#13949 = FACE_BOUND('',#13950,.T.);
#13950 = EDGE_LOOP('',(#13951,#13961,#13967,#13968));
#13951 = ORIENTED_EDGE('',*,*,#13952,.T.);
#13952 = EDGE_CURVE('',#13953,#13955,#13957,.T.);
#13953 = VERTEX_POINT('',#13954);
#13954 = CARTESIAN_POINT('',(166.,-70.,0.));
#13955 = VERTEX_POINT('',#13956);
#13956 = CARTESIAN_POINT('',(166.,-70.,1.51));
#13957 = LINE('',#13958,#13959);
#13958 = CARTESIAN_POINT('',(166.,-70.,0.));
#13959 = VECTOR('',#13960,1.);
#13960 = DIRECTION('',(0.,0.,1.));
#13961 = ORIENTED_EDGE('',*,*,#13962,.T.);
#13962 = EDGE_CURVE('',#13955,#13915,#13963,.T.);
#13963 = LINE('',#13964,#13965);
#13964 = CARTESIAN_POINT('',(166.,-70.,1.51));
#13965 = VECTOR('',#13966,1.);
#13966 = DIRECTION('',(0.707106781187,-0.707106781187,0.));
#13967 = ORIENTED_EDGE('',*,*,#13912,.F.);
#13968 = ORIENTED_EDGE('',*,*,#13969,.F.);
#13969 = EDGE_CURVE('',#13953,#13913,#13970,.T.);
#13970 = LINE('',#13971,#13972);
#13971 = CARTESIAN_POINT('',(166.,-70.,0.));
#13972 = VECTOR('',#13973,1.);
#13973 = DIRECTION('',(0.707106781187,-0.707106781187,0.));
#13974 = PLANE('',#13975);
#13975 = AXIS2_PLACEMENT_3D('',#13976,#13977,#13978);
#13976 = CARTESIAN_POINT('',(166.,-70.,0.));
#13977 = DIRECTION('',(0.707106781187,0.707106781187,-0.));
#13978 = DIRECTION('',(0.707106781187,-0.707106781187,0.));
#13979 = ADVANCED_FACE('',(#13980),#14005,.T.);
#13980 = FACE_BOUND('',#13981,.T.);
#13981 = EDGE_LOOP('',(#13982,#13983,#13991,#13999));
#13982 = ORIENTED_EDGE('',*,*,#13930,.T.);
#13983 = ORIENTED_EDGE('',*,*,#13984,.T.);
#13984 = EDGE_CURVE('',#13923,#13985,#13987,.T.);
#13985 = VERTEX_POINT('',#13986);
#13986 = CARTESIAN_POINT('',(166.,-145.,1.51));
#13987 = LINE('',#13988,#13989);
#13988 = CARTESIAN_POINT('',(168.,-143.,1.51));
#13989 = VECTOR('',#13990,1.);
#13990 = DIRECTION('',(-0.707106781187,-0.707106781187,0.));
#13991 = ORIENTED_EDGE('',*,*,#13992,.F.);
#13992 = EDGE_CURVE('',#13993,#13985,#13995,.T.);
#13993 = VERTEX_POINT('',#13994);
#13994 = CARTESIAN_POINT('',(166.,-145.,0.));
#13995 = LINE('',#13996,#13997);
#13996 = CARTESIAN_POINT('',(166.,-145.,0.));
#13997 = VECTOR('',#13998,1.);
#13998 = DIRECTION('',(0.,0.,1.));
#13999 = ORIENTED_EDGE('',*,*,#14000,.F.);
#14000 = EDGE_CURVE('',#13931,#13993,#14001,.T.);
#14001 = LINE('',#14002,#14003);
#14002 = CARTESIAN_POINT('',(168.,-143.,0.));
#14003 = VECTOR('',#14004,1.);
#14004 = DIRECTION('',(-0.707106781187,-0.707106781187,0.));
#14005 = PLANE('',#14006);
#14006 = AXIS2_PLACEMENT_3D('',#14007,#14008,#14009);
#14007 = CARTESIAN_POINT('',(168.,-143.,0.));
#14008 = DIRECTION('',(0.707106781187,-0.707106781187,0.));
#14009 = DIRECTION('',(-0.707106781187,-0.707106781187,0.));
#14010 = ADVANCED_FACE('',(#14011,#14054,#14065,#14076,#14087,#14098,
    #14109,#14120,#14131,#14142,#14153,#14164,#14175,#14186,#14197,
    #14208,#14219,#14230,#14241,#14252,#14263,#14274,#14285,#14296,
    #14307,#14318,#14329,#14340,#14351,#14362,#14373,#14384),#14395,.F.
  );
#14011 = FACE_BOUND('',#14012,.F.);
#14012 = EDGE_LOOP('',(#14013,#14014,#14015,#14023,#14031,#14039,#14047,
    #14053));
#14013 = ORIENTED_EDGE('',*,*,#13938,.F.);
#14014 = ORIENTED_EDGE('',*,*,#13969,.F.);
#14015 = ORIENTED_EDGE('',*,*,#14016,.F.);
#14016 = EDGE_CURVE('',#14017,#13953,#14019,.T.);
#14017 = VERTEX_POINT('',#14018);
#14018 = CARTESIAN_POINT('',(135.,-70.,0.));
#14019 = LINE('',#14020,#14021);
#14020 = CARTESIAN_POINT('',(135.,-70.,0.));
#14021 = VECTOR('',#14022,1.);
#14022 = DIRECTION('',(1.,0.,0.));
#14023 = ORIENTED_EDGE('',*,*,#14024,.F.);
#14024 = EDGE_CURVE('',#14025,#14017,#14027,.T.);
#14025 = VERTEX_POINT('',#14026);
#14026 = CARTESIAN_POINT('',(133.,-72.,0.));
#14027 = LINE('',#14028,#14029);
#14028 = CARTESIAN_POINT('',(133.,-72.,0.));
#14029 = VECTOR('',#14030,1.);
#14030 = DIRECTION('',(0.707106781187,0.707106781187,0.));
#14031 = ORIENTED_EDGE('',*,*,#14032,.F.);
#14032 = EDGE_CURVE('',#14033,#14025,#14035,.T.);
#14033 = VERTEX_POINT('',#14034);
#14034 = CARTESIAN_POINT('',(133.,-143.,0.));
#14035 = LINE('',#14036,#14037);
#14036 = CARTESIAN_POINT('',(133.,-143.,0.));
#14037 = VECTOR('',#14038,1.);
#14038 = DIRECTION('',(0.,1.,0.));
#14039 = ORIENTED_EDGE('',*,*,#14040,.F.);
#14040 = EDGE_CURVE('',#14041,#14033,#14043,.T.);
#14041 = VERTEX_POINT('',#14042);
#14042 = CARTESIAN_POINT('',(135.,-145.,0.));
#14043 = LINE('',#14044,#14045);
#14044 = CARTESIAN_POINT('',(135.,-145.,0.));
#14045 = VECTOR('',#14046,1.);
#14046 = DIRECTION('',(-0.707106781187,0.707106781187,0.));
#14047 = ORIENTED_EDGE('',*,*,#14048,.F.);
#14048 = EDGE_CURVE('',#13993,#14041,#14049,.T.);
#14049 = LINE('',#14050,#14051);
#14050 = CARTESIAN_POINT('',(166.,-145.,0.));
#14051 = VECTOR('',#14052,1.);
#14052 = DIRECTION('',(-1.,0.,0.));
#14053 = ORIENTED_EDGE('',*,*,#14000,.F.);
#14054 = FACE_BOUND('',#14055,.F.);
#14055 = EDGE_LOOP('',(#14056));
#14056 = ORIENTED_EDGE('',*,*,#14057,.T.);
#14057 = EDGE_CURVE('',#14058,#14058,#14060,.T.);
#14058 = VERTEX_POINT('',#14059);
#14059 = CARTESIAN_POINT('',(136.17,-129.67,0.));
#14060 = CIRCLE('',#14061,0.55);
#14061 = AXIS2_PLACEMENT_3D('',#14062,#14063,#14064);
#14062 = CARTESIAN_POINT('',(136.17,-129.12,0.));
#14063 = DIRECTION('',(-0.,0.,-1.));
#14064 = DIRECTION('',(-5.167583532801E-14,-1.,0.));
#14065 = FACE_BOUND('',#14066,.F.);
#14066 = EDGE_LOOP('',(#14067));
#14067 = ORIENTED_EDGE('',*,*,#14068,.T.);
#14068 = EDGE_CURVE('',#14069,#14069,#14071,.T.);
#14069 = VERTEX_POINT('',#14070);
#14070 = CARTESIAN_POINT('',(136.17,-127.13,0.));
#14071 = CIRCLE('',#14072,0.55);
#14072 = AXIS2_PLACEMENT_3D('',#14073,#14074,#14075);
#14073 = CARTESIAN_POINT('',(136.17,-126.58,0.));
#14074 = DIRECTION('',(-0.,0.,-1.));
#14075 = DIRECTION('',(-5.167583532801E-14,-1.,0.));
#14076 = FACE_BOUND('',#14077,.F.);
#14077 = EDGE_LOOP('',(#14078));
#14078 = ORIENTED_EDGE('',*,*,#14079,.T.);
#14079 = EDGE_CURVE('',#14080,#14080,#14082,.T.);
#14080 = VERTEX_POINT('',#14081);
#14081 = CARTESIAN_POINT('',(138.71,-129.67,0.));
#14082 = CIRCLE('',#14083,0.55);
#14083 = AXIS2_PLACEMENT_3D('',#14084,#14085,#14086);
#14084 = CARTESIAN_POINT('',(138.71,-129.12,0.));
#14085 = DIRECTION('',(-0.,0.,-1.));
#14086 = DIRECTION('',(5.1675835328E-14,-1.,-0.));
#14087 = FACE_BOUND('',#14088,.F.);
#14088 = EDGE_LOOP('',(#14089));
#14089 = ORIENTED_EDGE('',*,*,#14090,.T.);
#14090 = EDGE_CURVE('',#14091,#14091,#14093,.T.);
#14091 = VERTEX_POINT('',#14092);
#14092 = CARTESIAN_POINT('',(138.71,-127.13,0.));
#14093 = CIRCLE('',#14094,0.55);
#14094 = AXIS2_PLACEMENT_3D('',#14095,#14096,#14097);
#14095 = CARTESIAN_POINT('',(138.71,-126.58,0.));
#14096 = DIRECTION('',(-0.,0.,-1.));
#14097 = DIRECTION('',(5.1675835328E-14,-1.,-0.));
#14098 = FACE_BOUND('',#14099,.F.);
#14099 = EDGE_LOOP('',(#14100));
#14100 = ORIENTED_EDGE('',*,*,#14101,.T.);
#14101 = EDGE_CURVE('',#14102,#14102,#14104,.T.);
#14102 = VERTEX_POINT('',#14103);
#14103 = CARTESIAN_POINT('',(136.17,-124.59,0.));
#14104 = CIRCLE('',#14105,0.55);
#14105 = AXIS2_PLACEMENT_3D('',#14106,#14107,#14108);
#14106 = CARTESIAN_POINT('',(136.17,-124.04,0.));
#14107 = DIRECTION('',(-0.,0.,-1.));
#14108 = DIRECTION('',(-5.167583532801E-14,-1.,0.));
#14109 = FACE_BOUND('',#14110,.F.);
#14110 = EDGE_LOOP('',(#14111));
#14111 = ORIENTED_EDGE('',*,*,#14112,.T.);
#14112 = EDGE_CURVE('',#14113,#14113,#14115,.T.);
#14113 = VERTEX_POINT('',#14114);
#14114 = CARTESIAN_POINT('',(136.17,-122.05,0.));
#14115 = CIRCLE('',#14116,0.55);
#14116 = AXIS2_PLACEMENT_3D('',#14117,#14118,#14119);
#14117 = CARTESIAN_POINT('',(136.17,-121.5,0.));
#14118 = DIRECTION('',(-0.,0.,-1.));
#14119 = DIRECTION('',(-5.167583532801E-14,-1.,0.));
#14120 = FACE_BOUND('',#14121,.F.);
#14121 = EDGE_LOOP('',(#14122));
#14122 = ORIENTED_EDGE('',*,*,#14123,.T.);
#14123 = EDGE_CURVE('',#14124,#14124,#14126,.T.);
#14124 = VERTEX_POINT('',#14125);
#14125 = CARTESIAN_POINT('',(136.17,-119.51,0.));
#14126 = CIRCLE('',#14127,0.55);
#14127 = AXIS2_PLACEMENT_3D('',#14128,#14129,#14130);
#14128 = CARTESIAN_POINT('',(136.17,-118.96,0.));
#14129 = DIRECTION('',(-0.,0.,-1.));
#14130 = DIRECTION('',(-5.167583532801E-14,-1.,0.));
#14131 = FACE_BOUND('',#14132,.F.);
#14132 = EDGE_LOOP('',(#14133));
#14133 = ORIENTED_EDGE('',*,*,#14134,.T.);
#14134 = EDGE_CURVE('',#14135,#14135,#14137,.T.);
#14135 = VERTEX_POINT('',#14136);
#14136 = CARTESIAN_POINT('',(138.71,-124.59,0.));
#14137 = CIRCLE('',#14138,0.55);
#14138 = AXIS2_PLACEMENT_3D('',#14139,#14140,#14141);
#14139 = CARTESIAN_POINT('',(138.71,-124.04,0.));
#14140 = DIRECTION('',(-0.,0.,-1.));
#14141 = DIRECTION('',(5.1675835328E-14,-1.,-0.));
#14142 = FACE_BOUND('',#14143,.F.);
#14143 = EDGE_LOOP('',(#14144));
#14144 = ORIENTED_EDGE('',*,*,#14145,.T.);
#14145 = EDGE_CURVE('',#14146,#14146,#14148,.T.);
#14146 = VERTEX_POINT('',#14147);
#14147 = CARTESIAN_POINT('',(138.71,-122.05,0.));
#14148 = CIRCLE('',#14149,0.55);
#14149 = AXIS2_PLACEMENT_3D('',#14150,#14151,#14152);
#14150 = CARTESIAN_POINT('',(138.71,-121.5,0.));
#14151 = DIRECTION('',(-0.,0.,-1.));
#14152 = DIRECTION('',(5.167583532801E-14,-1.,-0.));
#14153 = FACE_BOUND('',#14154,.F.);
#14154 = EDGE_LOOP('',(#14155));
#14155 = ORIENTED_EDGE('',*,*,#14156,.T.);
#14156 = EDGE_CURVE('',#14157,#14157,#14159,.T.);
#14157 = VERTEX_POINT('',#14158);
#14158 = CARTESIAN_POINT('',(138.71,-119.51,0.));
#14159 = CIRCLE('',#14160,0.55);
#14160 = AXIS2_PLACEMENT_3D('',#14161,#14162,#14163);
#14161 = CARTESIAN_POINT('',(138.71,-118.96,0.));
#14162 = DIRECTION('',(-0.,0.,-1.));
#14163 = DIRECTION('',(5.1675835328E-14,-1.,-0.));
#14164 = FACE_BOUND('',#14165,.F.);
#14165 = EDGE_LOOP('',(#14166));
#14166 = ORIENTED_EDGE('',*,*,#14167,.T.);
#14167 = EDGE_CURVE('',#14168,#14168,#14170,.T.);
#14168 = VERTEX_POINT('',#14169);
#14169 = CARTESIAN_POINT('',(136.17,-109.3,0.));
#14170 = CIRCLE('',#14171,0.55);
#14171 = AXIS2_PLACEMENT_3D('',#14172,#14173,#14174);
#14172 = CARTESIAN_POINT('',(136.17,-108.75,0.));
#14173 = DIRECTION('',(-0.,0.,-1.));
#14174 = DIRECTION('',(-5.167583532801E-14,-1.,0.));
#14175 = FACE_BOUND('',#14176,.F.);
#14176 = EDGE_LOOP('',(#14177));
#14177 = ORIENTED_EDGE('',*,*,#14178,.T.);
#14178 = EDGE_CURVE('',#14179,#14179,#14181,.T.);
#14179 = VERTEX_POINT('',#14180);
#14180 = CARTESIAN_POINT('',(138.71,-109.3,0.));
#14181 = CIRCLE('',#14182,0.55);
#14182 = AXIS2_PLACEMENT_3D('',#14183,#14184,#14185);
#14183 = CARTESIAN_POINT('',(138.71,-108.75,0.));
#14184 = DIRECTION('',(-0.,0.,-1.));
#14185 = DIRECTION('',(5.167583532801E-14,-1.,-0.));
#14186 = FACE_BOUND('',#14187,.F.);
#14187 = EDGE_LOOP('',(#14188));
#14188 = ORIENTED_EDGE('',*,*,#14189,.T.);
#14189 = EDGE_CURVE('',#14190,#14190,#14192,.T.);
#14190 = VERTEX_POINT('',#14191);
#14191 = CARTESIAN_POINT('',(136.17,-106.76,0.));
#14192 = CIRCLE('',#14193,0.55);
#14193 = AXIS2_PLACEMENT_3D('',#14194,#14195,#14196);
#14194 = CARTESIAN_POINT('',(136.17,-106.21,0.));
#14195 = DIRECTION('',(-0.,0.,-1.));
#14196 = DIRECTION('',(-5.167583532801E-14,-1.,0.));
#14197 = FACE_BOUND('',#14198,.F.);
#14198 = EDGE_LOOP('',(#14199));
#14199 = ORIENTED_EDGE('',*,*,#14200,.T.);
#14200 = EDGE_CURVE('',#14201,#14201,#14203,.T.);
#14201 = VERTEX_POINT('',#14202);
#14202 = CARTESIAN_POINT('',(136.17,-104.22,0.));
#14203 = CIRCLE('',#14204,0.55);
#14204 = AXIS2_PLACEMENT_3D('',#14205,#14206,#14207);
#14205 = CARTESIAN_POINT('',(136.17,-103.67,0.));
#14206 = DIRECTION('',(-0.,0.,-1.));
#14207 = DIRECTION('',(-5.167583532801E-14,-1.,0.));
#14208 = FACE_BOUND('',#14209,.F.);
#14209 = EDGE_LOOP('',(#14210));
#14210 = ORIENTED_EDGE('',*,*,#14211,.T.);
#14211 = EDGE_CURVE('',#14212,#14212,#14214,.T.);
#14212 = VERTEX_POINT('',#14213);
#14213 = CARTESIAN_POINT('',(138.71,-106.76,0.));
#14214 = CIRCLE('',#14215,0.55);
#14215 = AXIS2_PLACEMENT_3D('',#14216,#14217,#14218);
#14216 = CARTESIAN_POINT('',(138.71,-106.21,0.));
#14217 = DIRECTION('',(-0.,0.,-1.));
#14218 = DIRECTION('',(5.1675835328E-14,-1.,-0.));
#14219 = FACE_BOUND('',#14220,.F.);
#14220 = EDGE_LOOP('',(#14221));
#14221 = ORIENTED_EDGE('',*,*,#14222,.T.);
#14222 = EDGE_CURVE('',#14223,#14223,#14225,.T.);
#14223 = VERTEX_POINT('',#14224);
#14224 = CARTESIAN_POINT('',(138.71,-104.22,0.));
#14225 = CIRCLE('',#14226,0.55);
#14226 = AXIS2_PLACEMENT_3D('',#14227,#14228,#14229);
#14227 = CARTESIAN_POINT('',(138.71,-103.67,0.));
#14228 = DIRECTION('',(-0.,0.,-1.));
#14229 = DIRECTION('',(5.1675835328E-14,-1.,-0.));
#14230 = FACE_BOUND('',#14231,.F.);
#14231 = EDGE_LOOP('',(#14232));
#14232 = ORIENTED_EDGE('',*,*,#14233,.T.);
#14233 = EDGE_CURVE('',#14234,#14234,#14236,.T.);
#14234 = VERTEX_POINT('',#14235);
#14235 = CARTESIAN_POINT('',(136.17,-101.68,0.));
#14236 = CIRCLE('',#14237,0.55);
#14237 = AXIS2_PLACEMENT_3D('',#14238,#14239,#14240);
#14238 = CARTESIAN_POINT('',(136.17,-101.13,0.));
#14239 = DIRECTION('',(-0.,0.,-1.));
#14240 = DIRECTION('',(-5.167583532801E-14,-1.,0.));
#14241 = FACE_BOUND('',#14242,.F.);
#14242 = EDGE_LOOP('',(#14243));
#14243 = ORIENTED_EDGE('',*,*,#14244,.T.);
#14244 = EDGE_CURVE('',#14245,#14245,#14247,.T.);
#14245 = VERTEX_POINT('',#14246);
#14246 = CARTESIAN_POINT('',(136.17,-99.14,0.));
#14247 = CIRCLE('',#14248,0.55);
#14248 = AXIS2_PLACEMENT_3D('',#14249,#14250,#14251);
#14249 = CARTESIAN_POINT('',(136.17,-98.59,0.));
#14250 = DIRECTION('',(-0.,0.,-1.));
#14251 = DIRECTION('',(-5.167583532801E-14,-1.,0.));
#14252 = FACE_BOUND('',#14253,.F.);
#14253 = EDGE_LOOP('',(#14254));
#14254 = ORIENTED_EDGE('',*,*,#14255,.T.);
#14255 = EDGE_CURVE('',#14256,#14256,#14258,.T.);
#14256 = VERTEX_POINT('',#14257);
#14257 = CARTESIAN_POINT('',(138.71,-101.68,0.));
#14258 = CIRCLE('',#14259,0.55);
#14259 = AXIS2_PLACEMENT_3D('',#14260,#14261,#14262);
#14260 = CARTESIAN_POINT('',(138.71,-101.13,0.));
#14261 = DIRECTION('',(-0.,0.,-1.));
#14262 = DIRECTION('',(5.1675835328E-14,-1.,-0.));
#14263 = FACE_BOUND('',#14264,.F.);
#14264 = EDGE_LOOP('',(#14265));
#14265 = ORIENTED_EDGE('',*,*,#14266,.T.);
#14266 = EDGE_CURVE('',#14267,#14267,#14269,.T.);
#14267 = VERTEX_POINT('',#14268);
#14268 = CARTESIAN_POINT('',(138.71,-99.14,0.));
#14269 = CIRCLE('',#14270,0.55);
#14270 = AXIS2_PLACEMENT_3D('',#14271,#14272,#14273);
#14271 = CARTESIAN_POINT('',(138.71,-98.59,0.));
#14272 = DIRECTION('',(-0.,0.,-1.));
#14273 = DIRECTION('',(5.167583532801E-14,-1.,-0.));
#14274 = FACE_BOUND('',#14275,.F.);
#14275 = EDGE_LOOP('',(#14276));
#14276 = ORIENTED_EDGE('',*,*,#14277,.T.);
#14277 = EDGE_CURVE('',#14278,#14278,#14280,.T.);
#14278 = VERTEX_POINT('',#14279);
#14279 = CARTESIAN_POINT('',(136.17,-96.6,0.));
#14280 = CIRCLE('',#14281,0.55);
#14281 = AXIS2_PLACEMENT_3D('',#14282,#14283,#14284);
#14282 = CARTESIAN_POINT('',(136.17,-96.05,0.));
#14283 = DIRECTION('',(-0.,0.,-1.));
#14284 = DIRECTION('',(-5.167583532801E-14,-1.,0.));
#14285 = FACE_BOUND('',#14286,.F.);
#14286 = EDGE_LOOP('',(#14287));
#14287 = ORIENTED_EDGE('',*,*,#14288,.T.);
#14288 = EDGE_CURVE('',#14289,#14289,#14291,.T.);
#14289 = VERTEX_POINT('',#14290);
#14290 = CARTESIAN_POINT('',(136.17,-94.06,0.));
#14291 = CIRCLE('',#14292,0.55);
#14292 = AXIS2_PLACEMENT_3D('',#14293,#14294,#14295);
#14293 = CARTESIAN_POINT('',(136.17,-93.51,0.));
#14294 = DIRECTION('',(-0.,0.,-1.));
#14295 = DIRECTION('',(-5.167583532801E-14,-1.,0.));
#14296 = FACE_BOUND('',#14297,.F.);
#14297 = EDGE_LOOP('',(#14298));
#14298 = ORIENTED_EDGE('',*,*,#14299,.T.);
#14299 = EDGE_CURVE('',#14300,#14300,#14302,.T.);
#14300 = VERTEX_POINT('',#14301);
#14301 = CARTESIAN_POINT('',(136.17,-91.52,0.));
#14302 = CIRCLE('',#14303,0.55);
#14303 = AXIS2_PLACEMENT_3D('',#14304,#14305,#14306);
#14304 = CARTESIAN_POINT('',(136.17,-90.97,0.));
#14305 = DIRECTION('',(-0.,0.,-1.));
#14306 = DIRECTION('',(-5.167583532801E-14,-1.,0.));
#14307 = FACE_BOUND('',#14308,.F.);
#14308 = EDGE_LOOP('',(#14309));
#14309 = ORIENTED_EDGE('',*,*,#14310,.T.);
#14310 = EDGE_CURVE('',#14311,#14311,#14313,.T.);
#14311 = VERTEX_POINT('',#14312);
#14312 = CARTESIAN_POINT('',(138.71,-96.6,0.));
#14313 = CIRCLE('',#14314,0.55);
#14314 = AXIS2_PLACEMENT_3D('',#14315,#14316,#14317);
#14315 = CARTESIAN_POINT('',(138.71,-96.05,0.));
#14316 = DIRECTION('',(-0.,0.,-1.));
#14317 = DIRECTION('',(5.1675835328E-14,-1.,-0.));
#14318 = FACE_BOUND('',#14319,.F.);
#14319 = EDGE_LOOP('',(#14320));
#14320 = ORIENTED_EDGE('',*,*,#14321,.T.);
#14321 = EDGE_CURVE('',#14322,#14322,#14324,.T.);
#14322 = VERTEX_POINT('',#14323);
#14323 = CARTESIAN_POINT('',(138.71,-94.06,0.));
#14324 = CIRCLE('',#14325,0.55);
#14325 = AXIS2_PLACEMENT_3D('',#14326,#14327,#14328);
#14326 = CARTESIAN_POINT('',(138.71,-93.51,0.));
#14327 = DIRECTION('',(-0.,0.,-1.));
#14328 = DIRECTION('',(5.1675835328E-14,-1.,-0.));
#14329 = FACE_BOUND('',#14330,.F.);
#14330 = EDGE_LOOP('',(#14331));
#14331 = ORIENTED_EDGE('',*,*,#14332,.T.);
#14332 = EDGE_CURVE('',#14333,#14333,#14335,.T.);
#14333 = VERTEX_POINT('',#14334);
#14334 = CARTESIAN_POINT('',(138.71,-91.52,0.));
#14335 = CIRCLE('',#14336,0.55);
#14336 = AXIS2_PLACEMENT_3D('',#14337,#14338,#14339);
#14337 = CARTESIAN_POINT('',(138.71,-90.97,0.));
#14338 = DIRECTION('',(-0.,0.,-1.));
#14339 = DIRECTION('',(5.167583532801E-14,-1.,-0.));
#14340 = FACE_BOUND('',#14341,.F.);
#14341 = EDGE_LOOP('',(#14342));
#14342 = ORIENTED_EDGE('',*,*,#14343,.T.);
#14343 = EDGE_CURVE('',#14344,#14344,#14346,.T.);
#14344 = VERTEX_POINT('',#14345);
#14345 = CARTESIAN_POINT('',(136.17,-88.98,0.));
#14346 = CIRCLE('',#14347,0.55);
#14347 = AXIS2_PLACEMENT_3D('',#14348,#14349,#14350);
#14348 = CARTESIAN_POINT('',(136.17,-88.43,0.));
#14349 = DIRECTION('',(-0.,0.,-1.));
#14350 = DIRECTION('',(-5.167583532801E-14,-1.,0.));
#14351 = FACE_BOUND('',#14352,.F.);
#14352 = EDGE_LOOP('',(#14353));
#14353 = ORIENTED_EDGE('',*,*,#14354,.T.);
#14354 = EDGE_CURVE('',#14355,#14355,#14357,.T.);
#14355 = VERTEX_POINT('',#14356);
#14356 = CARTESIAN_POINT('',(136.17,-86.44,0.));
#14357 = CIRCLE('',#14358,0.55);
#14358 = AXIS2_PLACEMENT_3D('',#14359,#14360,#14361);
#14359 = CARTESIAN_POINT('',(136.17,-85.89,0.));
#14360 = DIRECTION('',(-0.,0.,-1.));
#14361 = DIRECTION('',(-5.167583532801E-14,-1.,0.));
#14362 = FACE_BOUND('',#14363,.F.);
#14363 = EDGE_LOOP('',(#14364));
#14364 = ORIENTED_EDGE('',*,*,#14365,.T.);
#14365 = EDGE_CURVE('',#14366,#14366,#14368,.T.);
#14366 = VERTEX_POINT('',#14367);
#14367 = CARTESIAN_POINT('',(138.71,-88.98,0.));
#14368 = CIRCLE('',#14369,0.55);
#14369 = AXIS2_PLACEMENT_3D('',#14370,#14371,#14372);
#14370 = CARTESIAN_POINT('',(138.71,-88.43,0.));
#14371 = DIRECTION('',(-0.,0.,-1.));
#14372 = DIRECTION('',(5.167583532801E-14,-1.,-0.));
#14373 = FACE_BOUND('',#14374,.F.);
#14374 = EDGE_LOOP('',(#14375));
#14375 = ORIENTED_EDGE('',*,*,#14376,.T.);
#14376 = EDGE_CURVE('',#14377,#14377,#14379,.T.);
#14377 = VERTEX_POINT('',#14378);
#14378 = CARTESIAN_POINT('',(138.71,-86.44,0.));
#14379 = CIRCLE('',#14380,0.55);
#14380 = AXIS2_PLACEMENT_3D('',#14381,#14382,#14383);
#14381 = CARTESIAN_POINT('',(138.71,-85.89,0.));
#14382 = DIRECTION('',(-0.,0.,-1.));
#14383 = DIRECTION('',(5.1675835328E-14,-1.,-0.));
#14384 = FACE_BOUND('',#14385,.F.);
#14385 = EDGE_LOOP('',(#14386));
#14386 = ORIENTED_EDGE('',*,*,#14387,.F.);
#14387 = EDGE_CURVE('',#14388,#14388,#14390,.T.);
#14388 = VERTEX_POINT('',#14389);
#14389 = CARTESIAN_POINT('',(152.75,-107.5,0.));
#14390 = CIRCLE('',#14391,2.25);
#14391 = AXIS2_PLACEMENT_3D('',#14392,#14393,#14394);
#14392 = CARTESIAN_POINT('',(150.5,-107.5,0.));
#14393 = DIRECTION('',(0.,0.,1.));
#14394 = DIRECTION('',(1.,0.,-0.));
#14395 = PLANE('',#14396);
#14396 = AXIS2_PLACEMENT_3D('',#14397,#14398,#14399);
#14397 = CARTESIAN_POINT('',(0.,0.,0.));
#14398 = DIRECTION('',(0.,0.,1.));
#14399 = DIRECTION('',(1.,0.,-0.));
#14400 = ADVANCED_FACE('',(#14401,#14444,#14455,#14466,#14477,#14488,
    #14499,#14510,#14521,#14532,#14543,#14554,#14565,#14576,#14587,
    #14598,#14609,#14620,#14631,#14642,#14653,#14664,#14675,#14686,
    #14697,#14708,#14719,#14730,#14741,#14752,#14763,#14774),#14785,.T.
  );
#14401 = FACE_BOUND('',#14402,.T.);
#14402 = EDGE_LOOP('',(#14403,#14404,#14405,#14413,#14421,#14429,#14437,
    #14443));
#14403 = ORIENTED_EDGE('',*,*,#13922,.F.);
#14404 = ORIENTED_EDGE('',*,*,#13962,.F.);
#14405 = ORIENTED_EDGE('',*,*,#14406,.F.);
#14406 = EDGE_CURVE('',#14407,#13955,#14409,.T.);
#14407 = VERTEX_POINT('',#14408);
#14408 = CARTESIAN_POINT('',(135.,-70.,1.51));
#14409 = LINE('',#14410,#14411);
#14410 = CARTESIAN_POINT('',(135.,-70.,1.51));
#14411 = VECTOR('',#14412,1.);
#14412 = DIRECTION('',(1.,0.,0.));
#14413 = ORIENTED_EDGE('',*,*,#14414,.F.);
#14414 = EDGE_CURVE('',#14415,#14407,#14417,.T.);
#14415 = VERTEX_POINT('',#14416);
#14416 = CARTESIAN_POINT('',(133.,-72.,1.51));
#14417 = LINE('',#14418,#14419);
#14418 = CARTESIAN_POINT('',(133.,-72.,1.51));
#14419 = VECTOR('',#14420,1.);
#14420 = DIRECTION('',(0.707106781187,0.707106781187,0.));
#14421 = ORIENTED_EDGE('',*,*,#14422,.F.);
#14422 = EDGE_CURVE('',#14423,#14415,#14425,.T.);
#14423 = VERTEX_POINT('',#14424);
#14424 = CARTESIAN_POINT('',(133.,-143.,1.51));
#14425 = LINE('',#14426,#14427);
#14426 = CARTESIAN_POINT('',(133.,-143.,1.51));
#14427 = VECTOR('',#14428,1.);
#14428 = DIRECTION('',(0.,1.,0.));
#14429 = ORIENTED_EDGE('',*,*,#14430,.F.);
#14430 = EDGE_CURVE('',#14431,#14423,#14433,.T.);
#14431 = VERTEX_POINT('',#14432);
#14432 = CARTESIAN_POINT('',(135.,-145.,1.51));
#14433 = LINE('',#14434,#14435);
#14434 = CARTESIAN_POINT('',(135.,-145.,1.51));
#14435 = VECTOR('',#14436,1.);
#14436 = DIRECTION('',(-0.707106781187,0.707106781187,0.));
#14437 = ORIENTED_EDGE('',*,*,#14438,.F.);
#14438 = EDGE_CURVE('',#13985,#14431,#14439,.T.);
#14439 = LINE('',#14440,#14441);
#14440 = CARTESIAN_POINT('',(166.,-145.,1.51));
#14441 = VECTOR('',#14442,1.);
#14442 = DIRECTION('',(-1.,0.,0.));
#14443 = ORIENTED_EDGE('',*,*,#13984,.F.);
#14444 = FACE_BOUND('',#14445,.T.);
#14445 = EDGE_LOOP('',(#14446));
#14446 = ORIENTED_EDGE('',*,*,#14447,.T.);
#14447 = EDGE_CURVE('',#14448,#14448,#14450,.T.);
#14448 = VERTEX_POINT('',#14449);
#14449 = CARTESIAN_POINT('',(136.17,-129.67,1.51));
#14450 = CIRCLE('',#14451,0.55);
#14451 = AXIS2_PLACEMENT_3D('',#14452,#14453,#14454);
#14452 = CARTESIAN_POINT('',(136.17,-129.12,1.51));
#14453 = DIRECTION('',(-0.,0.,-1.));
#14454 = DIRECTION('',(-5.167583532801E-14,-1.,0.));
#14455 = FACE_BOUND('',#14456,.T.);
#14456 = EDGE_LOOP('',(#14457));
#14457 = ORIENTED_EDGE('',*,*,#14458,.T.);
#14458 = EDGE_CURVE('',#14459,#14459,#14461,.T.);
#14459 = VERTEX_POINT('',#14460);
#14460 = CARTESIAN_POINT('',(136.17,-127.13,1.51));
#14461 = CIRCLE('',#14462,0.55);
#14462 = AXIS2_PLACEMENT_3D('',#14463,#14464,#14465);
#14463 = CARTESIAN_POINT('',(136.17,-126.58,1.51));
#14464 = DIRECTION('',(-0.,0.,-1.));
#14465 = DIRECTION('',(-5.167583532801E-14,-1.,0.));
#14466 = FACE_BOUND('',#14467,.T.);
#14467 = EDGE_LOOP('',(#14468));
#14468 = ORIENTED_EDGE('',*,*,#14469,.T.);
#14469 = EDGE_CURVE('',#14470,#14470,#14472,.T.);
#14470 = VERTEX_POINT('',#14471);
#14471 = CARTESIAN_POINT('',(138.71,-129.67,1.51));
#14472 = CIRCLE('',#14473,0.55);
#14473 = AXIS2_PLACEMENT_3D('',#14474,#14475,#14476);
#14474 = CARTESIAN_POINT('',(138.71,-129.12,1.51));
#14475 = DIRECTION('',(-0.,0.,-1.));
#14476 = DIRECTION('',(5.1675835328E-14,-1.,-0.));
#14477 = FACE_BOUND('',#14478,.T.);
#14478 = EDGE_LOOP('',(#14479));
#14479 = ORIENTED_EDGE('',*,*,#14480,.T.);
#14480 = EDGE_CURVE('',#14481,#14481,#14483,.T.);
#14481 = VERTEX_POINT('',#14482);
#14482 = CARTESIAN_POINT('',(138.71,-127.13,1.51));
#14483 = CIRCLE('',#14484,0.55);
#14484 = AXIS2_PLACEMENT_3D('',#14485,#14486,#14487);
#14485 = CARTESIAN_POINT('',(138.71,-126.58,1.51));
#14486 = DIRECTION('',(-0.,0.,-1.));
#14487 = DIRECTION('',(5.1675835328E-14,-1.,-0.));
#14488 = FACE_BOUND('',#14489,.T.);
#14489 = EDGE_LOOP('',(#14490));
#14490 = ORIENTED_EDGE('',*,*,#14491,.T.);
#14491 = EDGE_CURVE('',#14492,#14492,#14494,.T.);
#14492 = VERTEX_POINT('',#14493);
#14493 = CARTESIAN_POINT('',(136.17,-124.59,1.51));
#14494 = CIRCLE('',#14495,0.55);
#14495 = AXIS2_PLACEMENT_3D('',#14496,#14497,#14498);
#14496 = CARTESIAN_POINT('',(136.17,-124.04,1.51));
#14497 = DIRECTION('',(-0.,0.,-1.));
#14498 = DIRECTION('',(-5.167583532801E-14,-1.,0.));
#14499 = FACE_BOUND('',#14500,.T.);
#14500 = EDGE_LOOP('',(#14501));
#14501 = ORIENTED_EDGE('',*,*,#14502,.T.);
#14502 = EDGE_CURVE('',#14503,#14503,#14505,.T.);
#14503 = VERTEX_POINT('',#14504);
#14504 = CARTESIAN_POINT('',(136.17,-122.05,1.51));
#14505 = CIRCLE('',#14506,0.55);
#14506 = AXIS2_PLACEMENT_3D('',#14507,#14508,#14509);
#14507 = CARTESIAN_POINT('',(136.17,-121.5,1.51));
#14508 = DIRECTION('',(-0.,0.,-1.));
#14509 = DIRECTION('',(-5.167583532801E-14,-1.,0.));
#14510 = FACE_BOUND('',#14511,.T.);
#14511 = EDGE_LOOP('',(#14512));
#14512 = ORIENTED_EDGE('',*,*,#14513,.T.);
#14513 = EDGE_CURVE('',#14514,#14514,#14516,.T.);
#14514 = VERTEX_POINT('',#14515);
#14515 = CARTESIAN_POINT('',(136.17,-119.51,1.51));
#14516 = CIRCLE('',#14517,0.55);
#14517 = AXIS2_PLACEMENT_3D('',#14518,#14519,#14520);
#14518 = CARTESIAN_POINT('',(136.17,-118.96,1.51));
#14519 = DIRECTION('',(-0.,0.,-1.));
#14520 = DIRECTION('',(-5.167583532801E-14,-1.,0.));
#14521 = FACE_BOUND('',#14522,.T.);
#14522 = EDGE_LOOP('',(#14523));
#14523 = ORIENTED_EDGE('',*,*,#14524,.T.);
#14524 = EDGE_CURVE('',#14525,#14525,#14527,.T.);
#14525 = VERTEX_POINT('',#14526);
#14526 = CARTESIAN_POINT('',(138.71,-124.59,1.51));
#14527 = CIRCLE('',#14528,0.55);
#14528 = AXIS2_PLACEMENT_3D('',#14529,#14530,#14531);
#14529 = CARTESIAN_POINT('',(138.71,-124.04,1.51));
#14530 = DIRECTION('',(-0.,0.,-1.));
#14531 = DIRECTION('',(5.1675835328E-14,-1.,-0.));
#14532 = FACE_BOUND('',#14533,.T.);
#14533 = EDGE_LOOP('',(#14534));
#14534 = ORIENTED_EDGE('',*,*,#14535,.T.);
#14535 = EDGE_CURVE('',#14536,#14536,#14538,.T.);
#14536 = VERTEX_POINT('',#14537);
#14537 = CARTESIAN_POINT('',(138.71,-122.05,1.51));
#14538 = CIRCLE('',#14539,0.55);
#14539 = AXIS2_PLACEMENT_3D('',#14540,#14541,#14542);
#14540 = CARTESIAN_POINT('',(138.71,-121.5,1.51));
#14541 = DIRECTION('',(-0.,0.,-1.));
#14542 = DIRECTION('',(5.167583532801E-14,-1.,-0.));
#14543 = FACE_BOUND('',#14544,.T.);
#14544 = EDGE_LOOP('',(#14545));
#14545 = ORIENTED_EDGE('',*,*,#14546,.T.);
#14546 = EDGE_CURVE('',#14547,#14547,#14549,.T.);
#14547 = VERTEX_POINT('',#14548);
#14548 = CARTESIAN_POINT('',(138.71,-119.51,1.51));
#14549 = CIRCLE('',#14550,0.55);
#14550 = AXIS2_PLACEMENT_3D('',#14551,#14552,#14553);
#14551 = CARTESIAN_POINT('',(138.71,-118.96,1.51));
#14552 = DIRECTION('',(-0.,0.,-1.));
#14553 = DIRECTION('',(5.1675835328E-14,-1.,-0.));
#14554 = FACE_BOUND('',#14555,.T.);
#14555 = EDGE_LOOP('',(#14556));
#14556 = ORIENTED_EDGE('',*,*,#14557,.T.);
#14557 = EDGE_CURVE('',#14558,#14558,#14560,.T.);
#14558 = VERTEX_POINT('',#14559);
#14559 = CARTESIAN_POINT('',(136.17,-109.3,1.51));
#14560 = CIRCLE('',#14561,0.55);
#14561 = AXIS2_PLACEMENT_3D('',#14562,#14563,#14564);
#14562 = CARTESIAN_POINT('',(136.17,-108.75,1.51));
#14563 = DIRECTION('',(-0.,0.,-1.));
#14564 = DIRECTION('',(-5.167583532801E-14,-1.,0.));
#14565 = FACE_BOUND('',#14566,.T.);
#14566 = EDGE_LOOP('',(#14567));
#14567 = ORIENTED_EDGE('',*,*,#14568,.T.);
#14568 = EDGE_CURVE('',#14569,#14569,#14571,.T.);
#14569 = VERTEX_POINT('',#14570);
#14570 = CARTESIAN_POINT('',(138.71,-109.3,1.51));
#14571 = CIRCLE('',#14572,0.55);
#14572 = AXIS2_PLACEMENT_3D('',#14573,#14574,#14575);
#14573 = CARTESIAN_POINT('',(138.71,-108.75,1.51));
#14574 = DIRECTION('',(-0.,0.,-1.));
#14575 = DIRECTION('',(5.167583532801E-14,-1.,-0.));
#14576 = FACE_BOUND('',#14577,.T.);
#14577 = EDGE_LOOP('',(#14578));
#14578 = ORIENTED_EDGE('',*,*,#14579,.T.);
#14579 = EDGE_CURVE('',#14580,#14580,#14582,.T.);
#14580 = VERTEX_POINT('',#14581);
#14581 = CARTESIAN_POINT('',(136.17,-106.76,1.51));
#14582 = CIRCLE('',#14583,0.55);
#14583 = AXIS2_PLACEMENT_3D('',#14584,#14585,#14586);
#14584 = CARTESIAN_POINT('',(136.17,-106.21,1.51));
#14585 = DIRECTION('',(-0.,0.,-1.));
#14586 = DIRECTION('',(-5.167583532801E-14,-1.,0.));
#14587 = FACE_BOUND('',#14588,.T.);
#14588 = EDGE_LOOP('',(#14589));
#14589 = ORIENTED_EDGE('',*,*,#14590,.T.);
#14590 = EDGE_CURVE('',#14591,#14591,#14593,.T.);
#14591 = VERTEX_POINT('',#14592);
#14592 = CARTESIAN_POINT('',(136.17,-104.22,1.51));
#14593 = CIRCLE('',#14594,0.55);
#14594 = AXIS2_PLACEMENT_3D('',#14595,#14596,#14597);
#14595 = CARTESIAN_POINT('',(136.17,-103.67,1.51));
#14596 = DIRECTION('',(-0.,0.,-1.));
#14597 = DIRECTION('',(-5.167583532801E-14,-1.,0.));
#14598 = FACE_BOUND('',#14599,.T.);
#14599 = EDGE_LOOP('',(#14600));
#14600 = ORIENTED_EDGE('',*,*,#14601,.T.);
#14601 = EDGE_CURVE('',#14602,#14602,#14604,.T.);
#14602 = VERTEX_POINT('',#14603);
#14603 = CARTESIAN_POINT('',(138.71,-106.76,1.51));
#14604 = CIRCLE('',#14605,0.55);
#14605 = AXIS2_PLACEMENT_3D('',#14606,#14607,#14608);
#14606 = CARTESIAN_POINT('',(138.71,-106.21,1.51));
#14607 = DIRECTION('',(-0.,0.,-1.));
#14608 = DIRECTION('',(5.1675835328E-14,-1.,-0.));
#14609 = FACE_BOUND('',#14610,.T.);
#14610 = EDGE_LOOP('',(#14611));
#14611 = ORIENTED_EDGE('',*,*,#14612,.T.);
#14612 = EDGE_CURVE('',#14613,#14613,#14615,.T.);
#14613 = VERTEX_POINT('',#14614);
#14614 = CARTESIAN_POINT('',(138.71,-104.22,1.51));
#14615 = CIRCLE('',#14616,0.55);
#14616 = AXIS2_PLACEMENT_3D('',#14617,#14618,#14619);
#14617 = CARTESIAN_POINT('',(138.71,-103.67,1.51));
#14618 = DIRECTION('',(-0.,0.,-1.));
#14619 = DIRECTION('',(5.1675835328E-14,-1.,-0.));
#14620 = FACE_BOUND('',#14621,.T.);
#14621 = EDGE_LOOP('',(#14622));
#14622 = ORIENTED_EDGE('',*,*,#14623,.T.);
#14623 = EDGE_CURVE('',#14624,#14624,#14626,.T.);
#14624 = VERTEX_POINT('',#14625);
#14625 = CARTESIAN_POINT('',(136.17,-101.68,1.51));
#14626 = CIRCLE('',#14627,0.55);
#14627 = AXIS2_PLACEMENT_3D('',#14628,#14629,#14630);
#14628 = CARTESIAN_POINT('',(136.17,-101.13,1.51));
#14629 = DIRECTION('',(-0.,0.,-1.));
#14630 = DIRECTION('',(-5.167583532801E-14,-1.,0.));
#14631 = FACE_BOUND('',#14632,.T.);
#14632 = EDGE_LOOP('',(#14633));
#14633 = ORIENTED_EDGE('',*,*,#14634,.T.);
#14634 = EDGE_CURVE('',#14635,#14635,#14637,.T.);
#14635 = VERTEX_POINT('',#14636);
#14636 = CARTESIAN_POINT('',(136.17,-99.14,1.51));
#14637 = CIRCLE('',#14638,0.55);
#14638 = AXIS2_PLACEMENT_3D('',#14639,#14640,#14641);
#14639 = CARTESIAN_POINT('',(136.17,-98.59,1.51));
#14640 = DIRECTION('',(-0.,0.,-1.));
#14641 = DIRECTION('',(-5.167583532801E-14,-1.,0.));
#14642 = FACE_BOUND('',#14643,.T.);
#14643 = EDGE_LOOP('',(#14644));
#14644 = ORIENTED_EDGE('',*,*,#14645,.T.);
#14645 = EDGE_CURVE('',#14646,#14646,#14648,.T.);
#14646 = VERTEX_POINT('',#14647);
#14647 = CARTESIAN_POINT('',(138.71,-101.68,1.51));
#14648 = CIRCLE('',#14649,0.55);
#14649 = AXIS2_PLACEMENT_3D('',#14650,#14651,#14652);
#14650 = CARTESIAN_POINT('',(138.71,-101.13,1.51));
#14651 = DIRECTION('',(-0.,0.,-1.));
#14652 = DIRECTION('',(5.1675835328E-14,-1.,-0.));
#14653 = FACE_BOUND('',#14654,.T.);
#14654 = EDGE_LOOP('',(#14655));
#14655 = ORIENTED_EDGE('',*,*,#14656,.T.);
#14656 = EDGE_CURVE('',#14657,#14657,#14659,.T.);
#14657 = VERTEX_POINT('',#14658);
#14658 = CARTESIAN_POINT('',(138.71,-99.14,1.51));
#14659 = CIRCLE('',#14660,0.55);
#14660 = AXIS2_PLACEMENT_3D('',#14661,#14662,#14663);
#14661 = CARTESIAN_POINT('',(138.71,-98.59,1.51));
#14662 = DIRECTION('',(-0.,0.,-1.));
#14663 = DIRECTION('',(5.167583532801E-14,-1.,-0.));
#14664 = FACE_BOUND('',#14665,.T.);
#14665 = EDGE_LOOP('',(#14666));
#14666 = ORIENTED_EDGE('',*,*,#14667,.T.);
#14667 = EDGE_CURVE('',#14668,#14668,#14670,.T.);
#14668 = VERTEX_POINT('',#14669);
#14669 = CARTESIAN_POINT('',(136.17,-96.6,1.51));
#14670 = CIRCLE('',#14671,0.55);
#14671 = AXIS2_PLACEMENT_3D('',#14672,#14673,#14674);
#14672 = CARTESIAN_POINT('',(136.17,-96.05,1.51));
#14673 = DIRECTION('',(-0.,0.,-1.));
#14674 = DIRECTION('',(-5.167583532801E-14,-1.,0.));
#14675 = FACE_BOUND('',#14676,.T.);
#14676 = EDGE_LOOP('',(#14677));
#14677 = ORIENTED_EDGE('',*,*,#14678,.T.);
#14678 = EDGE_CURVE('',#14679,#14679,#14681,.T.);
#14679 = VERTEX_POINT('',#14680);
#14680 = CARTESIAN_POINT('',(136.17,-94.06,1.51));
#14681 = CIRCLE('',#14682,0.55);
#14682 = AXIS2_PLACEMENT_3D('',#14683,#14684,#14685);
#14683 = CARTESIAN_POINT('',(136.17,-93.51,1.51));
#14684 = DIRECTION('',(-0.,0.,-1.));
#14685 = DIRECTION('',(-5.167583532801E-14,-1.,0.));
#14686 = FACE_BOUND('',#14687,.T.);
#14687 = EDGE_LOOP('',(#14688));
#14688 = ORIENTED_EDGE('',*,*,#14689,.T.);
#14689 = EDGE_CURVE('',#14690,#14690,#14692,.T.);
#14690 = VERTEX_POINT('',#14691);
#14691 = CARTESIAN_POINT('',(136.17,-91.52,1.51));
#14692 = CIRCLE('',#14693,0.55);
#14693 = AXIS2_PLACEMENT_3D('',#14694,#14695,#14696);
#14694 = CARTESIAN_POINT('',(136.17,-90.97,1.51));
#14695 = DIRECTION('',(-0.,0.,-1.));
#14696 = DIRECTION('',(-5.167583532801E-14,-1.,0.));
#14697 = FACE_BOUND('',#14698,.T.);
#14698 = EDGE_LOOP('',(#14699));
#14699 = ORIENTED_EDGE('',*,*,#14700,.T.);
#14700 = EDGE_CURVE('',#14701,#14701,#14703,.T.);
#14701 = VERTEX_POINT('',#14702);
#14702 = CARTESIAN_POINT('',(138.71,-96.6,1.51));
#14703 = CIRCLE('',#14704,0.55);
#14704 = AXIS2_PLACEMENT_3D('',#14705,#14706,#14707);
#14705 = CARTESIAN_POINT('',(138.71,-96.05,1.51));
#14706 = DIRECTION('',(-0.,0.,-1.));
#14707 = DIRECTION('',(5.1675835328E-14,-1.,-0.));
#14708 = FACE_BOUND('',#14709,.T.);
#14709 = EDGE_LOOP('',(#14710));
#14710 = ORIENTED_EDGE('',*,*,#14711,.T.);
#14711 = EDGE_CURVE('',#14712,#14712,#14714,.T.);
#14712 = VERTEX_POINT('',#14713);
#14713 = CARTESIAN_POINT('',(138.71,-94.06,1.51));
#14714 = CIRCLE('',#14715,0.55);
#14715 = AXIS2_PLACEMENT_3D('',#14716,#14717,#14718);
#14716 = CARTESIAN_POINT('',(138.71,-93.51,1.51));
#14717 = DIRECTION('',(-0.,0.,-1.));
#14718 = DIRECTION('',(5.1675835328E-14,-1.,-0.));
#14719 = FACE_BOUND('',#14720,.T.);
#14720 = EDGE_LOOP('',(#14721));
#14721 = ORIENTED_EDGE('',*,*,#14722,.T.);
#14722 = EDGE_CURVE('',#14723,#14723,#14725,.T.);
#14723 = VERTEX_POINT('',#14724);
#14724 = CARTESIAN_POINT('',(138.71,-91.52,1.51));
#14725 = CIRCLE('',#14726,0.55);
#14726 = AXIS2_PLACEMENT_3D('',#14727,#14728,#14729);
#14727 = CARTESIAN_POINT('',(138.71,-90.97,1.51));
#14728 = DIRECTION('',(-0.,0.,-1.));
#14729 = DIRECTION('',(5.167583532801E-14,-1.,-0.));
#14730 = FACE_BOUND('',#14731,.T.);
#14731 = EDGE_LOOP('',(#14732));
#14732 = ORIENTED_EDGE('',*,*,#14733,.T.);
#14733 = EDGE_CURVE('',#14734,#14734,#14736,.T.);
#14734 = VERTEX_POINT('',#14735);
#14735 = CARTESIAN_POINT('',(136.17,-88.98,1.51));
#14736 = CIRCLE('',#14737,0.55);
#14737 = AXIS2_PLACEMENT_3D('',#14738,#14739,#14740);
#14738 = CARTESIAN_POINT('',(136.17,-88.43,1.51));
#14739 = DIRECTION('',(-0.,0.,-1.));
#14740 = DIRECTION('',(-5.167583532801E-14,-1.,0.));
#14741 = FACE_BOUND('',#14742,.T.);
#14742 = EDGE_LOOP('',(#14743));
#14743 = ORIENTED_EDGE('',*,*,#14744,.T.);
#14744 = EDGE_CURVE('',#14745,#14745,#14747,.T.);
#14745 = VERTEX_POINT('',#14746);
#14746 = CARTESIAN_POINT('',(136.17,-86.44,1.51));
#14747 = CIRCLE('',#14748,0.55);
#14748 = AXIS2_PLACEMENT_3D('',#14749,#14750,#14751);
#14749 = CARTESIAN_POINT('',(136.17,-85.89,1.51));
#14750 = DIRECTION('',(-0.,0.,-1.));
#14751 = DIRECTION('',(-5.167583532801E-14,-1.,0.));
#14752 = FACE_BOUND('',#14753,.T.);
#14753 = EDGE_LOOP('',(#14754));
#14754 = ORIENTED_EDGE('',*,*,#14755,.T.);
#14755 = EDGE_CURVE('',#14756,#14756,#14758,.T.);
#14756 = VERTEX_POINT('',#14757);
#14757 = CARTESIAN_POINT('',(138.71,-88.98,1.51));
#14758 = CIRCLE('',#14759,0.55);
#14759 = AXIS2_PLACEMENT_3D('',#14760,#14761,#14762);
#14760 = CARTESIAN_POINT('',(138.71,-88.43,1.51));
#14761 = DIRECTION('',(-0.,0.,-1.));
#14762 = DIRECTION('',(5.167583532801E-14,-1.,-0.));
#14763 = FACE_BOUND('',#14764,.T.);
#14764 = EDGE_LOOP('',(#14765));
#14765 = ORIENTED_EDGE('',*,*,#14766,.T.);
#14766 = EDGE_CURVE('',#14767,#14767,#14769,.T.);
#14767 = VERTEX_POINT('',#14768);
#14768 = CARTESIAN_POINT('',(138.71,-86.44,1.51));
#14769 = CIRCLE('',#14770,0.55);
#14770 = AXIS2_PLACEMENT_3D('',#14771,#14772,#14773);
#14771 = CARTESIAN_POINT('',(138.71,-85.89,1.51));
#14772 = DIRECTION('',(-0.,0.,-1.));
#14773 = DIRECTION('',(5.1675835328E-14,-1.,-0.));
#14774 = FACE_BOUND('',#14775,.T.);
#14775 = EDGE_LOOP('',(#14776));
#14776 = ORIENTED_EDGE('',*,*,#14777,.F.);
#14777 = EDGE_CURVE('',#14778,#14778,#14780,.T.);
#14778 = VERTEX_POINT('',#14779);
#14779 = CARTESIAN_POINT('',(152.75,-107.5,1.51));
#14780 = CIRCLE('',#14781,2.25);
#14781 = AXIS2_PLACEMENT_3D('',#14782,#14783,#14784);
#14782 = CARTESIAN_POINT('',(150.5,-107.5,1.51));
#14783 = DIRECTION('',(0.,0.,1.));
#14784 = DIRECTION('',(1.,0.,-0.));
#14785 = PLANE('',#14786);
#14786 = AXIS2_PLACEMENT_3D('',#14787,#14788,#14789);
#14787 = CARTESIAN_POINT('',(0.,0.,1.51));
#14788 = DIRECTION('',(0.,0.,1.));
#14789 = DIRECTION('',(1.,0.,-0.));
#14790 = ADVANCED_FACE('',(#14791),#14802,.T.);
#14791 = FACE_BOUND('',#14792,.T.);
#14792 = EDGE_LOOP('',(#14793,#14799,#14800,#14801));
#14793 = ORIENTED_EDGE('',*,*,#14794,.T.);
#14794 = EDGE_CURVE('',#14017,#14407,#14795,.T.);
#14795 = LINE('',#14796,#14797);
#14796 = CARTESIAN_POINT('',(135.,-70.,0.));
#14797 = VECTOR('',#14798,1.);
#14798 = DIRECTION('',(0.,0.,1.));
#14799 = ORIENTED_EDGE('',*,*,#14406,.T.);
#14800 = ORIENTED_EDGE('',*,*,#13952,.F.);
#14801 = ORIENTED_EDGE('',*,*,#14016,.F.);
#14802 = PLANE('',#14803);
#14803 = AXIS2_PLACEMENT_3D('',#14804,#14805,#14806);
#14804 = CARTESIAN_POINT('',(135.,-70.,0.));
#14805 = DIRECTION('',(0.,1.,0.));
#14806 = DIRECTION('',(1.,0.,0.));
#14807 = ADVANCED_FACE('',(#14808),#14819,.T.);
#14808 = FACE_BOUND('',#14809,.T.);
#14809 = EDGE_LOOP('',(#14810,#14811,#14812,#14818));
#14810 = ORIENTED_EDGE('',*,*,#13992,.T.);
#14811 = ORIENTED_EDGE('',*,*,#14438,.T.);
#14812 = ORIENTED_EDGE('',*,*,#14813,.F.);
#14813 = EDGE_CURVE('',#14041,#14431,#14814,.T.);
#14814 = LINE('',#14815,#14816);
#14815 = CARTESIAN_POINT('',(135.,-145.,0.));
#14816 = VECTOR('',#14817,1.);
#14817 = DIRECTION('',(0.,0.,1.));
#14818 = ORIENTED_EDGE('',*,*,#14048,.F.);
#14819 = PLANE('',#14820);
#14820 = AXIS2_PLACEMENT_3D('',#14821,#14822,#14823);
#14821 = CARTESIAN_POINT('',(166.,-145.,0.));
#14822 = DIRECTION('',(0.,-1.,0.));
#14823 = DIRECTION('',(-1.,0.,0.));
#14824 = ADVANCED_FACE('',(#14825),#14836,.T.);
#14825 = FACE_BOUND('',#14826,.T.);
#14826 = EDGE_LOOP('',(#14827,#14833,#14834,#14835));
#14827 = ORIENTED_EDGE('',*,*,#14828,.T.);
#14828 = EDGE_CURVE('',#14025,#14415,#14829,.T.);
#14829 = LINE('',#14830,#14831);
#14830 = CARTESIAN_POINT('',(133.,-72.,0.));
#14831 = VECTOR('',#14832,1.);
#14832 = DIRECTION('',(0.,0.,1.));
#14833 = ORIENTED_EDGE('',*,*,#14414,.T.);
#14834 = ORIENTED_EDGE('',*,*,#14794,.F.);
#14835 = ORIENTED_EDGE('',*,*,#14024,.F.);
#14836 = PLANE('',#14837);
#14837 = AXIS2_PLACEMENT_3D('',#14838,#14839,#14840);
#14838 = CARTESIAN_POINT('',(133.,-72.,0.));
#14839 = DIRECTION('',(-0.707106781187,0.707106781187,0.));
#14840 = DIRECTION('',(0.707106781187,0.707106781187,0.));
#14841 = ADVANCED_FACE('',(#14842),#14853,.T.);
#14842 = FACE_BOUND('',#14843,.T.);
#14843 = EDGE_LOOP('',(#14844,#14845,#14846,#14852));
#14844 = ORIENTED_EDGE('',*,*,#14813,.T.);
#14845 = ORIENTED_EDGE('',*,*,#14430,.T.);
#14846 = ORIENTED_EDGE('',*,*,#14847,.F.);
#14847 = EDGE_CURVE('',#14033,#14423,#14848,.T.);
#14848 = LINE('',#14849,#14850);
#14849 = CARTESIAN_POINT('',(133.,-143.,0.));
#14850 = VECTOR('',#14851,1.);
#14851 = DIRECTION('',(0.,0.,1.));
#14852 = ORIENTED_EDGE('',*,*,#14040,.F.);
#14853 = PLANE('',#14854);
#14854 = AXIS2_PLACEMENT_3D('',#14855,#14856,#14857);
#14855 = CARTESIAN_POINT('',(135.,-145.,0.));
#14856 = DIRECTION('',(-0.707106781187,-0.707106781187,0.));
#14857 = DIRECTION('',(-0.707106781187,0.707106781187,0.));
#14858 = ADVANCED_FACE('',(#14859),#14865,.T.);
#14859 = FACE_BOUND('',#14860,.T.);
#14860 = EDGE_LOOP('',(#14861,#14862,#14863,#14864));
#14861 = ORIENTED_EDGE('',*,*,#14847,.T.);
#14862 = ORIENTED_EDGE('',*,*,#14422,.T.);
#14863 = ORIENTED_EDGE('',*,*,#14828,.F.);
#14864 = ORIENTED_EDGE('',*,*,#14032,.F.);
#14865 = PLANE('',#14866);
#14866 = AXIS2_PLACEMENT_3D('',#14867,#14868,#14869);
#14867 = CARTESIAN_POINT('',(133.,-143.,0.));
#14868 = DIRECTION('',(-1.,0.,0.));
#14869 = DIRECTION('',(0.,1.,0.));
#14870 = ADVANCED_FACE('',(#14871),#14882,.F.);
#14871 = FACE_BOUND('',#14872,.T.);
#14872 = EDGE_LOOP('',(#14873,#14874,#14880,#14881));
#14873 = ORIENTED_EDGE('',*,*,#14057,.T.);
#14874 = ORIENTED_EDGE('',*,*,#14875,.T.);
#14875 = EDGE_CURVE('',#14058,#14448,#14876,.T.);
#14876 = LINE('',#14877,#14878);
#14877 = CARTESIAN_POINT('',(136.17,-129.67,-4.6E-02));
#14878 = VECTOR('',#14879,1.);
#14879 = DIRECTION('',(0.,0.,1.));
#14880 = ORIENTED_EDGE('',*,*,#14447,.F.);
#14881 = ORIENTED_EDGE('',*,*,#14875,.F.);
#14882 = CYLINDRICAL_SURFACE('',#14883,0.55);
#14883 = AXIS2_PLACEMENT_3D('',#14884,#14885,#14886);
#14884 = CARTESIAN_POINT('',(136.17,-129.12,-4.6E-02));
#14885 = DIRECTION('',(-0.,-0.,-1.));
#14886 = DIRECTION('',(-5.167583532801E-14,-1.,0.));
#14887 = ADVANCED_FACE('',(#14888),#14899,.F.);
#14888 = FACE_BOUND('',#14889,.T.);
#14889 = EDGE_LOOP('',(#14890,#14891,#14897,#14898));
#14890 = ORIENTED_EDGE('',*,*,#14068,.T.);
#14891 = ORIENTED_EDGE('',*,*,#14892,.T.);
#14892 = EDGE_CURVE('',#14069,#14459,#14893,.T.);
#14893 = LINE('',#14894,#14895);
#14894 = CARTESIAN_POINT('',(136.17,-127.13,-4.6E-02));
#14895 = VECTOR('',#14896,1.);
#14896 = DIRECTION('',(0.,0.,1.));
#14897 = ORIENTED_EDGE('',*,*,#14458,.F.);
#14898 = ORIENTED_EDGE('',*,*,#14892,.F.);
#14899 = CYLINDRICAL_SURFACE('',#14900,0.55);
#14900 = AXIS2_PLACEMENT_3D('',#14901,#14902,#14903);
#14901 = CARTESIAN_POINT('',(136.17,-126.58,-4.6E-02));
#14902 = DIRECTION('',(-0.,-0.,-1.));
#14903 = DIRECTION('',(-5.167583532801E-14,-1.,0.));
#14904 = ADVANCED_FACE('',(#14905),#14916,.F.);
#14905 = FACE_BOUND('',#14906,.T.);
#14906 = EDGE_LOOP('',(#14907,#14908,#14914,#14915));
#14907 = ORIENTED_EDGE('',*,*,#14079,.T.);
#14908 = ORIENTED_EDGE('',*,*,#14909,.T.);
#14909 = EDGE_CURVE('',#14080,#14470,#14910,.T.);
#14910 = LINE('',#14911,#14912);
#14911 = CARTESIAN_POINT('',(138.71,-129.67,-4.6E-02));
#14912 = VECTOR('',#14913,1.);
#14913 = DIRECTION('',(0.,0.,1.));
#14914 = ORIENTED_EDGE('',*,*,#14469,.F.);
#14915 = ORIENTED_EDGE('',*,*,#14909,.F.);
#14916 = CYLINDRICAL_SURFACE('',#14917,0.55);
#14917 = AXIS2_PLACEMENT_3D('',#14918,#14919,#14920);
#14918 = CARTESIAN_POINT('',(138.71,-129.12,-4.6E-02));
#14919 = DIRECTION('',(-0.,0.,-1.));
#14920 = DIRECTION('',(5.1675835328E-14,-1.,-0.));
#14921 = ADVANCED_FACE('',(#14922),#14933,.F.);
#14922 = FACE_BOUND('',#14923,.T.);
#14923 = EDGE_LOOP('',(#14924,#14925,#14931,#14932));
#14924 = ORIENTED_EDGE('',*,*,#14090,.T.);
#14925 = ORIENTED_EDGE('',*,*,#14926,.T.);
#14926 = EDGE_CURVE('',#14091,#14481,#14927,.T.);
#14927 = LINE('',#14928,#14929);
#14928 = CARTESIAN_POINT('',(138.71,-127.13,-4.6E-02));
#14929 = VECTOR('',#14930,1.);
#14930 = DIRECTION('',(0.,0.,1.));
#14931 = ORIENTED_EDGE('',*,*,#14480,.F.);
#14932 = ORIENTED_EDGE('',*,*,#14926,.F.);
#14933 = CYLINDRICAL_SURFACE('',#14934,0.55);
#14934 = AXIS2_PLACEMENT_3D('',#14935,#14936,#14937);
#14935 = CARTESIAN_POINT('',(138.71,-126.58,-4.6E-02));
#14936 = DIRECTION('',(-0.,0.,-1.));
#14937 = DIRECTION('',(5.1675835328E-14,-1.,-0.));
#14938 = ADVANCED_FACE('',(#14939),#14950,.F.);
#14939 = FACE_BOUND('',#14940,.T.);
#14940 = EDGE_LOOP('',(#14941,#14942,#14948,#14949));
#14941 = ORIENTED_EDGE('',*,*,#14101,.T.);
#14942 = ORIENTED_EDGE('',*,*,#14943,.T.);
#14943 = EDGE_CURVE('',#14102,#14492,#14944,.T.);
#14944 = LINE('',#14945,#14946);
#14945 = CARTESIAN_POINT('',(136.17,-124.59,-4.6E-02));
#14946 = VECTOR('',#14947,1.);
#14947 = DIRECTION('',(0.,0.,1.));
#14948 = ORIENTED_EDGE('',*,*,#14491,.F.);
#14949 = ORIENTED_EDGE('',*,*,#14943,.F.);
#14950 = CYLINDRICAL_SURFACE('',#14951,0.55);
#14951 = AXIS2_PLACEMENT_3D('',#14952,#14953,#14954);
#14952 = CARTESIAN_POINT('',(136.17,-124.04,-4.6E-02));
#14953 = DIRECTION('',(-0.,-0.,-1.));
#14954 = DIRECTION('',(-5.167583532801E-14,-1.,0.));
#14955 = ADVANCED_FACE('',(#14956),#14967,.F.);
#14956 = FACE_BOUND('',#14957,.T.);
#14957 = EDGE_LOOP('',(#14958,#14959,#14965,#14966));
#14958 = ORIENTED_EDGE('',*,*,#14112,.T.);
#14959 = ORIENTED_EDGE('',*,*,#14960,.T.);
#14960 = EDGE_CURVE('',#14113,#14503,#14961,.T.);
#14961 = LINE('',#14962,#14963);
#14962 = CARTESIAN_POINT('',(136.17,-122.05,-4.6E-02));
#14963 = VECTOR('',#14964,1.);
#14964 = DIRECTION('',(0.,0.,1.));
#14965 = ORIENTED_EDGE('',*,*,#14502,.F.);
#14966 = ORIENTED_EDGE('',*,*,#14960,.F.);
#14967 = CYLINDRICAL_SURFACE('',#14968,0.55);
#14968 = AXIS2_PLACEMENT_3D('',#14969,#14970,#14971);
#14969 = CARTESIAN_POINT('',(136.17,-121.5,-4.6E-02));
#14970 = DIRECTION('',(-0.,-0.,-1.));
#14971 = DIRECTION('',(-5.167583532801E-14,-1.,0.));
#14972 = ADVANCED_FACE('',(#14973),#14984,.F.);
#14973 = FACE_BOUND('',#14974,.T.);
#14974 = EDGE_LOOP('',(#14975,#14976,#14982,#14983));
#14975 = ORIENTED_EDGE('',*,*,#14123,.T.);
#14976 = ORIENTED_EDGE('',*,*,#14977,.T.);
#14977 = EDGE_CURVE('',#14124,#14514,#14978,.T.);
#14978 = LINE('',#14979,#14980);
#14979 = CARTESIAN_POINT('',(136.17,-119.51,-4.6E-02));
#14980 = VECTOR('',#14981,1.);
#14981 = DIRECTION('',(0.,0.,1.));
#14982 = ORIENTED_EDGE('',*,*,#14513,.F.);
#14983 = ORIENTED_EDGE('',*,*,#14977,.F.);
#14984 = CYLINDRICAL_SURFACE('',#14985,0.55);
#14985 = AXIS2_PLACEMENT_3D('',#14986,#14987,#14988);
#14986 = CARTESIAN_POINT('',(136.17,-118.96,-4.6E-02));
#14987 = DIRECTION('',(-0.,-0.,-1.));
#14988 = DIRECTION('',(-5.167583532801E-14,-1.,0.));
#14989 = ADVANCED_FACE('',(#14990),#15001,.F.);
#14990 = FACE_BOUND('',#14991,.T.);
#14991 = EDGE_LOOP('',(#14992,#14993,#14999,#15000));
#14992 = ORIENTED_EDGE('',*,*,#14134,.T.);
#14993 = ORIENTED_EDGE('',*,*,#14994,.T.);
#14994 = EDGE_CURVE('',#14135,#14525,#14995,.T.);
#14995 = LINE('',#14996,#14997);
#14996 = CARTESIAN_POINT('',(138.71,-124.59,-4.6E-02));
#14997 = VECTOR('',#14998,1.);
#14998 = DIRECTION('',(0.,0.,1.));
#14999 = ORIENTED_EDGE('',*,*,#14524,.F.);
#15000 = ORIENTED_EDGE('',*,*,#14994,.F.);
#15001 = CYLINDRICAL_SURFACE('',#15002,0.55);
#15002 = AXIS2_PLACEMENT_3D('',#15003,#15004,#15005);
#15003 = CARTESIAN_POINT('',(138.71,-124.04,-4.6E-02));
#15004 = DIRECTION('',(-0.,0.,-1.));
#15005 = DIRECTION('',(5.1675835328E-14,-1.,-0.));
#15006 = ADVANCED_FACE('',(#15007),#15018,.F.);
#15007 = FACE_BOUND('',#15008,.T.);
#15008 = EDGE_LOOP('',(#15009,#15010,#15016,#15017));
#15009 = ORIENTED_EDGE('',*,*,#14145,.T.);
#15010 = ORIENTED_EDGE('',*,*,#15011,.T.);
#15011 = EDGE_CURVE('',#14146,#14536,#15012,.T.);
#15012 = LINE('',#15013,#15014);
#15013 = CARTESIAN_POINT('',(138.71,-122.05,-4.6E-02));
#15014 = VECTOR('',#15015,1.);
#15015 = DIRECTION('',(0.,0.,1.));
#15016 = ORIENTED_EDGE('',*,*,#14535,.F.);
#15017 = ORIENTED_EDGE('',*,*,#15011,.F.);
#15018 = CYLINDRICAL_SURFACE('',#15019,0.55);
#15019 = AXIS2_PLACEMENT_3D('',#15020,#15021,#15022);
#15020 = CARTESIAN_POINT('',(138.71,-121.5,-4.6E-02));
#15021 = DIRECTION('',(-0.,0.,-1.));
#15022 = DIRECTION('',(5.167583532801E-14,-1.,-0.));
#15023 = ADVANCED_FACE('',(#15024),#15035,.F.);
#15024 = FACE_BOUND('',#15025,.T.);
#15025 = EDGE_LOOP('',(#15026,#15027,#15033,#15034));
#15026 = ORIENTED_EDGE('',*,*,#14156,.T.);
#15027 = ORIENTED_EDGE('',*,*,#15028,.T.);
#15028 = EDGE_CURVE('',#14157,#14547,#15029,.T.);
#15029 = LINE('',#15030,#15031);
#15030 = CARTESIAN_POINT('',(138.71,-119.51,-4.6E-02));
#15031 = VECTOR('',#15032,1.);
#15032 = DIRECTION('',(0.,0.,1.));
#15033 = ORIENTED_EDGE('',*,*,#14546,.F.);
#15034 = ORIENTED_EDGE('',*,*,#15028,.F.);
#15035 = CYLINDRICAL_SURFACE('',#15036,0.55);
#15036 = AXIS2_PLACEMENT_3D('',#15037,#15038,#15039);
#15037 = CARTESIAN_POINT('',(138.71,-118.96,-4.6E-02));
#15038 = DIRECTION('',(-0.,0.,-1.));
#15039 = DIRECTION('',(5.1675835328E-14,-1.,-0.));
#15040 = ADVANCED_FACE('',(#15041),#15052,.F.);
#15041 = FACE_BOUND('',#15042,.T.);
#15042 = EDGE_LOOP('',(#15043,#15044,#15050,#15051));
#15043 = ORIENTED_EDGE('',*,*,#14167,.T.);
#15044 = ORIENTED_EDGE('',*,*,#15045,.T.);
#15045 = EDGE_CURVE('',#14168,#14558,#15046,.T.);
#15046 = LINE('',#15047,#15048);
#15047 = CARTESIAN_POINT('',(136.17,-109.3,-4.6E-02));
#15048 = VECTOR('',#15049,1.);
#15049 = DIRECTION('',(0.,0.,1.));
#15050 = ORIENTED_EDGE('',*,*,#14557,.F.);
#15051 = ORIENTED_EDGE('',*,*,#15045,.F.);
#15052 = CYLINDRICAL_SURFACE('',#15053,0.55);
#15053 = AXIS2_PLACEMENT_3D('',#15054,#15055,#15056);
#15054 = CARTESIAN_POINT('',(136.17,-108.75,-4.6E-02));
#15055 = DIRECTION('',(-0.,-0.,-1.));
#15056 = DIRECTION('',(-5.167583532801E-14,-1.,0.));
#15057 = ADVANCED_FACE('',(#15058),#15069,.F.);
#15058 = FACE_BOUND('',#15059,.T.);
#15059 = EDGE_LOOP('',(#15060,#15061,#15067,#15068));
#15060 = ORIENTED_EDGE('',*,*,#14178,.T.);
#15061 = ORIENTED_EDGE('',*,*,#15062,.T.);
#15062 = EDGE_CURVE('',#14179,#14569,#15063,.T.);
#15063 = LINE('',#15064,#15065);
#15064 = CARTESIAN_POINT('',(138.71,-109.3,-4.6E-02));
#15065 = VECTOR('',#15066,1.);
#15066 = DIRECTION('',(0.,0.,1.));
#15067 = ORIENTED_EDGE('',*,*,#14568,.F.);
#15068 = ORIENTED_EDGE('',*,*,#15062,.F.);
#15069 = CYLINDRICAL_SURFACE('',#15070,0.55);
#15070 = AXIS2_PLACEMENT_3D('',#15071,#15072,#15073);
#15071 = CARTESIAN_POINT('',(138.71,-108.75,-4.6E-02));
#15072 = DIRECTION('',(-0.,0.,-1.));
#15073 = DIRECTION('',(5.167583532801E-14,-1.,-0.));
#15074 = ADVANCED_FACE('',(#15075),#15086,.F.);
#15075 = FACE_BOUND('',#15076,.T.);
#15076 = EDGE_LOOP('',(#15077,#15078,#15084,#15085));
#15077 = ORIENTED_EDGE('',*,*,#14189,.T.);
#15078 = ORIENTED_EDGE('',*,*,#15079,.T.);
#15079 = EDGE_CURVE('',#14190,#14580,#15080,.T.);
#15080 = LINE('',#15081,#15082);
#15081 = CARTESIAN_POINT('',(136.17,-106.76,-4.6E-02));
#15082 = VECTOR('',#15083,1.);
#15083 = DIRECTION('',(0.,0.,1.));
#15084 = ORIENTED_EDGE('',*,*,#14579,.F.);
#15085 = ORIENTED_EDGE('',*,*,#15079,.F.);
#15086 = CYLINDRICAL_SURFACE('',#15087,0.55);
#15087 = AXIS2_PLACEMENT_3D('',#15088,#15089,#15090);
#15088 = CARTESIAN_POINT('',(136.17,-106.21,-4.6E-02));
#15089 = DIRECTION('',(-0.,-0.,-1.));
#15090 = DIRECTION('',(-5.167583532801E-14,-1.,0.));
#15091 = ADVANCED_FACE('',(#15092),#15103,.F.);
#15092 = FACE_BOUND('',#15093,.T.);
#15093 = EDGE_LOOP('',(#15094,#15095,#15101,#15102));
#15094 = ORIENTED_EDGE('',*,*,#14200,.T.);
#15095 = ORIENTED_EDGE('',*,*,#15096,.T.);
#15096 = EDGE_CURVE('',#14201,#14591,#15097,.T.);
#15097 = LINE('',#15098,#15099);
#15098 = CARTESIAN_POINT('',(136.17,-104.22,-4.6E-02));
#15099 = VECTOR('',#15100,1.);
#15100 = DIRECTION('',(0.,0.,1.));
#15101 = ORIENTED_EDGE('',*,*,#14590,.F.);
#15102 = ORIENTED_EDGE('',*,*,#15096,.F.);
#15103 = CYLINDRICAL_SURFACE('',#15104,0.55);
#15104 = AXIS2_PLACEMENT_3D('',#15105,#15106,#15107);
#15105 = CARTESIAN_POINT('',(136.17,-103.67,-4.6E-02));
#15106 = DIRECTION('',(-0.,-0.,-1.));
#15107 = DIRECTION('',(-5.167583532801E-14,-1.,0.));
#15108 = ADVANCED_FACE('',(#15109),#15120,.F.);
#15109 = FACE_BOUND('',#15110,.T.);
#15110 = EDGE_LOOP('',(#15111,#15112,#15118,#15119));
#15111 = ORIENTED_EDGE('',*,*,#14211,.T.);
#15112 = ORIENTED_EDGE('',*,*,#15113,.T.);
#15113 = EDGE_CURVE('',#14212,#14602,#15114,.T.);
#15114 = LINE('',#15115,#15116);
#15115 = CARTESIAN_POINT('',(138.71,-106.76,-4.6E-02));
#15116 = VECTOR('',#15117,1.);
#15117 = DIRECTION('',(0.,0.,1.));
#15118 = ORIENTED_EDGE('',*,*,#14601,.F.);
#15119 = ORIENTED_EDGE('',*,*,#15113,.F.);
#15120 = CYLINDRICAL_SURFACE('',#15121,0.55);
#15121 = AXIS2_PLACEMENT_3D('',#15122,#15123,#15124);
#15122 = CARTESIAN_POINT('',(138.71,-106.21,-4.6E-02));
#15123 = DIRECTION('',(-0.,0.,-1.));
#15124 = DIRECTION('',(5.1675835328E-14,-1.,-0.));
#15125 = ADVANCED_FACE('',(#15126),#15137,.F.);
#15126 = FACE_BOUND('',#15127,.T.);
#15127 = EDGE_LOOP('',(#15128,#15129,#15135,#15136));
#15128 = ORIENTED_EDGE('',*,*,#14222,.T.);
#15129 = ORIENTED_EDGE('',*,*,#15130,.T.);
#15130 = EDGE_CURVE('',#14223,#14613,#15131,.T.);
#15131 = LINE('',#15132,#15133);
#15132 = CARTESIAN_POINT('',(138.71,-104.22,-4.6E-02));
#15133 = VECTOR('',#15134,1.);
#15134 = DIRECTION('',(0.,0.,1.));
#15135 = ORIENTED_EDGE('',*,*,#14612,.F.);
#15136 = ORIENTED_EDGE('',*,*,#15130,.F.);
#15137 = CYLINDRICAL_SURFACE('',#15138,0.55);
#15138 = AXIS2_PLACEMENT_3D('',#15139,#15140,#15141);
#15139 = CARTESIAN_POINT('',(138.71,-103.67,-4.6E-02));
#15140 = DIRECTION('',(-0.,0.,-1.));
#15141 = DIRECTION('',(5.1675835328E-14,-1.,-0.));
#15142 = ADVANCED_FACE('',(#15143),#15154,.F.);
#15143 = FACE_BOUND('',#15144,.T.);
#15144 = EDGE_LOOP('',(#15145,#15146,#15152,#15153));
#15145 = ORIENTED_EDGE('',*,*,#14233,.T.);
#15146 = ORIENTED_EDGE('',*,*,#15147,.T.);
#15147 = EDGE_CURVE('',#14234,#14624,#15148,.T.);
#15148 = LINE('',#15149,#15150);
#15149 = CARTESIAN_POINT('',(136.17,-101.68,-4.6E-02));
#15150 = VECTOR('',#15151,1.);
#15151 = DIRECTION('',(0.,0.,1.));
#15152 = ORIENTED_EDGE('',*,*,#14623,.F.);
#15153 = ORIENTED_EDGE('',*,*,#15147,.F.);
#15154 = CYLINDRICAL_SURFACE('',#15155,0.55);
#15155 = AXIS2_PLACEMENT_3D('',#15156,#15157,#15158);
#15156 = CARTESIAN_POINT('',(136.17,-101.13,-4.6E-02));
#15157 = DIRECTION('',(-0.,-0.,-1.));
#15158 = DIRECTION('',(-5.167583532801E-14,-1.,0.));
#15159 = ADVANCED_FACE('',(#15160),#15171,.F.);
#15160 = FACE_BOUND('',#15161,.T.);
#15161 = EDGE_LOOP('',(#15162,#15163,#15169,#15170));
#15162 = ORIENTED_EDGE('',*,*,#14244,.T.);
#15163 = ORIENTED_EDGE('',*,*,#15164,.T.);
#15164 = EDGE_CURVE('',#14245,#14635,#15165,.T.);
#15165 = LINE('',#15166,#15167);
#15166 = CARTESIAN_POINT('',(136.17,-99.14,-4.6E-02));
#15167 = VECTOR('',#15168,1.);
#15168 = DIRECTION('',(0.,0.,1.));
#15169 = ORIENTED_EDGE('',*,*,#14634,.F.);
#15170 = ORIENTED_EDGE('',*,*,#15164,.F.);
#15171 = CYLINDRICAL_SURFACE('',#15172,0.55);
#15172 = AXIS2_PLACEMENT_3D('',#15173,#15174,#15175);
#15173 = CARTESIAN_POINT('',(136.17,-98.59,-4.6E-02));
#15174 = DIRECTION('',(-0.,-0.,-1.));
#15175 = DIRECTION('',(-5.167583532801E-14,-1.,0.));
#15176 = ADVANCED_FACE('',(#15177),#15188,.F.);
#15177 = FACE_BOUND('',#15178,.T.);
#15178 = EDGE_LOOP('',(#15179,#15180,#15186,#15187));
#15179 = ORIENTED_EDGE('',*,*,#14255,.T.);
#15180 = ORIENTED_EDGE('',*,*,#15181,.T.);
#15181 = EDGE_CURVE('',#14256,#14646,#15182,.T.);
#15182 = LINE('',#15183,#15184);
#15183 = CARTESIAN_POINT('',(138.71,-101.68,-4.6E-02));
#15184 = VECTOR('',#15185,1.);
#15185 = DIRECTION('',(0.,0.,1.));
#15186 = ORIENTED_EDGE('',*,*,#14645,.F.);
#15187 = ORIENTED_EDGE('',*,*,#15181,.F.);
#15188 = CYLINDRICAL_SURFACE('',#15189,0.55);
#15189 = AXIS2_PLACEMENT_3D('',#15190,#15191,#15192);
#15190 = CARTESIAN_POINT('',(138.71,-101.13,-4.6E-02));
#15191 = DIRECTION('',(-0.,0.,-1.));
#15192 = DIRECTION('',(5.1675835328E-14,-1.,-0.));
#15193 = ADVANCED_FACE('',(#15194),#15205,.F.);
#15194 = FACE_BOUND('',#15195,.T.);
#15195 = EDGE_LOOP('',(#15196,#15197,#15203,#15204));
#15196 = ORIENTED_EDGE('',*,*,#14266,.T.);
#15197 = ORIENTED_EDGE('',*,*,#15198,.T.);
#15198 = EDGE_CURVE('',#14267,#14657,#15199,.T.);
#15199 = LINE('',#15200,#15201);
#15200 = CARTESIAN_POINT('',(138.71,-99.14,-4.6E-02));
#15201 = VECTOR('',#15202,1.);
#15202 = DIRECTION('',(0.,0.,1.));
#15203 = ORIENTED_EDGE('',*,*,#14656,.F.);
#15204 = ORIENTED_EDGE('',*,*,#15198,.F.);
#15205 = CYLINDRICAL_SURFACE('',#15206,0.55);
#15206 = AXIS2_PLACEMENT_3D('',#15207,#15208,#15209);
#15207 = CARTESIAN_POINT('',(138.71,-98.59,-4.6E-02));
#15208 = DIRECTION('',(-0.,0.,-1.));
#15209 = DIRECTION('',(5.167583532801E-14,-1.,-0.));
#15210 = ADVANCED_FACE('',(#15211),#15222,.F.);
#15211 = FACE_BOUND('',#15212,.T.);
#15212 = EDGE_LOOP('',(#15213,#15214,#15220,#15221));
#15213 = ORIENTED_EDGE('',*,*,#14277,.T.);
#15214 = ORIENTED_EDGE('',*,*,#15215,.T.);
#15215 = EDGE_CURVE('',#14278,#14668,#15216,.T.);
#15216 = LINE('',#15217,#15218);
#15217 = CARTESIAN_POINT('',(136.17,-96.6,-4.6E-02));
#15218 = VECTOR('',#15219,1.);
#15219 = DIRECTION('',(0.,0.,1.));
#15220 = ORIENTED_EDGE('',*,*,#14667,.F.);
#15221 = ORIENTED_EDGE('',*,*,#15215,.F.);
#15222 = CYLINDRICAL_SURFACE('',#15223,0.55);
#15223 = AXIS2_PLACEMENT_3D('',#15224,#15225,#15226);
#15224 = CARTESIAN_POINT('',(136.17,-96.05,-4.6E-02));
#15225 = DIRECTION('',(-0.,-0.,-1.));
#15226 = DIRECTION('',(-5.167583532801E-14,-1.,0.));
#15227 = ADVANCED_FACE('',(#15228),#15239,.F.);
#15228 = FACE_BOUND('',#15229,.T.);
#15229 = EDGE_LOOP('',(#15230,#15231,#15237,#15238));
#15230 = ORIENTED_EDGE('',*,*,#14288,.T.);
#15231 = ORIENTED_EDGE('',*,*,#15232,.T.);
#15232 = EDGE_CURVE('',#14289,#14679,#15233,.T.);
#15233 = LINE('',#15234,#15235);
#15234 = CARTESIAN_POINT('',(136.17,-94.06,-4.6E-02));
#15235 = VECTOR('',#15236,1.);
#15236 = DIRECTION('',(0.,0.,1.));
#15237 = ORIENTED_EDGE('',*,*,#14678,.F.);
#15238 = ORIENTED_EDGE('',*,*,#15232,.F.);
#15239 = CYLINDRICAL_SURFACE('',#15240,0.55);
#15240 = AXIS2_PLACEMENT_3D('',#15241,#15242,#15243);
#15241 = CARTESIAN_POINT('',(136.17,-93.51,-4.6E-02));
#15242 = DIRECTION('',(-0.,-0.,-1.));
#15243 = DIRECTION('',(-5.167583532801E-14,-1.,0.));
#15244 = ADVANCED_FACE('',(#15245),#15256,.F.);
#15245 = FACE_BOUND('',#15246,.T.);
#15246 = EDGE_LOOP('',(#15247,#15248,#15254,#15255));
#15247 = ORIENTED_EDGE('',*,*,#14299,.T.);
#15248 = ORIENTED_EDGE('',*,*,#15249,.T.);
#15249 = EDGE_CURVE('',#14300,#14690,#15250,.T.);
#15250 = LINE('',#15251,#15252);
#15251 = CARTESIAN_POINT('',(136.17,-91.52,-4.6E-02));
#15252 = VECTOR('',#15253,1.);
#15253 = DIRECTION('',(0.,0.,1.));
#15254 = ORIENTED_EDGE('',*,*,#14689,.F.);
#15255 = ORIENTED_EDGE('',*,*,#15249,.F.);
#15256 = CYLINDRICAL_SURFACE('',#15257,0.55);
#15257 = AXIS2_PLACEMENT_3D('',#15258,#15259,#15260);
#15258 = CARTESIAN_POINT('',(136.17,-90.97,-4.6E-02));
#15259 = DIRECTION('',(-0.,-0.,-1.));
#15260 = DIRECTION('',(-5.167583532801E-14,-1.,0.));
#15261 = ADVANCED_FACE('',(#15262),#15273,.F.);
#15262 = FACE_BOUND('',#15263,.T.);
#15263 = EDGE_LOOP('',(#15264,#15265,#15271,#15272));
#15264 = ORIENTED_EDGE('',*,*,#14310,.T.);
#15265 = ORIENTED_EDGE('',*,*,#15266,.T.);
#15266 = EDGE_CURVE('',#14311,#14701,#15267,.T.);
#15267 = LINE('',#15268,#15269);
#15268 = CARTESIAN_POINT('',(138.71,-96.6,-4.6E-02));
#15269 = VECTOR('',#15270,1.);
#15270 = DIRECTION('',(0.,0.,1.));
#15271 = ORIENTED_EDGE('',*,*,#14700,.F.);
#15272 = ORIENTED_EDGE('',*,*,#15266,.F.);
#15273 = CYLINDRICAL_SURFACE('',#15274,0.55);
#15274 = AXIS2_PLACEMENT_3D('',#15275,#15276,#15277);
#15275 = CARTESIAN_POINT('',(138.71,-96.05,-4.6E-02));
#15276 = DIRECTION('',(-0.,0.,-1.));
#15277 = DIRECTION('',(5.1675835328E-14,-1.,-0.));
#15278 = ADVANCED_FACE('',(#15279),#15290,.F.);
#15279 = FACE_BOUND('',#15280,.T.);
#15280 = EDGE_LOOP('',(#15281,#15282,#15288,#15289));
#15281 = ORIENTED_EDGE('',*,*,#14321,.T.);
#15282 = ORIENTED_EDGE('',*,*,#15283,.T.);
#15283 = EDGE_CURVE('',#14322,#14712,#15284,.T.);
#15284 = LINE('',#15285,#15286);
#15285 = CARTESIAN_POINT('',(138.71,-94.06,-4.6E-02));
#15286 = VECTOR('',#15287,1.);
#15287 = DIRECTION('',(0.,0.,1.));
#15288 = ORIENTED_EDGE('',*,*,#14711,.F.);
#15289 = ORIENTED_EDGE('',*,*,#15283,.F.);
#15290 = CYLINDRICAL_SURFACE('',#15291,0.55);
#15291 = AXIS2_PLACEMENT_3D('',#15292,#15293,#15294);
#15292 = CARTESIAN_POINT('',(138.71,-93.51,-4.6E-02));
#15293 = DIRECTION('',(-0.,0.,-1.));
#15294 = DIRECTION('',(5.1675835328E-14,-1.,-0.));
#15295 = ADVANCED_FACE('',(#15296),#15307,.F.);
#15296 = FACE_BOUND('',#15297,.T.);
#15297 = EDGE_LOOP('',(#15298,#15299,#15305,#15306));
#15298 = ORIENTED_EDGE('',*,*,#14332,.T.);
#15299 = ORIENTED_EDGE('',*,*,#15300,.T.);
#15300 = EDGE_CURVE('',#14333,#14723,#15301,.T.);
#15301 = LINE('',#15302,#15303);
#15302 = CARTESIAN_POINT('',(138.71,-91.52,-4.6E-02));
#15303 = VECTOR('',#15304,1.);
#15304 = DIRECTION('',(0.,0.,1.));
#15305 = ORIENTED_EDGE('',*,*,#14722,.F.);
#15306 = ORIENTED_EDGE('',*,*,#15300,.F.);
#15307 = CYLINDRICAL_SURFACE('',#15308,0.55);
#15308 = AXIS2_PLACEMENT_3D('',#15309,#15310,#15311);
#15309 = CARTESIAN_POINT('',(138.71,-90.97,-4.6E-02));
#15310 = DIRECTION('',(-0.,0.,-1.));
#15311 = DIRECTION('',(5.167583532801E-14,-1.,-0.));
#15312 = ADVANCED_FACE('',(#15313),#15324,.F.);
#15313 = FACE_BOUND('',#15314,.T.);
#15314 = EDGE_LOOP('',(#15315,#15316,#15322,#15323));
#15315 = ORIENTED_EDGE('',*,*,#14343,.T.);
#15316 = ORIENTED_EDGE('',*,*,#15317,.T.);
#15317 = EDGE_CURVE('',#14344,#14734,#15318,.T.);
#15318 = LINE('',#15319,#15320);
#15319 = CARTESIAN_POINT('',(136.17,-88.98,-4.6E-02));
#15320 = VECTOR('',#15321,1.);
#15321 = DIRECTION('',(0.,0.,1.));
#15322 = ORIENTED_EDGE('',*,*,#14733,.F.);
#15323 = ORIENTED_EDGE('',*,*,#15317,.F.);
#15324 = CYLINDRICAL_SURFACE('',#15325,0.55);
#15325 = AXIS2_PLACEMENT_3D('',#15326,#15327,#15328);
#15326 = CARTESIAN_POINT('',(136.17,-88.43,-4.6E-02));
#15327 = DIRECTION('',(-0.,-0.,-1.));
#15328 = DIRECTION('',(-5.167583532801E-14,-1.,0.));
#15329 = ADVANCED_FACE('',(#15330),#15341,.F.);
#15330 = FACE_BOUND('',#15331,.T.);
#15331 = EDGE_LOOP('',(#15332,#15333,#15339,#15340));
#15332 = ORIENTED_EDGE('',*,*,#14354,.T.);
#15333 = ORIENTED_EDGE('',*,*,#15334,.T.);
#15334 = EDGE_CURVE('',#14355,#14745,#15335,.T.);
#15335 = LINE('',#15336,#15337);
#15336 = CARTESIAN_POINT('',(136.17,-86.44,-4.6E-02));
#15337 = VECTOR('',#15338,1.);
#15338 = DIRECTION('',(0.,0.,1.));
#15339 = ORIENTED_EDGE('',*,*,#14744,.F.);
#15340 = ORIENTED_EDGE('',*,*,#15334,.F.);
#15341 = CYLINDRICAL_SURFACE('',#15342,0.55);
#15342 = AXIS2_PLACEMENT_3D('',#15343,#15344,#15345);
#15343 = CARTESIAN_POINT('',(136.17,-85.89,-4.6E-02));
#15344 = DIRECTION('',(-0.,-0.,-1.));
#15345 = DIRECTION('',(-5.167583532801E-14,-1.,0.));
#15346 = ADVANCED_FACE('',(#15347),#15358,.F.);
#15347 = FACE_BOUND('',#15348,.T.);
#15348 = EDGE_LOOP('',(#15349,#15350,#15356,#15357));
#15349 = ORIENTED_EDGE('',*,*,#14365,.T.);
#15350 = ORIENTED_EDGE('',*,*,#15351,.T.);
#15351 = EDGE_CURVE('',#14366,#14756,#15352,.T.);
#15352 = LINE('',#15353,#15354);
#15353 = CARTESIAN_POINT('',(138.71,-88.98,-4.6E-02));
#15354 = VECTOR('',#15355,1.);
#15355 = DIRECTION('',(0.,0.,1.));
#15356 = ORIENTED_EDGE('',*,*,#14755,.F.);
#15357 = ORIENTED_EDGE('',*,*,#15351,.F.);
#15358 = CYLINDRICAL_SURFACE('',#15359,0.55);
#15359 = AXIS2_PLACEMENT_3D('',#15360,#15361,#15362);
#15360 = CARTESIAN_POINT('',(138.71,-88.43,-4.6E-02));
#15361 = DIRECTION('',(-0.,0.,-1.));
#15362 = DIRECTION('',(5.167583532801E-14,-1.,-0.));
#15363 = ADVANCED_FACE('',(#15364),#15375,.F.);
#15364 = FACE_BOUND('',#15365,.T.);
#15365 = EDGE_LOOP('',(#15366,#15367,#15373,#15374));
#15366 = ORIENTED_EDGE('',*,*,#14376,.T.);
#15367 = ORIENTED_EDGE('',*,*,#15368,.T.);
#15368 = EDGE_CURVE('',#14377,#14767,#15369,.T.);
#15369 = LINE('',#15370,#15371);
#15370 = CARTESIAN_POINT('',(138.71,-86.44,-4.6E-02));
#15371 = VECTOR('',#15372,1.);
#15372 = DIRECTION('',(0.,0.,1.));
#15373 = ORIENTED_EDGE('',*,*,#14766,.F.);
#15374 = ORIENTED_EDGE('',*,*,#15368,.F.);
#15375 = CYLINDRICAL_SURFACE('',#15376,0.55);
#15376 = AXIS2_PLACEMENT_3D('',#15377,#15378,#15379);
#15377 = CARTESIAN_POINT('',(138.71,-85.89,-4.6E-02));
#15378 = DIRECTION('',(-0.,0.,-1.));
#15379 = DIRECTION('',(5.1675835328E-14,-1.,-0.));
#15380 = ADVANCED_FACE('',(#15381),#15392,.F.);
#15381 = FACE_BOUND('',#15382,.T.);
#15382 = EDGE_LOOP('',(#15383,#15389,#15390,#15391));
#15383 = ORIENTED_EDGE('',*,*,#15384,.T.);
#15384 = EDGE_CURVE('',#14388,#14778,#15385,.T.);
#15385 = LINE('',#15386,#15387);
#15386 = CARTESIAN_POINT('',(152.75,-107.5,0.));
#15387 = VECTOR('',#15388,1.);
#15388 = DIRECTION('',(0.,0.,1.));
#15389 = ORIENTED_EDGE('',*,*,#14777,.T.);
#15390 = ORIENTED_EDGE('',*,*,#15384,.F.);
#15391 = ORIENTED_EDGE('',*,*,#14387,.F.);
#15392 = CYLINDRICAL_SURFACE('',#15393,2.25);
#15393 = AXIS2_PLACEMENT_3D('',#15394,#15395,#15396);
#15394 = CARTESIAN_POINT('',(150.5,-107.5,0.));
#15395 = DIRECTION('',(-0.,-0.,-1.));
#15396 = DIRECTION('',(1.,0.,-0.));
#15397 = ( GEOMETRIC_REPRESENTATION_CONTEXT(3) 
GLOBAL_UNCERTAINTY_ASSIGNED_CONTEXT((#15401)) 
GLOBAL_UNIT_ASSIGNED_CONTEXT((#15398,#15399,#15400)) 
REPRESENTATION_CONTEXT('Context #1',
  '3D Context with UNIT and UNCERTAINTY') );
#15398 = ( LENGTH_UNIT() NAMED_UNIT(*) SI_UNIT(.MILLI.,.METRE.) );
#15399 = ( NAMED_UNIT(*) PLANE_ANGLE_UNIT() SI_UNIT($,.RADIAN.) );
#15400 = ( NAMED_UNIT(*) SI_UNIT($,.STERADIAN.) SOLID_ANGLE_UNIT() );
#15401 = UNCERTAINTY_MEASURE_WITH_UNIT(LENGTH_MEASURE(1.E-07),#15398,
  'distance_accuracy_value','confusion accuracy');
#15402 = CONTEXT_DEPENDENT_SHAPE_REPRESENTATION(#15403,#15405);
#15403 = ( REPRESENTATION_RELATIONSHIP('','',#13905,#10) 
REPRESENTATION_RELATIONSHIP_WITH_TRANSFORMATION(#15404) 
SHAPE_REPRESENTATION_RELATIONSHIP() );
#15404 = ITEM_DEFINED_TRANSFORMATION('','',#11,#23);
#15405 = PRODUCT_DEFINITION_SHAPE('Placement','Placement of an item',
  #15406);
#15406 = NEXT_ASSEMBLY_USAGE_OCCURRENCE('30','=>[0:1:1:12]','',#5,#13900
  ,$);
#15407 = PRODUCT_RELATED_PRODUCT_CATEGORY('part',$,(#13902));
#15408 = MECHANICAL_DESIGN_GEOMETRIC_PRESENTATION_REPRESENTATION('',(
    #15409),#6218);
#15409 = STYLED_ITEM('color',(#15410),#5308);
#15410 = PRESENTATION_STYLE_ASSIGNMENT((#15411));
#15411 = SURFACE_STYLE_USAGE(.BOTH.,#15412);
#15412 = SURFACE_SIDE_STYLE('',(#15413));
#15413 = SURFACE_STYLE_FILL_AREA(#15414);
#15414 = FILL_AREA_STYLE('',(#15415));
#15415 = FILL_AREA_STYLE_COLOUR('',#15416);
#15416 = COLOUR_RGB('',0.101960784187,0.101960784187,0.101960784187);
#15417 = MECHANICAL_DESIGN_GEOMETRIC_PRESENTATION_REPRESENTATION('',(
    #15418,#15425,#15433),#12222);
#15418 = STYLED_ITEM('color',(#15419),#7068);
#15419 = PRESENTATION_STYLE_ASSIGNMENT((#15420));
#15420 = SURFACE_STYLE_USAGE(.BOTH.,#15421);
#15421 = SURFACE_SIDE_STYLE('',(#15422));
#15422 = SURFACE_STYLE_FILL_AREA(#15423);
#15423 = FILL_AREA_STYLE('',(#15424));
#15424 = FILL_AREA_STYLE_COLOUR('',#15416);
#15425 = STYLED_ITEM('color',(#15426),#10034);
#15426 = PRESENTATION_STYLE_ASSIGNMENT((#15427));
#15427 = SURFACE_STYLE_USAGE(.BOTH.,#15428);
#15428 = SURFACE_SIDE_STYLE('',(#15429));
#15429 = SURFACE_STYLE_FILL_AREA(#15430);
#15430 = FILL_AREA_STYLE('',(#15431));
#15431 = FILL_AREA_STYLE_COLOUR('',#15432);
#15432 = COLOUR_RGB('',0.968627457133,0.878431359152,0.599999994755);
#15433 = STYLED_ITEM('color',(#15434),#11128);
#15434 = PRESENTATION_STYLE_ASSIGNMENT((#15435));
#15435 = SURFACE_STYLE_USAGE(.BOTH.,#15436);
#15436 = SURFACE_SIDE_STYLE('',(#15437));
#15437 = SURFACE_STYLE_FILL_AREA(#15438);
#15438 = FILL_AREA_STYLE('',(#15439));
#15439 = FILL_AREA_STYLE_COLOUR('',#15432);
#15440 = MECHANICAL_DESIGN_GEOMETRIC_PRESENTATION_REPRESENTATION('',(
    #15441),#13151);
#15441 = STYLED_ITEM('color',(#15442),#12241);
#15442 = PRESENTATION_STYLE_ASSIGNMENT((#15443));
#15443 = SURFACE_STYLE_USAGE(.BOTH.,#15444);
#15444 = SURFACE_SIDE_STYLE('',(#15445));
#15445 = SURFACE_STYLE_FILL_AREA(#15446);
#15446 = FILL_AREA_STYLE('',(#15447));
#15447 = FILL_AREA_STYLE_COLOUR('',#15416);
#15448 = MECHANICAL_DESIGN_GEOMETRIC_PRESENTATION_REPRESENTATION('',(
    #15449),#6959);
#15449 = STYLED_ITEM('color',(#15450),#6287);
#15450 = PRESENTATION_STYLE_ASSIGNMENT((#15451));
#15451 = SURFACE_STYLE_USAGE(.BOTH.,#15452);
#15452 = SURFACE_SIDE_STYLE('',(#15453));
#15453 = SURFACE_STYLE_FILL_AREA(#15454);
#15454 = FILL_AREA_STYLE('',(#15455));
#15455 = FILL_AREA_STYLE_COLOUR('',#15416);
#15456 = MECHANICAL_DESIGN_GEOMETRIC_PRESENTATION_REPRESENTATION('',(
    #15457),#13857);
#15457 = STYLED_ITEM('color',(#15458),#13185);
#15458 = PRESENTATION_STYLE_ASSIGNMENT((#15459));
#15459 = SURFACE_STYLE_USAGE(.BOTH.,#15460);
#15460 = SURFACE_SIDE_STYLE('',(#15461));
#15461 = SURFACE_STYLE_FILL_AREA(#15462);
#15462 = FILL_AREA_STYLE('',(#15463));
#15463 = FILL_AREA_STYLE_COLOUR('',#15416);
#15464 = MECHANICAL_DESIGN_GEOMETRIC_PRESENTATION_REPRESENTATION('',(
    #15465,#15472,#15479),#5289);
#15465 = STYLED_ITEM('color',(#15466),#135);
#15466 = PRESENTATION_STYLE_ASSIGNMENT((#15467));
#15467 = SURFACE_STYLE_USAGE(.BOTH.,#15468);
#15468 = SURFACE_SIDE_STYLE('',(#15469));
#15469 = SURFACE_STYLE_FILL_AREA(#15470);
#15470 = FILL_AREA_STYLE('',(#15471));
#15471 = FILL_AREA_STYLE_COLOUR('',#15416);
#15472 = STYLED_ITEM('color',(#15473),#3101);
#15473 = PRESENTATION_STYLE_ASSIGNMENT((#15474));
#15474 = SURFACE_STYLE_USAGE(.BOTH.,#15475);
#15475 = SURFACE_SIDE_STYLE('',(#15476));
#15476 = SURFACE_STYLE_FILL_AREA(#15477);
#15477 = FILL_AREA_STYLE('',(#15478));
#15478 = FILL_AREA_STYLE_COLOUR('',#15432);
#15479 = STYLED_ITEM('color',(#15480),#4195);
#15480 = PRESENTATION_STYLE_ASSIGNMENT((#15481));
#15481 = SURFACE_STYLE_USAGE(.BOTH.,#15482);
#15482 = SURFACE_SIDE_STYLE('',(#15483));
#15483 = SURFACE_STYLE_FILL_AREA(#15484);
#15484 = FILL_AREA_STYLE('',(#15485));
#15485 = FILL_AREA_STYLE_COLOUR('',#15432);
#15486 = MECHANICAL_DESIGN_GEOMETRIC_PRESENTATION_REPRESENTATION('',(
    #15487),#15397);
#15487 = STYLED_ITEM('color',(#15488),#13906);
#15488 = PRESENTATION_STYLE_ASSIGNMENT((#15489));
#15489 = SURFACE_STYLE_USAGE(.BOTH.,#15490);
#15490 = SURFACE_SIDE_STYLE('',(#15491));
#15491 = SURFACE_STYLE_FILL_AREA(#15492);
#15492 = FILL_AREA_STYLE('',(#15493));
#15493 = FILL_AREA_STYLE_COLOUR('',#15494);
#15494 = COLOUR_RGB('',0.313304153717,0.484529207832,0.410020903123);
ENDSEC;
END-ISO-10303-21;
